trade_date,code,company_name,data_status,reason,latest_source_date,close,prior_20d_high,volume,prior_20d_avg_volume,volume_multiple,signal,source
2026-09-25,1301,極洋,VERIFIED,,2026-09-25,4715.0,4815.0,27100.0,33810.0,0.8015380065069506,False,https://query1.finance.yahoo.com/v8/finance/chart/1301.T?range=3mo&interval=1d&events=history&includeAdjustedClose=false
2026-09-25,1332,ニッスイ,VERIFIED,,2026-09-25,1158.0,1316.0,1820600.0,1767100.0,1.0302755927791296,False,https://query1.finance.yahoo.com/v8/finance/chart/1332.T?range=3mo&interval=1d&events=history&includeAdjustedClose=false
2026-09-25,1333,Ｕｍｉｏｓ,VERIFIED,,2026-09-25,1291.0,1320.0,471200.0,425960.0,1.106207155601465,False,https://query1.finance.yahoo.com/v8/finance/chart/1333.T?range=3mo&interval=1d&events=history&includeAdjustedClose=false
2026-09-25,1375,ユキグニファクトリー,VERIFIED,,2026-09-25,1177.0,1187.0,62900.0,36130.0,1.7409355106559645,False,https://query1.finance.yahoo.com/v8/finance/chart/1375.T?range=3mo&interval=1d&events=history&includeAdjustedClose=false
2026-09-25,1377,サカタのタネ,VERIFIED,,2026-09-25,4390.0,4520.0,93000.0,87765.0,1.059647923431892,False,https://query1.finance.yahoo.com/v8/finance/chart/1377.T?range=3mo&interval=1d&events=history&includeAdjustedClose=false
2026-09-25,1379,ホクト,VERIFIED,,2026-09-25,2125.0,2182.0,74900.0,87105.0,0.859881751908616,False,https://query1.finance.yahoo.com/v8/finance/chart/1379.T?range=3mo&interval=1d&events=history&includeAdjustedClose=false
2026-09-25,1414,ショーボンドホールディングス,VERIFIED,,2026-09-25,1265.5,1299.5,625700.0,1071050.0,0.5841930815554829,False,https://query1.finance.yahoo.com/v8/finance/chart/1414.T?range=3mo&interval=1d&events=history&includeAdjustedClose=false
2026-09-25,1417,ミライト・ワン,VERIFIED,,2026-09-25,3580.0,3698.0,226100.0,197450.0,1.1451000253228665,False,https://query1.finance.yahoo.com/v8/finance/chart/1417.T?range=3mo&interval=1d&events=history&includeAdjustedClose=false
2026-09-25,1419,タマホーム,VERIFIED,,2026-09-25,2915.0,3110.0,39700.0,167975.0,0.2363446941509153,False,https://query1.finance.yahoo.com/v8/finance/chart/1419.T?range=3mo&interval=1d&events=history&includeAdjustedClose=false
2026-09-25,1429,日本アクア,VERIFIED,,2026-09-25,808.0,818.0,54200.0,76780.0,0.7059129981766085,False,https://query1.finance.yahoo.com/v8/finance/chart/1429.T?range=3mo&interval=1d&events=history&includeAdjustedClose=false
2026-09-25,1433,ベステラ,VERIFIED,,2026-09-25,1207.0,1336.0,38500.0,94875.0,0.4057971014492754,False,https://query1.finance.yahoo.com/v8/finance/chart/1433.T?range=3mo&interval=1d&events=history&includeAdjustedClose=false
2026-09-25,1515,日鉄鉱業,VERIFIED,,2026-09-25,3245.0,4075.0,440400.0,790705.0,0.5569713104128594,False,https://query1.finance.yahoo.com/v8/finance/chart/1515.T?range=3mo&interval=1d&events=history&includeAdjustedClose=false
2026-09-25,1518,三井松島ホールディングス,VERIFIED,,2026-09-25,2300.0,2394.0,361600.0,333995.0,1.0826509378882918,False,https://query1.finance.yahoo.com/v8/finance/chart/1518.T?range=3mo&interval=1d&events=history&includeAdjustedClose=false
2026-09-25,1605,ＩＮＰＥＸ,VERIFIED,,2026-09-25,3857.0,4212.0,4263800.0,5354835.0,0.7962523588495257,False,https://query1.finance.yahoo.com/v8/finance/chart/1605.T?range=3mo&interval=1d&events=history&includeAdjustedClose=false
2026-09-25,1662,石油資源開発,VERIFIED,,2026-09-25,1883.0,2002.0,1077400.0,1370890.0,0.7859128011729606,False,https://query1.finance.yahoo.com/v8/finance/chart/1662.T?range=3mo&interval=1d&events=history&includeAdjustedClose=false
2026-09-25,1663,Ｋ＆Ｏエナジーグループ,VERIFIED,,2026-09-25,1918.0,2032.0,129300.0,206625.0,0.6257713248638839,False,https://query1.finance.yahoo.com/v8/finance/chart/1663.T?range=3mo&interval=1d&events=history&includeAdjustedClose=false
2026-09-25,166A,タスキホールディングス,VERIFIED,,2026-09-25,1096.0,1225.0,208400.0,302830.0,0.6881748835980583,False,https://query1.finance.yahoo.com/v8/finance/chart/166A.T?range=3mo&interval=1d&events=history&includeAdjustedClose=false
2026-09-25,167A,リョーサン菱洋ホールディングス,VERIFIED,,2026-09-25,3395.0,3340.0,249500.0,138530.0,1.801053923337905,False,https://query1.finance.yahoo.com/v8/finance/chart/167A.T?range=3mo&interval=1d&events=history&includeAdjustedClose=false
2026-09-25,1719,安藤・間,VERIFIED,,2026-09-25,1896.5,1960.5,814800.0,674505.0,1.207996975559855,False,https://query1.finance.yahoo.com/v8/finance/chart/1719.T?range=3mo&interval=1d&events=history&includeAdjustedClose=false
2026-09-25,1720,東急建設,VERIFIED,,2026-09-25,1221.0,1241.0,340600.0,283960.0,1.199464713339907,False,https://query1.finance.yahoo.com/v8/finance/chart/1720.T?range=3mo&interval=1d&events=history&includeAdjustedClose=false
2026-09-25,1721,コムシスホールディングス,VERIFIED,,2026-09-25,5593.0,5868.0,434800.0,500950.0,0.8679508933027248,False,https://query1.finance.yahoo.com/v8/finance/chart/1721.T?range=3mo&interval=1d&events=history&includeAdjustedClose=false
2026-09-25,1762,高松コンストラクショングループ,VERIFIED,,2026-09-25,4220.0,4320.0,39800.0,41640.0,0.9558117195004803,False,https://query1.finance.yahoo.com/v8/finance/chart/1762.T?range=3mo&interval=1d&events=history&includeAdjustedClose=false
2026-09-25,1766,東建コーポレーション,VERIFIED,,2026-09-25,13280.0,13920.0,30200.0,19090.0,1.5819800942902043,False,https://query1.finance.yahoo.com/v8/finance/chart/1766.T?range=3mo&interval=1d&events=history&includeAdjustedClose=false
2026-09-25,1780,ヤマウラ,VERIFIED,,2026-09-25,1477.0,1518.0,27600.0,26610.0,1.0372040586245772,False,https://query1.finance.yahoo.com/v8/finance/chart/1780.T?range=3mo&interval=1d&events=history&includeAdjustedClose=false
2026-09-25,1786,オリエンタル白石,VERIFIED,,2026-09-25,352.0,367.0,333000.0,455320.0,0.7313537731705174,False,https://query1.finance.yahoo.com/v8/finance/chart/1786.T?range=3mo&interval=1d&events=history&includeAdjustedClose=false
2026-09-25,1801,大成建設,VERIFIED,,2026-09-25,12435.0,13390.0,725100.0,769415.0,0.9424042941715459,False,https://query1.finance.yahoo.com/v8/finance/chart/1801.T?range=3mo&interval=1d&events=history&includeAdjustedClose=false
2026-09-25,1802,大林組,VERIFIED,,2026-09-25,3067.0,3144.0,2720700.0,2535920.0,1.0728650746080317,False,https://query1.finance.yahoo.com/v8/finance/chart/1802.T?range=3mo&interval=1d&events=history&includeAdjustedClose=false
2026-09-25,1803,清水建設,VERIFIED,,2026-09-25,2210.0,2538.0,16834900.0,3261075.0,5.162377436888143,False,https://query1.finance.yahoo.com/v8/finance/chart/1803.T?range=3mo&interval=1d&events=history&includeAdjustedClose=false
2026-09-25,1808,長谷工コーポレーション,VERIFIED,,2026-09-25,2731.5,2963.0,704900.0,872570.0,0.8078434967968185,False,https://query1.finance.yahoo.com/v8/finance/chart/1808.T?range=3mo&interval=1d&events=history&includeAdjustedClose=false
2026-09-25,1812,鹿島建設,VERIFIED,,2026-09-25,4909.0,5232.0,1861600.0,2024130.0,0.9197037739670871,False,https://query1.finance.yahoo.com/v8/finance/chart/1812.T?range=3mo&interval=1d&events=history&includeAdjustedClose=false
2026-09-25,1813,不動テトラ,VERIFIED,,2026-09-25,3020.0,3070.0,70800.0,64235.0,1.1022028489141433,False,https://query1.finance.yahoo.com/v8/finance/chart/1813.T?range=3mo&interval=1d&events=history&includeAdjustedClose=false
2026-09-25,1814,大末建設,VERIFIED,,2026-09-25,3680.0,3735.0,66700.0,60340.0,1.1054027179317203,False,https://query1.finance.yahoo.com/v8/finance/chart/1814.T?range=3mo&interval=1d&events=history&includeAdjustedClose=false
2026-09-25,1815,鉄建建設,VERIFIED,,2026-09-25,4565.0,4615.0,69500.0,76515.0,0.9083186303339215,False,https://query1.finance.yahoo.com/v8/finance/chart/1815.T?range=3mo&interval=1d&events=history&includeAdjustedClose=false
2026-09-25,1820,西松建設,VERIFIED,,2026-09-25,5659.0,5751.0,135900.0,122965.0,1.1051925344610254,False,https://query1.finance.yahoo.com/v8/finance/chart/1820.T?range=3mo&interval=1d&events=history&includeAdjustedClose=false
2026-09-25,1833,奥村組,VERIFIED,,2026-09-25,5750.0,5910.0,166100.0,140125.0,1.1853702051739519,False,https://query1.finance.yahoo.com/v8/finance/chart/1833.T?range=3mo&interval=1d&events=history&includeAdjustedClose=false
2026-09-25,1835,東鉄工業,VERIFIED,,2026-09-25,3925.0,4055.0,78200.0,67820.0,1.1530521969920378,False,https://query1.finance.yahoo.com/v8/finance/chart/1835.T?range=3mo&interval=1d&events=history&includeAdjustedClose=false
2026-09-25,1852,淺沼組,VERIFIED,,2026-09-25,901.0,944.0,318500.0,391180.0,0.8142031801216831,False,https://query1.finance.yahoo.com/v8/finance/chart/1852.T?range=3mo&interval=1d&events=history&includeAdjustedClose=false
2026-09-25,1860,戸田建設,VERIFIED,,2026-09-25,1491.0,1568.5,701000.0,773305.0,0.9064987294793129,False,https://query1.finance.yahoo.com/v8/finance/chart/1860.T?range=3mo&interval=1d&events=history&includeAdjustedClose=false
2026-09-25,1861,熊谷組,VERIFIED,,2026-09-25,1309.0,1332.0,701100.0,859780.0,0.8154411593663495,False,https://query1.finance.yahoo.com/v8/finance/chart/1861.T?range=3mo&interval=1d&events=history&includeAdjustedClose=false
2026-09-25,1870,矢作建設工業,VERIFIED,,2026-09-25,2188.0,2255.0,126300.0,130490.0,0.9678902597900222,False,https://query1.finance.yahoo.com/v8/finance/chart/1870.T?range=3mo&interval=1d&events=history&includeAdjustedClose=false
2026-09-25,1871,ピーエス・コンストラクション,VERIFIED,,2026-09-25,2206.0,2407.0,88900.0,94850.0,0.9372693726937269,False,https://query1.finance.yahoo.com/v8/finance/chart/1871.T?range=3mo&interval=1d&events=history&includeAdjustedClose=false
2026-09-25,1873,日本ハウスホールディングス,VERIFIED,,2026-09-25,312.0,333.0,95000.0,96380.0,0.98568167669641,False,https://query1.finance.yahoo.com/v8/finance/chart/1873.T?range=3mo&interval=1d&events=history&includeAdjustedClose=false
2026-09-25,1878,大東建託,VERIFIED,,2026-09-25,3300.0,3392.0,1369100.0,1439450.0,0.9511271666261419,False,https://query1.finance.yahoo.com/v8/finance/chart/1878.T?range=3mo&interval=1d&events=history&includeAdjustedClose=false
2026-09-25,1879,新日本建設,VERIFIED,,2026-09-25,2338.0,2390.0,259600.0,213920.0,1.2135377711293942,False,https://query1.finance.yahoo.com/v8/finance/chart/1879.T?range=3mo&interval=1d&events=history&includeAdjustedClose=false
2026-09-25,1882,東亜道路工業,VERIFIED,,2026-09-25,1620.0,1640.0,380500.0,361050.0,1.0538706550339287,False,https://query1.finance.yahoo.com/v8/finance/chart/1882.T?range=3mo&interval=1d&events=history&includeAdjustedClose=false
2026-09-25,1885,東亜建設工業,VERIFIED,,2026-09-25,2158.0,2222.0,340700.0,439030.0,0.7760289729631232,False,https://query1.finance.yahoo.com/v8/finance/chart/1885.T?range=3mo&interval=1d&events=history&includeAdjustedClose=false
2026-09-25,1887,日本国土開発,VERIFIED,,2026-09-25,545.0,557.0,337900.0,224500.0,1.5051224944320714,False,https://query1.finance.yahoo.com/v8/finance/chart/1887.T?range=3mo&interval=1d&events=history&includeAdjustedClose=false
2026-09-25,1888,若築建設,VERIFIED,,2026-09-25,3765.0,3950.0,12600.0,14940.0,0.8433734939759037,False,https://query1.finance.yahoo.com/v8/finance/chart/1888.T?range=3mo&interval=1d&events=history&includeAdjustedClose=false
2026-09-25,1893,五洋建設,VERIFIED,,2026-09-25,1518.5,1620.5,2508100.0,2094430.0,1.1975095849467396,False,https://query1.finance.yahoo.com/v8/finance/chart/1893.T?range=3mo&interval=1d&events=history&includeAdjustedClose=false
2026-09-25,1898,世紀東急工業,VERIFIED,,2026-09-25,1490.0,1517.0,232900.0,147345.0,1.5806440666463062,False,https://query1.finance.yahoo.com/v8/finance/chart/1898.T?range=3mo&interval=1d&events=history&includeAdjustedClose=false
2026-09-25,1899,福田組,VERIFIED,,2026-09-25,4805.0,5140.0,48700.0,61370.0,0.7935473358318397,False,https://query1.finance.yahoo.com/v8/finance/chart/1899.T?range=3mo&interval=1d&events=history&includeAdjustedClose=false
2026-09-25,1911,住友林業,VERIFIED,,2026-09-25,1220.5,1369.5,4425100.0,4243990.0,1.0426744643601893,False,https://query1.finance.yahoo.com/v8/finance/chart/1911.T?range=3mo&interval=1d&events=history&includeAdjustedClose=false
2026-09-25,1925,大和ハウス工業,VERIFIED,,2026-09-25,4551.0,4799.0,2333900.0,1867085.0,1.2500234322486656,False,https://query1.finance.yahoo.com/v8/finance/chart/1925.T?range=3mo&interval=1d&events=history&includeAdjustedClose=false
2026-09-25,1926,ライト工業,VERIFIED,,2026-09-25,3910.0,3970.0,102400.0,125960.0,0.8129564941251191,False,https://query1.finance.yahoo.com/v8/finance/chart/1926.T?range=3mo&interval=1d&events=history&includeAdjustedClose=false
2026-09-25,1928,積水ハウス,VERIFIED,,2026-09-25,3369.0,3528.0,2306300.0,2466360.0,0.935102742503122,False,https://query1.finance.yahoo.com/v8/finance/chart/1928.T?range=3mo&interval=1d&events=history&includeAdjustedClose=false
2026-09-25,1929,日特建設,VERIFIED,,2026-09-25,1238.0,1252.0,81000.0,89385.0,0.9061923141466689,False,https://query1.finance.yahoo.com/v8/finance/chart/1929.T?range=3mo&interval=1d&events=history&includeAdjustedClose=false
2026-09-25,1930,北陸電気工事,VERIFIED,,2026-09-25,1611.0,1639.0,41600.0,52445.0,0.7932119363142339,False,https://query1.finance.yahoo.com/v8/finance/chart/1930.T?range=3mo&interval=1d&events=history&includeAdjustedClose=false
2026-09-25,1934,ユアテック,VERIFIED,,2026-09-25,2625.0,2680.0,115400.0,133410.0,0.8650026234914924,False,https://query1.finance.yahoo.com/v8/finance/chart/1934.T?range=3mo&interval=1d&events=history&includeAdjustedClose=false
2026-09-25,1938,日本リーテック,VERIFIED,,2026-09-25,2637.0,2651.0,109100.0,75700.0,1.441215323645971,False,https://query1.finance.yahoo.com/v8/finance/chart/1938.T?range=3mo&interval=1d&events=history&includeAdjustedClose=false
2026-09-25,1939,四電工,VERIFIED,,2026-09-25,2348.0,2359.0,109800.0,103920.0,1.056581986143187,False,https://query1.finance.yahoo.com/v8/finance/chart/1939.T?range=3mo&interval=1d&events=history&includeAdjustedClose=false
2026-09-25,1941,中電工,VERIFIED,,2026-09-25,5220.0,5280.0,67900.0,78055.0,0.8698994298891807,False,https://query1.finance.yahoo.com/v8/finance/chart/1941.T?range=3mo&interval=1d&events=history&includeAdjustedClose=false
2026-09-25,1942,関電工,VERIFIED,,2026-09-25,5652.0,5844.0,1620900.0,755545.0,2.1453387951743443,False,https://query1.finance.yahoo.com/v8/finance/chart/1942.T?range=3mo&interval=1d&events=history&includeAdjustedClose=false
2026-09-25,1944,きんでん,VERIFIED,,2026-09-25,6995.0,7320.0,503400.0,594475.0,0.8467975945161698,False,https://query1.finance.yahoo.com/v8/finance/chart/1944.T?range=3mo&interval=1d&events=history&includeAdjustedClose=false
2026-09-25,1945,東京エネシス,VERIFIED,,2026-09-25,2145.0,2205.0,118100.0,154975.0,0.7620583965155671,False,https://query1.finance.yahoo.com/v8/finance/chart/1945.T?range=3mo&interval=1d&events=history&includeAdjustedClose=false
2026-09-25,1946,トーエネック,VERIFIED,,2026-09-25,2247.0,2315.0,121700.0,164340.0,0.740537909212608,False,https://query1.finance.yahoo.com/v8/finance/chart/1946.T?range=3mo&interval=1d&events=history&includeAdjustedClose=false
2026-09-25,1950,日本電設工業,VERIFIED,,2026-09-25,4100.0,4195.0,127300.0,94040.0,1.3536792854104636,False,https://query1.finance.yahoo.com/v8/finance/chart/1950.T?range=3mo&interval=1d&events=history&includeAdjustedClose=false
2026-09-25,1951,エクシオグループ,VERIFIED,,2026-09-25,2616.0,2702.5,535600.0,423050.0,1.2660442028129062,False,https://query1.finance.yahoo.com/v8/finance/chart/1951.T?range=3mo&interval=1d&events=history&includeAdjustedClose=false
2026-09-25,1952,新日本空調,VERIFIED,,2026-09-25,3230.0,3295.0,106100.0,134455.0,0.789111598676137,False,https://query1.finance.yahoo.com/v8/finance/chart/1952.T?range=3mo&interval=1d&events=history&includeAdjustedClose=false
2026-09-25,1959,クラフティア,VERIFIED,,2026-09-25,8113.0,8445.0,148800.0,159590.0,0.9323892474465819,False,https://query1.finance.yahoo.com/v8/finance/chart/1959.T?range=3mo&interval=1d&events=history&includeAdjustedClose=false
2026-09-25,1961,三機工業,VERIFIED,,2026-09-25,2570.0,2550.0,514200.0,447845.0,1.1481651017651195,False,https://query1.finance.yahoo.com/v8/finance/chart/1961.T?range=3mo&interval=1d&events=history&includeAdjustedClose=false
2026-09-25,1963,日揮ホールディングス,VERIFIED,,2026-09-25,2314.5,2463.5,1541600.0,1456675.0,1.058300581804452,False,https://query1.finance.yahoo.com/v8/finance/chart/1963.T?range=3mo&interval=1d&events=history&includeAdjustedClose=false
2026-09-25,1964,中外炉工業,VERIFIED,,2026-09-25,3935.0,4130.0,15700.0,20415.0,0.7690423708057801,False,https://query1.finance.yahoo.com/v8/finance/chart/1964.T?range=3mo&interval=1d&events=history&includeAdjustedClose=false
2026-09-25,1968,太平電業,VERIFIED,,2026-09-25,2525.0,2611.0,95400.0,130690.0,0.7299716887290535,False,https://query1.finance.yahoo.com/v8/finance/chart/1968.T?range=3mo&interval=1d&events=history&includeAdjustedClose=false
2026-09-25,1969,高砂熱学工業,VERIFIED,,2026-09-25,4723.0,4788.0,694300.0,488850.0,1.4202720670962463,False,https://query1.finance.yahoo.com/v8/finance/chart/1969.T?range=3mo&interval=1d&events=history&includeAdjustedClose=false
2026-09-25,1975,朝日工業社,VERIFIED,,2026-09-25,4005.0,4060.0,84700.0,67625.0,1.2524953789279112,False,https://query1.finance.yahoo.com/v8/finance/chart/1975.T?range=3mo&interval=1d&events=history&includeAdjustedClose=false
2026-09-25,1976,明星工業,VERIFIED,,2026-09-25,1720.0,1780.0,83200.0,81445.0,1.0215482841181165,False,https://query1.finance.yahoo.com/v8/finance/chart/1976.T?range=3mo&interval=1d&events=history&includeAdjustedClose=false
2026-09-25,1979,大氣社,VERIFIED,,2026-09-25,3825.0,4085.0,162000.0,218645.0,0.7409270735667406,False,https://query1.finance.yahoo.com/v8/finance/chart/1979.T?range=3mo&interval=1d&events=history&includeAdjustedClose=false
2026-09-25,1980,ダイダン,VERIFIED,,2026-09-25,2945.0,2986.0,480500.0,491900.0,0.9768245578369588,False,https://query1.finance.yahoo.com/v8/finance/chart/1980.T?range=3mo&interval=1d&events=history&includeAdjustedClose=false
2026-09-25,1982,日比谷総合設備,VERIFIED,,2026-09-25,3280.0,3270.0,74500.0,93865.0,0.7936930698343365,False,https://query1.finance.yahoo.com/v8/finance/chart/1982.T?range=3mo&interval=1d&events=history&includeAdjustedClose=false
2026-09-25,2001,ニップン,VERIFIED,,2026-09-25,2952.0,3055.0,145100.0,145210.0,0.9992424764134702,False,https://query1.finance.yahoo.com/v8/finance/chart/2001.T?range=3mo&interval=1d&events=history&includeAdjustedClose=false
2026-09-25,2002,日清製粉グループ本社,VERIFIED,,2026-09-25,2028.0,2104.0,874500.0,940995.0,0.9293354374890409,False,https://query1.finance.yahoo.com/v8/finance/chart/2002.T?range=3mo&interval=1d&events=history&includeAdjustedClose=false
2026-09-25,2004,昭和産業,VERIFIED,,2026-09-25,3965.0,3980.0,83700.0,55145.0,1.5178166651554992,False,https://query1.finance.yahoo.com/v8/finance/chart/2004.T?range=3mo&interval=1d&events=history&includeAdjustedClose=false
2026-09-25,2053,中部飼料,VERIFIED,,2026-09-25,2059.0,2093.0,197800.0,66870.0,2.9579781665918947,False,https://query1.finance.yahoo.com/v8/finance/chart/2053.T?range=3mo&interval=1d&events=history&includeAdjustedClose=false
2026-09-25,2060,フィード・ワン,VERIFIED,,2026-09-25,1489.0,1489.0,206200.0,102145.0,2.0186989084145086,False,https://query1.finance.yahoo.com/v8/finance/chart/2060.T?range=3mo&interval=1d&events=history&includeAdjustedClose=false
2026-09-25,2108,日本甜菜製糖,VERIFIED,,2026-09-25,5270.0,5940.0,28800.0,40240.0,0.7157057654075547,False,https://query1.finance.yahoo.com/v8/finance/chart/2108.T?range=3mo&interval=1d&events=history&includeAdjustedClose=false
2026-09-25,2109,ＤＭ三井製糖,VERIFIED,,2026-09-25,3900.0,3885.0,48100.0,55345.0,0.8690938657511971,False,https://query1.finance.yahoo.com/v8/finance/chart/2109.T?range=3mo&interval=1d&events=history&includeAdjustedClose=false
2026-09-25,2117,ウェルネオシュガー,VERIFIED,,2026-09-25,2880.0,2923.0,26500.0,22365.0,1.184887100380058,False,https://query1.finance.yahoo.com/v8/finance/chart/2117.T?range=3mo&interval=1d&events=history&includeAdjustedClose=false
2026-09-25,2120,ＬＩＦＵＬＬ,VERIFIED,,2026-09-25,239.0,242.0,1050500.0,929410.0,1.1302869562410562,False,https://query1.finance.yahoo.com/v8/finance/chart/2120.T?range=3mo&interval=1d&events=history&includeAdjustedClose=false
2026-09-25,2121,ＭＩＸＩ,VERIFIED,,2026-09-25,3830.0,3885.0,304700.0,374385.0,0.8138680769795799,False,https://query1.finance.yahoo.com/v8/finance/chart/2121.T?range=3mo&interval=1d&events=history&includeAdjustedClose=false
2026-09-25,2124,ジェイエイシーリクルートメント,VERIFIED,,2026-09-25,1029.0,1056.0,305800.0,476695.0,0.6415003303999413,False,https://query1.finance.yahoo.com/v8/finance/chart/2124.T?range=3mo&interval=1d&events=history&includeAdjustedClose=false
2026-09-25,2127,日本Ｍ＆Ａセンターホールディングス,VERIFIED,,2026-09-25,634.5,695.2000122070312,2859200.0,3882775.0,0.7363805525687169,False,https://query1.finance.yahoo.com/v8/finance/chart/2127.T?range=3mo&interval=1d&events=history&includeAdjustedClose=false
2026-09-25,212A,フィットイージー,VERIFIED,,2026-09-25,2781.0,3080.0,99700.0,158145.0,0.630434095292295,False,https://query1.finance.yahoo.com/v8/finance/chart/212A.T?range=3mo&interval=1d&events=history&includeAdjustedClose=false
2026-09-25,2130,メンバーズ,VERIFIED,,2026-09-25,914.0,959.0,23200.0,60425.0,0.3839470417873397,False,https://query1.finance.yahoo.com/v8/finance/chart/2130.T?range=3mo&interval=1d&events=history&includeAdjustedClose=false
2026-09-25,2146,ＵＴグループ,VERIFIED,,2026-09-25,240.0,243.0,4034900.0,4814125.0,0.8381377716615169,False,https://query1.finance.yahoo.com/v8/finance/chart/2146.T?range=3mo&interval=1d&events=history&includeAdjustedClose=false
2026-09-25,2148,アイティメディア,VERIFIED,,2026-09-25,1141.0,1268.0,53400.0,41030.0,1.301486717036315,False,https://query1.finance.yahoo.com/v8/finance/chart/2148.T?range=3mo&interval=1d&events=history&includeAdjustedClose=false
2026-09-25,2153,Ｅ・Ｊホールディングス,VERIFIED,,2026-09-25,1892.0,1908.0,88500.0,54115.0,1.6354060796452001,False,https://query1.finance.yahoo.com/v8/finance/chart/2153.T?range=3mo&interval=1d&events=history&includeAdjustedClose=false
2026-09-25,2154,オープンアップグループ,VERIFIED,,2026-09-25,2036.0,2083.0,122900.0,145905.0,0.8423289126486413,False,https://query1.finance.yahoo.com/v8/finance/chart/2154.T?range=3mo&interval=1d&events=history&includeAdjustedClose=false
2026-09-25,2157,コシダカホールディングス,VERIFIED,,2026-09-25,1007.0,1065.0,816000.0,1060950.0,0.769122013289976,False,https://query1.finance.yahoo.com/v8/finance/chart/2157.T?range=3mo&interval=1d&events=history&includeAdjustedClose=false
2026-09-25,2163,アルトナー,VERIFIED,,2026-09-25,949.0,984.0,20000.0,39630.0,0.5046681806712087,False,https://query1.finance.yahoo.com/v8/finance/chart/2163.T?range=3mo&interval=1d&events=history&includeAdjustedClose=false
2026-09-25,2168,パソナグループ,VERIFIED,,2026-09-25,1556.0,1762.0,120200.0,160985.0,0.746653414914433,False,https://query1.finance.yahoo.com/v8/finance/chart/2168.T?range=3mo&interval=1d&events=history&includeAdjustedClose=false
2026-09-25,2170,リンクアンドモチベーション,VERIFIED,,2026-09-25,675.0,749.0,226800.0,366220.0,0.6192998743924417,False,https://query1.finance.yahoo.com/v8/finance/chart/2170.T?range=3mo&interval=1d&events=history&includeAdjustedClose=false
2026-09-25,2175,エス・エム・エス,VERIFIED,,2026-09-25,2630.0,2709.0,283600.0,429720.0,0.659964628129945,False,https://query1.finance.yahoo.com/v8/finance/chart/2175.T?range=3mo&interval=1d&events=history&includeAdjustedClose=false
2026-09-25,2181,パーソルホールディングス,VERIFIED,,2026-09-25,293.79998779296875,304.29998779296875,9747800.0,10630045.0,0.9170045846466314,False,https://query1.finance.yahoo.com/v8/finance/chart/2181.T?range=3mo&interval=1d&events=history&includeAdjustedClose=false
2026-09-25,2198,アイ・ケイ・ケイホールディングス,VERIFIED,,2026-09-25,772.0,796.0,26400.0,24370.0,1.0832991382847763,False,https://query1.finance.yahoo.com/v8/finance/chart/2198.T?range=3mo&interval=1d&events=history&includeAdjustedClose=false
2026-09-25,2201,森永製菓,VERIFIED,,2026-09-25,2474.0,2629.0,242500.0,325890.0,0.7441161127987972,False,https://query1.finance.yahoo.com/v8/finance/chart/2201.T?range=3mo&interval=1d&events=history&includeAdjustedClose=false
2026-09-25,2206,江崎グリコ,VERIFIED,,2026-09-25,5050.0,5249.0,167700.0,169655.0,0.9884766143055024,False,https://query1.finance.yahoo.com/v8/finance/chart/2206.T?range=3mo&interval=1d&events=history&includeAdjustedClose=false
2026-09-25,2207,ｍｅｉｔｏ,VERIFIED,,2026-09-25,3475.0,3535.0,145000.0,50335.0,2.880699314592232,False,https://query1.finance.yahoo.com/v8/finance/chart/2207.T?range=3mo&interval=1d&events=history&includeAdjustedClose=false
2026-09-25,2209,井村屋グループ,VERIFIED,,2026-09-25,2356.0,2434.0,57500.0,22980.0,2.5021758050478677,False,https://query1.finance.yahoo.com/v8/finance/chart/2209.T?range=3mo&interval=1d&events=history&includeAdjustedClose=false
2026-09-25,2211,不二家,VERIFIED,,2026-09-25,2526.0,2530.0,33700.0,25755.0,1.3084837895554262,False,https://query1.finance.yahoo.com/v8/finance/chart/2211.T?range=3mo&interval=1d&events=history&includeAdjustedClose=false
2026-09-25,2212,山崎製パン,VERIFIED,,2026-09-25,3642.0,3963.0,618500.0,668870.0,0.9246938867044419,False,https://query1.finance.yahoo.com/v8/finance/chart/2212.T?range=3mo&interval=1d&events=history&includeAdjustedClose=false
2026-09-25,2217,モロゾフ,VERIFIED,,2026-09-25,1498.0,1526.0,25000.0,29745.0,0.8404773911581779,False,https://query1.finance.yahoo.com/v8/finance/chart/2217.T?range=3mo&interval=1d&events=history&includeAdjustedClose=false
2026-09-25,2220,亀田製菓,VERIFIED,,2026-09-25,1326.0,1430.0,196100.0,282085.0,0.6951805306911037,False,https://query1.finance.yahoo.com/v8/finance/chart/2220.T?range=3mo&interval=1d&events=history&includeAdjustedClose=false
2026-09-25,2222,寿スピリッツ,VERIFIED,,2026-09-25,2514.5,2787.0,1402400.0,649420.0,2.15946536909858,False,https://query1.finance.yahoo.com/v8/finance/chart/2222.T?range=3mo&interval=1d&events=history&includeAdjustedClose=false
2026-09-25,2229,カルビー,VERIFIED,,2026-09-25,3059.0,3126.0,287000.0,239845.0,1.1966061414663638,False,https://query1.finance.yahoo.com/v8/finance/chart/2229.T?range=3mo&interval=1d&events=history&includeAdjustedClose=false
2026-09-25,2264,森永乳業,VERIFIED,,2026-09-25,1129.5,1196.0,1914400.0,1827340.0,1.047643022097694,False,https://query1.finance.yahoo.com/v8/finance/chart/2264.T?range=3mo&interval=1d&events=history&includeAdjustedClose=false
2026-09-25,2266,六甲バター,VERIFIED,,2026-09-25,1114.0,1173.0,65100.0,102030.0,0.6380476330491032,False,https://query1.finance.yahoo.com/v8/finance/chart/2266.T?range=3mo&interval=1d&events=history&includeAdjustedClose=false
2026-09-25,2267,ヤクルト本社,VERIFIED,,2026-09-25,2809.5,2982.0,849300.0,1023735.0,0.8296092250435904,False,https://query1.finance.yahoo.com/v8/finance/chart/2267.T?range=3mo&interval=1d&events=history&includeAdjustedClose=false
2026-09-25,2269,明治ホールディングス,VERIFIED,,2026-09-25,4320.0,4608.0,1285300.0,1020195.0,1.2598571841657722,False,https://query1.finance.yahoo.com/v8/finance/chart/2269.T?range=3mo&interval=1d&events=history&includeAdjustedClose=false
2026-09-25,2270,雪印メグミルク,VERIFIED,,2026-09-25,3670.0,3855.0,103600.0,149575.0,0.6926291158281799,False,https://query1.finance.yahoo.com/v8/finance/chart/2270.T?range=3mo&interval=1d&events=history&includeAdjustedClose=false
2026-09-25,2281,プリマハム,VERIFIED,,2026-09-25,2415.0,2483.0,320300.0,175545.0,1.8246033780512119,False,https://query1.finance.yahoo.com/v8/finance/chart/2281.T?range=3mo&interval=1d&events=history&includeAdjustedClose=false
2026-09-25,2282,日本ハム,VERIFIED,,2026-09-25,6044.0,6506.0,415600.0,537130.0,0.7737419246737289,False,https://query1.finance.yahoo.com/v8/finance/chart/2282.T?range=3mo&interval=1d&events=history&includeAdjustedClose=false
2026-09-25,2288,丸大食品,VERIFIED,,2026-09-25,2286.0,2320.0,287200.0,140595.0,2.0427468971158294,False,https://query1.finance.yahoo.com/v8/finance/chart/2288.T?range=3mo&interval=1d&events=history&includeAdjustedClose=false
2026-09-25,2292,Ｓ　Ｆｏｏｄｓ,VERIFIED,,2026-09-25,2757.0,2983.0,131800.0,227220.0,0.5800545726608574,False,https://query1.finance.yahoo.com/v8/finance/chart/2292.T?range=3mo&interval=1d&events=history&includeAdjustedClose=false
2026-09-25,2294,柿安本店,VERIFIED,,2026-09-25,2500.0,2635.0,13700.0,19285.0,0.7103966813585688,False,https://query1.finance.yahoo.com/v8/finance/chart/2294.T?range=3mo&interval=1d&events=history&includeAdjustedClose=false
2026-09-25,2296,伊藤ハム米久ホールディングス,VERIFIED,,2026-09-25,5040.0,5190.0,107300.0,114840.0,0.9343434343434344,False,https://query1.finance.yahoo.com/v8/finance/chart/2296.T?range=3mo&interval=1d&events=history&includeAdjustedClose=false
2026-09-25,2301,学情,VERIFIED,,2026-09-25,1741.0,1803.0,100600.0,98390.0,1.0224616322797033,False,https://query1.finance.yahoo.com/v8/finance/chart/2301.T?range=3mo&interval=1d&events=history&includeAdjustedClose=false
2026-09-25,2307,クロスキャット,VERIFIED,,2026-09-25,1070.0,1095.0,74600.0,42320.0,1.7627599243856333,False,https://query1.finance.yahoo.com/v8/finance/chart/2307.T?range=3mo&interval=1d&events=history&includeAdjustedClose=false
2026-09-25,2317,システナ,VERIFIED,,2026-09-25,436.0,468.0,682900.0,938930.0,0.7273172653978465,False,https://query1.finance.yahoo.com/v8/finance/chart/2317.T?range=3mo&interval=1d&events=history&includeAdjustedClose=false
2026-09-25,2325,ＮＪＳ,VERIFIED,,2026-09-25,4635.0,5050.0,19200.0,23195.0,0.8277646044406122,False,https://query1.finance.yahoo.com/v8/finance/chart/2325.T?range=3mo&interval=1d&events=history&includeAdjustedClose=false
2026-09-25,2326,デジタルアーツ,VERIFIED,,2026-09-25,4895.0,5070.0,120100.0,121260.0,0.9904337786574303,False,https://query1.finance.yahoo.com/v8/finance/chart/2326.T?range=3mo&interval=1d&events=history&includeAdjustedClose=false
2026-09-25,2327,日鉄ソリューションズ,VERIFIED,,2026-09-25,3885.0,4100.0,262100.0,307815.0,0.8514854701687702,False,https://query1.finance.yahoo.com/v8/finance/chart/2327.T?range=3mo&interval=1d&events=history&includeAdjustedClose=false
2026-09-25,2331,ＡＬＳＯＫ,VERIFIED,,2026-09-25,1212.5,1271.0,1186000.0,1262745.0,0.9392236754055648,False,https://query1.finance.yahoo.com/v8/finance/chart/2331.T?range=3mo&interval=1d&events=history&includeAdjustedClose=false
2026-09-25,2335,キューブシステム,VERIFIED,,2026-09-25,1101.0,1118.0,66100.0,44350.0,1.4904171364148817,False,https://query1.finance.yahoo.com/v8/finance/chart/2335.T?range=3mo&interval=1d&events=history&includeAdjustedClose=false
2026-09-25,2337,いちご,VERIFIED,,2026-09-25,405.0,415.0,702200.0,879360.0,0.7985352983988355,False,https://query1.finance.yahoo.com/v8/finance/chart/2337.T?range=3mo&interval=1d&events=history&includeAdjustedClose=false
2026-09-25,2353,日本駐車場開発,VERIFIED,,2026-09-25,259.0,282.0,2298100.0,2000105.0,1.1489896780419029,False,https://query1.finance.yahoo.com/v8/finance/chart/2353.T?range=3mo&interval=1d&events=history&includeAdjustedClose=false
2026-09-25,2359,コア,VERIFIED,,2026-09-25,2118.0,2220.0,16900.0,17490.0,0.9662664379645511,False,https://query1.finance.yahoo.com/v8/finance/chart/2359.T?range=3mo&interval=1d&events=history&includeAdjustedClose=false
2026-09-25,2371,カカクコム,VERIFIED,,2026-09-25,3812.0,3869.0,374300.0,236855.0,1.5802917396719511,False,https://query1.finance.yahoo.com/v8/finance/chart/2371.T?range=3mo&interval=1d&events=history&includeAdjustedClose=false
2026-09-25,2378,ルネサンス,VERIFIED,,2026-09-25,1046.0,1078.0,64400.0,45150.0,1.426356589147287,False,https://query1.finance.yahoo.com/v8/finance/chart/2378.T?range=3mo&interval=1d&events=history&includeAdjustedClose=false
2026-09-25,2379,ディップ,VERIFIED,,2026-09-25,1823.0,1912.0,163900.0,292885.0,0.5596053058367618,False,https://query1.finance.yahoo.com/v8/finance/chart/2379.T?range=3mo&interval=1d&events=history&includeAdjustedClose=false
2026-09-25,2384,ＳＢＳホールディングス,VERIFIED,,2026-09-25,5390.0,5350.0,78900.0,74610.0,1.0574989947728186,False,https://query1.finance.yahoo.com/v8/finance/chart/2384.T?range=3mo&interval=1d&events=history&includeAdjustedClose=false
2026-09-25,2395,新日本科学,VERIFIED,,2026-09-25,1352.0,1418.0,124200.0,160755.0,0.7726042735840254,False,https://query1.finance.yahoo.com/v8/finance/chart/2395.T?range=3mo&interval=1d&events=history&includeAdjustedClose=false
2026-09-25,2410,キャリアデザインセンター,VERIFIED,,2026-09-25,2851.0,2979.0,69800.0,34620.0,2.0161756210283075,False,https://query1.finance.yahoo.com/v8/finance/chart/2410.T?range=3mo&interval=1d&events=history&includeAdjustedClose=false
2026-09-25,2413,エムスリー,VERIFIED,,2026-09-25,1767.5,1878.0,3600500.0,3506025.0,1.0269464707182636,False,https://query1.finance.yahoo.com/v8/finance/chart/2413.T?range=3mo&interval=1d&events=history&includeAdjustedClose=false
2026-09-25,2429,ワールドホールディングス,VERIFIED,,2026-09-25,2850.0,2948.0,39600.0,42385.0,0.9342927922614133,False,https://query1.finance.yahoo.com/v8/finance/chart/2429.T?range=3mo&interval=1d&events=history&includeAdjustedClose=false
2026-09-25,2432,ディー・エヌ・エー,VERIFIED,,2026-09-25,2545.5,2629.0,635200.0,1106015.0,0.5743140915810364,False,https://query1.finance.yahoo.com/v8/finance/chart/2432.T?range=3mo&interval=1d&events=history&includeAdjustedClose=false
2026-09-25,2433,博報堂ＤＹホールディングス,VERIFIED,,2026-09-25,1330.5,1397.0,820500.0,881650.0,0.9306414109907559,False,https://query1.finance.yahoo.com/v8/finance/chart/2433.T?range=3mo&interval=1d&events=history&includeAdjustedClose=false
2026-09-25,2461,ファンコミュニケーションズ,VERIFIED,,2026-09-25,395.0,400.0,139500.0,164390.0,0.8485917634892634,False,https://query1.finance.yahoo.com/v8/finance/chart/2461.T?range=3mo&interval=1d&events=history&includeAdjustedClose=false
2026-09-25,2462,ライク,VERIFIED,,2026-09-25,1523.0,1559.0,21100.0,20100.0,1.0497512437810945,False,https://query1.finance.yahoo.com/v8/finance/chart/2462.T?range=3mo&interval=1d&events=history&includeAdjustedClose=false
2026-09-25,2471,エスプール,VERIFIED,,2026-09-25,280.0,298.0,274200.0,265165.0,1.034073124281108,False,https://query1.finance.yahoo.com/v8/finance/chart/2471.T?range=3mo&interval=1d&events=history&includeAdjustedClose=false
2026-09-25,2475,ＷＤＢホールディングス,VERIFIED,,2026-09-25,1773.0,1874.0,21700.0,15060.0,1.4409030544488712,False,https://query1.finance.yahoo.com/v8/finance/chart/2475.T?range=3mo&interval=1d&events=history&includeAdjustedClose=false
2026-09-25,2491,バリューコマース,VERIFIED,,2026-09-25,464.0,506.0,72400.0,106595.0,0.6792063417608706,False,https://query1.finance.yahoo.com/v8/finance/chart/2491.T?range=3mo&interval=1d&events=history&includeAdjustedClose=false
2026-09-25,2492,インフォマート,VERIFIED,,2026-09-25,712.0,729.0,2698000.0,3511295.0,0.7683774789643137,False,https://query1.finance.yahoo.com/v8/finance/chart/2492.T?range=3mo&interval=1d&events=history&includeAdjustedClose=false
2026-09-25,2501,サッポロビール,VERIFIED,,2026-09-25,1820.0,1948.0,974500.0,1063275.0,0.9165079589005667,False,https://query1.finance.yahoo.com/v8/finance/chart/2501.T?range=3mo&interval=1d&events=history&includeAdjustedClose=false
2026-09-25,2502,アサヒグループホールディングス,VERIFIED,,2026-09-25,1614.0,1702.0,4475000.0,5956640.0,0.7512624566869913,False,https://query1.finance.yahoo.com/v8/finance/chart/2502.T?range=3mo&interval=1d&events=history&includeAdjustedClose=false
2026-09-25,2503,キリンホールディングス,VERIFIED,,2026-09-25,2867.5,3119.0,2746800.0,2823435.0,0.9728575299236568,False,https://query1.finance.yahoo.com/v8/finance/chart/2503.T?range=3mo&interval=1d&events=history&includeAdjustedClose=false
2026-09-25,2531,宝ホールディングス,VERIFIED,,2026-09-25,2672.0,2604.5,762100.0,545040.0,1.3982460002935564,False,https://query1.finance.yahoo.com/v8/finance/chart/2531.T?range=3mo&interval=1d&events=history&includeAdjustedClose=false
2026-09-25,2533,オエノンホールディングス,VERIFIED,,2026-09-25,486.0,488.0,150200.0,138475.0,1.0846723235241018,False,https://query1.finance.yahoo.com/v8/finance/chart/2533.T?range=3mo&interval=1d&events=history&includeAdjustedClose=false
2026-09-25,256A,飛島ホールディングス,VERIFIED,,2026-09-25,2326.0,2395.0,232800.0,263800.0,0.8824867323730099,False,https://query1.finance.yahoo.com/v8/finance/chart/256A.T?range=3mo&interval=1d&events=history&includeAdjustedClose=false
2026-09-25,2579,コカ・コーラ　ボトラーズジャパンホールディングス,VERIFIED,,2026-09-25,3831.0,4001.0,575500.0,689650.0,0.8344812586094396,False,https://query1.finance.yahoo.com/v8/finance/chart/2579.T?range=3mo&interval=1d&events=history&includeAdjustedClose=false
2026-09-25,2585,ライフドリンク　カンパニー,VERIFIED,,2026-09-25,1312.0,1673.0,413700.0,617265.0,0.6702145755874706,False,https://query1.finance.yahoo.com/v8/finance/chart/2585.T?range=3mo&interval=1d&events=history&includeAdjustedClose=false
2026-09-25,2587,サントリービバレッジ＆フード,VERIFIED,,2026-09-25,4542.0,4627.0,884400.0,958525.0,0.9226676403849665,False,https://query1.finance.yahoo.com/v8/finance/chart/2587.T?range=3mo&interval=1d&events=history&includeAdjustedClose=false
2026-09-25,2590,ダイドーグループホールディングス,VERIFIED,,2026-09-25,2952.0,3550.0,100000.0,120490.0,0.8299443937256203,False,https://query1.finance.yahoo.com/v8/finance/chart/2590.T?range=3mo&interval=1d&events=history&includeAdjustedClose=false
2026-09-25,2593,伊藤園,VERIFIED,,2026-09-25,3148.0,3402.0,304300.0,509075.0,0.5977508225703482,False,https://query1.finance.yahoo.com/v8/finance/chart/2593.T?range=3mo&interval=1d&events=history&includeAdjustedClose=false
2026-09-25,2594,キーコーヒー,VERIFIED,,2026-09-25,1988.0,2060.0,203600.0,76120.0,2.674724119810825,False,https://query1.finance.yahoo.com/v8/finance/chart/2594.T?range=3mo&interval=1d&events=history&includeAdjustedClose=false
2026-09-25,2602,日清オイリオグループ,VERIFIED,,2026-09-25,2089.0,2133.0,186000.0,257265.0,0.7229899131245991,False,https://query1.finance.yahoo.com/v8/finance/chart/2602.T?range=3mo&interval=1d&events=history&includeAdjustedClose=false
2026-09-25,2607,不二製油,VERIFIED,,2026-09-25,4480.0,4760.0,324600.0,268710.0,1.2079937479066651,False,https://query1.finance.yahoo.com/v8/finance/chart/2607.T?range=3mo&interval=1d&events=history&includeAdjustedClose=false
2026-09-25,2613,Ｊ－オイルミルズ,VERIFIED,,2026-09-25,2292.0,2349.0,47600.0,83340.0,0.5711543076553875,False,https://query1.finance.yahoo.com/v8/finance/chart/2613.T?range=3mo&interval=1d&events=history&includeAdjustedClose=false
2026-09-25,262A,インターメスティック,VERIFIED,,2026-09-25,1735.0,1871.0,140600.0,221185.0,0.6356669756086534,False,https://query1.finance.yahoo.com/v8/finance/chart/262A.T?range=3mo&interval=1d&events=history&includeAdjustedClose=false
2026-09-25,2659,サンエー,VERIFIED,,2026-09-25,3355.0,3450.0,162300.0,157890.0,1.0279308379251377,False,https://query1.finance.yahoo.com/v8/finance/chart/2659.T?range=3mo&interval=1d&events=history&includeAdjustedClose=false
2026-09-25,2664,カワチ薬品,VERIFIED,,2026-09-25,3730.0,3865.0,57000.0,78325.0,0.7277369932971592,False,https://query1.finance.yahoo.com/v8/finance/chart/2664.T?range=3mo&interval=1d&events=history&includeAdjustedClose=false
2026-09-25,2670,エービーシー・マート,VERIFIED,,2026-09-25,2735.0,2824.0,621300.0,563565.0,1.1024460355061085,False,https://query1.finance.yahoo.com/v8/finance/chart/2670.T?range=3mo&interval=1d&events=history&includeAdjustedClose=false
2026-09-25,2674,ハードオフコーポレーション,VERIFIED,,2026-09-25,2607.0,2763.0,26300.0,56515.0,0.4653631779173671,False,https://query1.finance.yahoo.com/v8/finance/chart/2674.T?range=3mo&interval=1d&events=history&includeAdjustedClose=false
2026-09-25,2676,高千穂交易,VERIFIED,,2026-09-25,2085.0,2105.0,25700.0,15890.0,1.617369414726243,False,https://query1.finance.yahoo.com/v8/finance/chart/2676.T?range=3mo&interval=1d&events=history&includeAdjustedClose=false
2026-09-25,2678,アスクル,VERIFIED,,2026-09-25,1240.0,1323.0,266700.0,384825.0,0.6930422919508867,False,https://query1.finance.yahoo.com/v8/finance/chart/2678.T?range=3mo&interval=1d&events=history&includeAdjustedClose=false
2026-09-25,2681,ゲオホールディングス,VERIFIED,,2026-09-25,2381.0,2484.0,161200.0,154525.0,1.04319689370652,False,https://query1.finance.yahoo.com/v8/finance/chart/2681.T?range=3mo&interval=1d&events=history&includeAdjustedClose=false
2026-09-25,2685,アンドエスティＨＤ,VERIFIED,,2026-09-25,3200.0,3575.0,199700.0,272860.0,0.7318771531188155,False,https://query1.finance.yahoo.com/v8/finance/chart/2685.T?range=3mo&interval=1d&events=history&includeAdjustedClose=false
2026-09-25,268A,リガク・ホールディングス,VERIFIED,,2026-09-25,1668.0,1746.0,1991200.0,2379305.0,0.8368830393749436,False,https://query1.finance.yahoo.com/v8/finance/chart/268A.T?range=3mo&interval=1d&events=history&includeAdjustedClose=false
2026-09-25,2695,くら寿司,VERIFIED,,2026-09-25,1682.0,1775.0,215100.0,512590.0,0.41963362531457893,False,https://query1.finance.yahoo.com/v8/finance/chart/2695.T?range=3mo&interval=1d&events=history&includeAdjustedClose=false
2026-09-25,2726,パルグループホールディングス,VERIFIED,,2026-09-25,1468.0,1585.0,617100.0,825065.0,0.7479410713095331,False,https://query1.finance.yahoo.com/v8/finance/chart/2726.T?range=3mo&interval=1d&events=history&includeAdjustedClose=false
2026-09-25,2730,エディオン,VERIFIED,,2026-09-25,2497.0,2583.0,335300.0,238950.0,1.403222431471019,False,https://query1.finance.yahoo.com/v8/finance/chart/2730.T?range=3mo&interval=1d&events=history&includeAdjustedClose=false
2026-09-25,2733,あらた,VERIFIED,,2026-09-25,2720.0,2753.0,268500.0,102065.0,2.63067652966247,False,https://query1.finance.yahoo.com/v8/finance/chart/2733.T?range=3mo&interval=1d&events=history&includeAdjustedClose=false
2026-09-25,2734,サーラコーポレーション,VERIFIED,,2026-09-25,1243.0,1260.0,131800.0,137565.0,0.958092538072911,False,https://query1.finance.yahoo.com/v8/finance/chart/2734.T?range=3mo&interval=1d&events=history&includeAdjustedClose=false
2026-09-25,2737,トーメンデバイス,VERIFIED,,2026-09-25,43700.0,40250.0,259600.0,124895.0,2.0785459786220426,False,https://query1.finance.yahoo.com/v8/finance/chart/2737.T?range=3mo&interval=1d&events=history&includeAdjustedClose=false
2026-09-25,2742,ハローズ,VERIFIED,,2026-09-25,3920.0,4125.0,40800.0,48775.0,0.8364941055868785,False,https://query1.finance.yahoo.com/v8/finance/chart/2742.T?range=3mo&interval=1d&events=history&includeAdjustedClose=false
2026-09-25,2749,ＪＰホールディングス,VERIFIED,,2026-09-25,667.0,690.0,661400.0,286350.0,2.3097607822594726,False,https://query1.finance.yahoo.com/v8/finance/chart/2749.T?range=3mo&interval=1d&events=history&includeAdjustedClose=false
2026-09-25,2752,フジオフードグループ本社,VERIFIED,,2026-09-25,1172.0,1168.0,81800.0,75225.0,1.0874044533067464,False,https://query1.finance.yahoo.com/v8/finance/chart/2752.T?range=3mo&interval=1d&events=history&includeAdjustedClose=false
2026-09-25,2753,あみやき亭,VERIFIED,,2026-09-25,1377.0,1417.0,43800.0,27710.0,1.5806568025983398,False,https://query1.finance.yahoo.com/v8/finance/chart/2753.T?range=3mo&interval=1d&events=history&includeAdjustedClose=false
2026-09-25,2760,東京エレクトロン　デバイス,VERIFIED,,2026-09-25,4610.0,4530.0,192200.0,125260.0,1.5344084304646335,False,https://query1.finance.yahoo.com/v8/finance/chart/2760.T?range=3mo&interval=1d&events=history&includeAdjustedClose=false
2026-09-25,2767,円谷フィールズホールディングス,VERIFIED,,2026-09-25,2615.0,2677.0,374200.0,456725.0,0.8193114018282336,False,https://query1.finance.yahoo.com/v8/finance/chart/2767.T?range=3mo&interval=1d&events=history&includeAdjustedClose=false
2026-09-25,2768,双日,VERIFIED,,2026-09-25,5756.0,5949.0,1170900.0,1203840.0,0.9726375598086124,False,https://query1.finance.yahoo.com/v8/finance/chart/2768.T?range=3mo&interval=1d&events=history&includeAdjustedClose=false
2026-09-25,277A,グロービング,VERIFIED,,2026-09-25,1872.0,2012.0,77900.0,129670.0,0.6007557646332999,False,https://query1.finance.yahoo.com/v8/finance/chart/277A.T?range=3mo&interval=1d&events=history&includeAdjustedClose=false
2026-09-25,2784,アルフレッサ　ホールディングス,VERIFIED,,2026-09-25,2387.5,2393.0,458100.0,429805.0,1.065832179709403,False,https://query1.finance.yahoo.com/v8/finance/chart/2784.T?range=3mo&interval=1d&events=history&includeAdjustedClose=false
2026-09-25,2791,大黒天物産,VERIFIED,,2026-09-25,4525.0,4850.0,32600.0,45310.0,0.7194879717501655,False,https://query1.finance.yahoo.com/v8/finance/chart/2791.T?range=3mo&interval=1d&events=history&includeAdjustedClose=false
2026-09-25,2792,ハニーズホールディングス,VERIFIED,,2026-09-25,1427.0,1474.0,63000.0,49215.0,1.2800975312404754,False,https://query1.finance.yahoo.com/v8/finance/chart/2792.T?range=3mo&interval=1d&events=history&includeAdjustedClose=false
2026-09-25,2801,キッコーマン,VERIFIED,,2026-09-25,1662.0,1863.0,2573800.0,3513165.0,0.7326157467696507,False,https://query1.finance.yahoo.com/v8/finance/chart/2801.T?range=3mo&interval=1d&events=history&includeAdjustedClose=false
2026-09-25,2802,味の素,VERIFIED,,2026-09-25,5051.0,5609.0,3000500.0,2720440.0,1.1029465821705313,False,https://query1.finance.yahoo.com/v8/finance/chart/2802.T?range=3mo&interval=1d&events=history&includeAdjustedClose=false
2026-09-25,2804,ブルドックソース,VERIFIED,,2026-09-25,1854.0,1890.0,16100.0,15690.0,1.0261312938177183,False,https://query1.finance.yahoo.com/v8/finance/chart/2804.T?range=3mo&interval=1d&events=history&includeAdjustedClose=false
2026-09-25,2809,キユーピー,VERIFIED,,2026-09-25,4432.0,4929.0,461400.0,350870.0,1.3150169578476358,False,https://query1.finance.yahoo.com/v8/finance/chart/2809.T?range=3mo&interval=1d&events=history&includeAdjustedClose=false
2026-09-25,2810,ハウス食品グループ本社,VERIFIED,,2026-09-25,4027.0,4037.0,241800.0,288705.0,0.837533122044994,False,https://query1.finance.yahoo.com/v8/finance/chart/2810.T?range=3mo&interval=1d&events=history&includeAdjustedClose=false
2026-09-25,2811,カゴメ,VERIFIED,,2026-09-25,2725.5,2793.0,239900.0,317930.0,0.754568615733023,False,https://query1.finance.yahoo.com/v8/finance/chart/2811.T?range=3mo&interval=1d&events=history&includeAdjustedClose=false
2026-09-25,2815,アリアケジャパン,VERIFIED,,2026-09-25,5250.0,5520.0,72300.0,83280.0,0.8681556195965417,False,https://query1.finance.yahoo.com/v8/finance/chart/2815.T?range=3mo&interval=1d&events=history&includeAdjustedClose=false
2026-09-25,285A,キオクシアホールディングス,VERIFIED,,2026-09-25,55780.0,61040.0,21757800.0,29866910.0,0.7284918326000246,False,https://query1.finance.yahoo.com/v8/finance/chart/285A.T?range=3mo&interval=1d&events=history&includeAdjustedClose=false
2026-09-25,2871,ニチレイ,VERIFIED,,2026-09-25,2219.5,2269.5,999600.0,1166995.0,0.8565589398412161,False,https://query1.finance.yahoo.com/v8/finance/chart/2871.T?range=3mo&interval=1d&events=history&includeAdjustedClose=false
2026-09-25,2874,横浜冷凍,VERIFIED,,2026-09-25,2167.0,2313.0,168000.0,144130.0,1.1656143759106363,False,https://query1.finance.yahoo.com/v8/finance/chart/2874.T?range=3mo&interval=1d&events=history&includeAdjustedClose=false
2026-09-25,2875,東洋水産,VERIFIED,,2026-09-25,9777.0,10890.0,402500.0,407810.0,0.9869792305240186,False,https://query1.finance.yahoo.com/v8/finance/chart/2875.T?range=3mo&interval=1d&events=history&includeAdjustedClose=false
2026-09-25,2882,イートアンドホールディングス,VERIFIED,,2026-09-25,2011.0,2069.0,15800.0,32860.0,0.4808277541083384,False,https://query1.finance.yahoo.com/v8/finance/chart/2882.T?range=3mo&interval=1d&events=history&includeAdjustedClose=false
2026-09-25,2884,ヨシムラ・フード・ホールディングス,VERIFIED,,2026-09-25,614.0,671.0,69900.0,71685.0,0.9750993931784893,False,https://query1.finance.yahoo.com/v8/finance/chart/2884.T?range=3mo&interval=1d&events=history&includeAdjustedClose=false
2026-09-25,2897,日清食品ホールディングス,VERIFIED,,2026-09-25,2939.0,3095.0,999500.0,1220220.0,0.8191145858943469,False,https://query1.finance.yahoo.com/v8/finance/chart/2897.T?range=3mo&interval=1d&events=history&includeAdjustedClose=false
2026-09-25,2908,フジッコ,VERIFIED,,2026-09-25,1647.0,1650.0,65100.0,39640.0,1.6422805247225025,False,https://query1.finance.yahoo.com/v8/finance/chart/2908.T?range=3mo&interval=1d&events=history&includeAdjustedClose=false
2026-09-25,2910,ロック・フィールド,VERIFIED,,2026-09-25,1406.0,1449.0,56400.0,47875.0,1.1780678851174935,False,https://query1.finance.yahoo.com/v8/finance/chart/2910.T?range=3mo&interval=1d&events=history&includeAdjustedClose=false
2026-09-25,2914,日本たばこ産業,VERIFIED,,2026-09-25,6943.0,7109.0,4213200.0,3306150.0,1.2743523433601016,False,https://query1.finance.yahoo.com/v8/finance/chart/2914.T?range=3mo&interval=1d&events=history&includeAdjustedClose=false
2026-09-25,2915,ケンコーマヨネーズ,VERIFIED,,2026-09-25,2030.0,2113.0,35000.0,29945.0,1.1688094840540992,False,https://query1.finance.yahoo.com/v8/finance/chart/2915.T?range=3mo&interval=1d&events=history&includeAdjustedClose=false
2026-09-25,2918,わらべや日洋ホールディングス,VERIFIED,,2026-09-25,2719.0,2894.0,65300.0,92165.0,0.7085119079911029,False,https://query1.finance.yahoo.com/v8/finance/chart/2918.T?range=3mo&interval=1d&events=history&includeAdjustedClose=false
2026-09-25,2922,なとり,VERIFIED,,2026-09-25,2007.0,2034.0,23700.0,14880.0,1.592741935483871,False,https://query1.finance.yahoo.com/v8/finance/chart/2922.T?range=3mo&interval=1d&events=history&includeAdjustedClose=false
2026-09-25,2929,ファーマフーズ,VERIFIED,,2026-09-25,718.0,755.0,329300.0,340560.0,0.9669368099600658,False,https://query1.finance.yahoo.com/v8/finance/chart/2929.T?range=3mo&interval=1d&events=history&includeAdjustedClose=false
2026-09-25,2930,北の達人コーポレーション,VERIFIED,,2026-09-25,132.0,136.0,230900.0,364700.0,0.6331231148889498,False,https://query1.finance.yahoo.com/v8/finance/chart/2930.T?range=3mo&interval=1d&events=history&includeAdjustedClose=false
2026-09-25,2931,ユーグレナ,VERIFIED,,2026-09-25,351.0,360.0,469400.0,553765.0,0.8476519823390789,False,https://query1.finance.yahoo.com/v8/finance/chart/2931.T?range=3mo&interval=1d&events=history&includeAdjustedClose=false
2026-09-25,2933,紀文食品,VERIFIED,,2026-09-25,1120.0,1144.0,126000.0,67090.0,1.8780742286480847,False,https://query1.finance.yahoo.com/v8/finance/chart/2933.T?range=3mo&interval=1d&events=history&includeAdjustedClose=false
2026-09-25,2935,ピックルスホールディングス,VERIFIED,,2026-09-25,1215.0,1219.0,29000.0,24930.0,1.1632571199358204,False,https://query1.finance.yahoo.com/v8/finance/chart/2935.T?range=3mo&interval=1d&events=history&includeAdjustedClose=false
2026-09-25,2975,スター・マイカ・ホールディングス,VERIFIED,,2026-09-25,1400.0,1623.0,316500.0,178330.0,1.7747995289631582,False,https://query1.finance.yahoo.com/v8/finance/chart/2975.T?range=3mo&interval=1d&events=history&includeAdjustedClose=false
2026-09-25,2980,ＳＲＥホールディングス,VERIFIED,,2026-09-25,2310.0,2573.0,123100.0,257215.0,0.478587951713547,False,https://query1.finance.yahoo.com/v8/finance/chart/2980.T?range=3mo&interval=1d&events=history&includeAdjustedClose=false
2026-09-25,2982,ＡＤワークスグループ,VERIFIED,,2026-09-25,429.0,444.0,154500.0,215450.0,0.7171037363657461,False,https://query1.finance.yahoo.com/v8/finance/chart/2982.T?range=3mo&interval=1d&events=history&includeAdjustedClose=false
2026-09-25,3002,グンゼ,VERIFIED,,2026-09-25,4125.0,4250.0,253300.0,167390.0,1.5132325706434075,False,https://query1.finance.yahoo.com/v8/finance/chart/3002.T?range=3mo&interval=1d&events=history&includeAdjustedClose=false
2026-09-25,3003,ヒューリック,VERIFIED,,2026-09-25,1734.0,1814.5,1615500.0,1865085.0,0.8661803617529495,False,https://query1.finance.yahoo.com/v8/finance/chart/3003.T?range=3mo&interval=1d&events=history&includeAdjustedClose=false
2026-09-25,3028,アルペン,VERIFIED,,2026-09-25,2336.0,2405.0,67900.0,73910.0,0.9186848870247598,False,https://query1.finance.yahoo.com/v8/finance/chart/3028.T?range=3mo&interval=1d&events=history&includeAdjustedClose=false
2026-09-25,3031,ラクーンホールディングス,VERIFIED,,2026-09-25,681.0,698.0,88700.0,100700.0,0.8808341608738828,False,https://query1.finance.yahoo.com/v8/finance/chart/3031.T?range=3mo&interval=1d&events=history&includeAdjustedClose=false
2026-09-25,3034,クオールホールディングス,VERIFIED,,2026-09-25,2448.0,2652.0,195300.0,113855.0,1.715339686443283,False,https://query1.finance.yahoo.com/v8/finance/chart/3034.T?range=3mo&interval=1d&events=history&includeAdjustedClose=false
2026-09-25,3036,アルコニックス,VERIFIED,,2026-09-25,3460.0,3610.0,111500.0,115125.0,0.9685124864277959,False,https://query1.finance.yahoo.com/v8/finance/chart/3036.T?range=3mo&interval=1d&events=history&includeAdjustedClose=false
2026-09-25,3038,神戸物産,VERIFIED,,2026-09-25,2946.5,3219.0,1878800.0,2355485.0,0.797627664790903,False,https://query1.finance.yahoo.com/v8/finance/chart/3038.T?range=3mo&interval=1d&events=history&includeAdjustedClose=false
2026-09-25,3040,ソリトンシステムズ,VERIFIED,,2026-09-25,2719.0,2677.0,187900.0,102290.0,1.8369342066673184,False,https://query1.finance.yahoo.com/v8/finance/chart/3040.T?range=3mo&interval=1d&events=history&includeAdjustedClose=false
2026-09-25,3046,ジンズホールディングス,VERIFIED,,2026-09-25,5810.0,6400.0,294600.0,286425.0,1.0285415030112595,False,https://query1.finance.yahoo.com/v8/finance/chart/3046.T?range=3mo&interval=1d&events=history&includeAdjustedClose=false
2026-09-25,3048,ビックカメラ,VERIFIED,,2026-09-25,1735.0,1826.0,623200.0,920490.0,0.6770307119034428,False,https://query1.finance.yahoo.com/v8/finance/chart/3048.T?range=3mo&interval=1d&events=history&includeAdjustedClose=false
2026-09-25,3050,ＤＣＭホールディングス,VERIFIED,,2026-09-25,1608.0,1636.0,307700.0,239750.0,1.283420229405631,False,https://query1.finance.yahoo.com/v8/finance/chart/3050.T?range=3mo&interval=1d&events=history&includeAdjustedClose=false
2026-09-25,3064,ＭｏｎｏｔａＲＯ,VERIFIED,,2026-09-25,1960.0,2027.0,1897700.0,1718870.0,1.104039281621065,False,https://query1.finance.yahoo.com/v8/finance/chart/3064.T?range=3mo&interval=1d&events=history&includeAdjustedClose=false
2026-09-25,3076,あい　ホールディングス,VERIFIED,,2026-09-25,3020.0,3040.0,116800.0,105240.0,1.1098441657164577,False,https://query1.finance.yahoo.com/v8/finance/chart/3076.T?range=3mo&interval=1d&events=history&includeAdjustedClose=false
2026-09-25,3086,Ｊ．フロント　リテイリング,VERIFIED,,2026-09-25,2708.5,3189.0,904800.0,1701425.0,0.531789529365091,False,https://query1.finance.yahoo.com/v8/finance/chart/3086.T?range=3mo&interval=1d&events=history&includeAdjustedClose=false
2026-09-25,3087,ドトール・日レスホールディングス,VERIFIED,,2026-09-25,3210.0,3455.0,94600.0,104975.0,0.9011669445105978,False,https://query1.finance.yahoo.com/v8/finance/chart/3087.T?range=3mo&interval=1d&events=history&includeAdjustedClose=false
2026-09-25,3088,マツキヨココカラ＆カンパニー,VERIFIED,,2026-09-25,2522.5,2660.5,1476200.0,1647220.0,0.8961765884338461,False,https://query1.finance.yahoo.com/v8/finance/chart/3088.T?range=3mo&interval=1d&events=history&includeAdjustedClose=false
2026-09-25,3091,ブロンコビリー,VERIFIED,,2026-09-25,2799.0,2931.0,61000.0,62295.0,0.9792118147523878,False,https://query1.finance.yahoo.com/v8/finance/chart/3091.T?range=3mo&interval=1d&events=history&includeAdjustedClose=false
2026-09-25,3092,ＺＯＺＯ,VERIFIED,,2026-09-25,1149.5,1182.5,2697200.0,2555990.0,1.0552466950183685,False,https://query1.finance.yahoo.com/v8/finance/chart/3092.T?range=3mo&interval=1d&events=history&includeAdjustedClose=false
2026-09-25,3093,トレジャー・ファクトリー,VERIFIED,,2026-09-25,1964.0,2179.0,128300.0,173985.0,0.73741989251947,False,https://query1.finance.yahoo.com/v8/finance/chart/3093.T?range=3mo&interval=1d&events=history&includeAdjustedClose=false
2026-09-25,3097,物語コーポレーション,VERIFIED,,2026-09-25,5220.0,6010.0,176800.0,160195.0,1.1036549205655608,False,https://query1.finance.yahoo.com/v8/finance/chart/3097.T?range=3mo&interval=1d&events=history&includeAdjustedClose=false
2026-09-25,3099,三越伊勢丹ホールディングス,VERIFIED,,2026-09-25,3343.0,3611.0,1321800.0,2274930.0,0.5810288668222758,False,https://query1.finance.yahoo.com/v8/finance/chart/3099.T?range=3mo&interval=1d&events=history&includeAdjustedClose=false
2026-09-25,3101,東洋紡,VERIFIED,,2026-09-25,1678.0,1805.0,400100.0,492315.0,0.8126910616170541,False,https://query1.finance.yahoo.com/v8/finance/chart/3101.T?range=3mo&interval=1d&events=history&includeAdjustedClose=false
2026-09-25,3104,富士紡ホールディングス,VERIFIED,,2026-09-25,3305.0,3545.0,101400.0,109970.0,0.9220696553605529,False,https://query1.finance.yahoo.com/v8/finance/chart/3104.T?range=3mo&interval=1d&events=history&includeAdjustedClose=false
2026-09-25,3105,日清紡ホールディングス,VERIFIED,,2026-09-25,2559.0,2537.5,856900.0,780075.0,1.0984841201166555,False,https://query1.finance.yahoo.com/v8/finance/chart/3105.T?range=3mo&interval=1d&events=history&includeAdjustedClose=false
2026-09-25,3106,倉敷紡績,VERIFIED,,2026-09-25,11690.0,11680.0,38500.0,28575.0,1.347331583552056,False,https://query1.finance.yahoo.com/v8/finance/chart/3106.T?range=3mo&interval=1d&events=history&includeAdjustedClose=false
2026-09-25,3107,ダイワボウホールディングス,VERIFIED,,2026-09-25,3765.0,3863.0,361400.0,326235.0,1.1077903964933253,False,https://query1.finance.yahoo.com/v8/finance/chart/3107.T?range=3mo&interval=1d&events=history&includeAdjustedClose=false
2026-09-25,3109,シキボウ,VERIFIED,,2026-09-25,1068.0,1100.0,51100.0,39375.0,1.2977777777777777,False,https://query1.finance.yahoo.com/v8/finance/chart/3109.T?range=3mo&interval=1d&events=history&includeAdjustedClose=false
2026-09-25,3110,日東紡績,VERIFIED,,2026-09-25,2980.0,3250.0,3500300.0,4771075.0,0.7336501731790005,False,https://query1.finance.yahoo.com/v8/finance/chart/3110.T?range=3mo&interval=1d&events=history&includeAdjustedClose=false
2026-09-25,3116,トヨタ紡織,VERIFIED,,2026-09-25,2238.0,2348.0,586000.0,558805.0,1.048666350515833,False,https://query1.finance.yahoo.com/v8/finance/chart/3116.T?range=3mo&interval=1d&events=history&includeAdjustedClose=false
2026-09-25,3132,マクニカホールディングス,VERIFIED,,2026-09-25,4287.0,4225.0,1174400.0,906045.0,1.2961828606746906,False,https://query1.finance.yahoo.com/v8/finance/chart/3132.T?range=3mo&interval=1d&events=history&includeAdjustedClose=false
2026-09-25,3139,ラクト・ジャパン,VERIFIED,,2026-09-25,3480.0,3490.0,28800.0,24050.0,1.1975051975051976,False,https://query1.finance.yahoo.com/v8/finance/chart/3139.T?range=3mo&interval=1d&events=history&includeAdjustedClose=false
2026-09-25,3148,クリエイトＳＤホールディングス,VERIFIED,,2026-09-25,3310.0,3460.0,78900.0,62940.0,1.2535748331744518,False,https://query1.finance.yahoo.com/v8/finance/chart/3148.T?range=3mo&interval=1d&events=history&includeAdjustedClose=false
2026-09-25,3150,グリムス,VERIFIED,,2026-09-25,2436.0,2558.0,29400.0,43395.0,0.6774974075354303,False,https://query1.finance.yahoo.com/v8/finance/chart/3150.T?range=3mo&interval=1d&events=history&includeAdjustedClose=false
2026-09-25,3151,バイタルケーエスケー・ホールディングス,VERIFIED,,2026-09-25,1613.0,1697.0,92700.0,74455.0,1.2450473440333087,False,https://query1.finance.yahoo.com/v8/finance/chart/3151.T?range=3mo&interval=1d&events=history&includeAdjustedClose=false
2026-09-25,3153,八洲電機,VERIFIED,,2026-09-25,3190.0,3300.0,136200.0,91645.0,1.4861694582355829,False,https://query1.finance.yahoo.com/v8/finance/chart/3153.T?range=3mo&interval=1d&events=history&includeAdjustedClose=false
2026-09-25,3154,メディアスホールディングス,VERIFIED,,2026-09-25,798.0,821.0,17300.0,19275.0,0.8975356679636836,False,https://query1.finance.yahoo.com/v8/finance/chart/3154.T?range=3mo&interval=1d&events=history&includeAdjustedClose=false
2026-09-25,3156,レスター,VERIFIED,,2026-09-25,6280.0,6160.0,135700.0,112645.0,1.2046695370411469,False,https://query1.finance.yahoo.com/v8/finance/chart/3156.T?range=3mo&interval=1d&events=history&includeAdjustedClose=false
2026-09-25,3167,ＴＯＫＡＩホールディングス,VERIFIED,,2026-09-25,1371.0,1417.0,908900.0,454775.0,1.9985707217854982,False,https://query1.finance.yahoo.com/v8/finance/chart/3167.T?range=3mo&interval=1d&events=history&includeAdjustedClose=false
2026-09-25,3176,三洋貿易,VERIFIED,,2026-09-25,1163.0,1227.0,476600.0,450495.0,1.0579473690052055,False,https://query1.finance.yahoo.com/v8/finance/chart/3176.T?range=3mo&interval=1d&events=history&includeAdjustedClose=false
2026-09-25,3179,シュッピン,VERIFIED,,2026-09-25,1308.0,1294.0,248900.0,97565.0,2.5511197663096397,True,https://query1.finance.yahoo.com/v8/finance/chart/3179.T?range=3mo&interval=1d&events=history&includeAdjustedClose=false
2026-09-25,3180,ビューティガレージ,VERIFIED,,2026-09-25,1633.0,1700.0,20300.0,51825.0,0.391702846116739,False,https://query1.finance.yahoo.com/v8/finance/chart/3180.T?range=3mo&interval=1d&events=history&includeAdjustedClose=false
2026-09-25,3182,オイシックス,VERIFIED,,2026-09-25,1618.0,1798.0,75500.0,84290.0,0.8957171669237157,False,https://query1.finance.yahoo.com/v8/finance/chart/3182.T?range=3mo&interval=1d&events=history&includeAdjustedClose=false
2026-09-25,3183,ウイン・パートナーズ,VERIFIED,,2026-09-25,1276.0,1294.0,20800.0,18285.0,1.137544435329505,False,https://query1.finance.yahoo.com/v8/finance/chart/3183.T?range=3mo&interval=1d&events=history&includeAdjustedClose=false
2026-09-25,3186,ネクステージ,VERIFIED,,2026-09-25,2903.0,3420.0,591900.0,483540.0,1.2240972825412582,False,https://query1.finance.yahoo.com/v8/finance/chart/3186.T?range=3mo&interval=1d&events=history&includeAdjustedClose=false
2026-09-25,3191,ジョイフル本田,VERIFIED,,2026-09-25,2300.0,2307.0,168800.0,134815.0,1.2520861921892965,False,https://query1.finance.yahoo.com/v8/finance/chart/3191.T?range=3mo&interval=1d&events=history&includeAdjustedClose=false
2026-09-25,3193,エターナルホスピタリティグループ,VERIFIED,,2026-09-25,1290.0,1471.0,157500.0,176460.0,0.8925535532131927,False,https://query1.finance.yahoo.com/v8/finance/chart/3193.T?range=3mo&interval=1d&events=history&includeAdjustedClose=false
2026-09-25,3196,ホットランドホールディングス,VERIFIED,,2026-09-25,1647.0,1680.0,46100.0,69745.0,0.6609792816689368,False,https://query1.finance.yahoo.com/v8/finance/chart/3196.T?range=3mo&interval=1d&events=history&includeAdjustedClose=false
2026-09-25,3197,すかいらーくホールディングス,VERIFIED,,2026-09-25,3171.0,3434.0,755600.0,918055.0,0.8230443709799522,False,https://query1.finance.yahoo.com/v8/finance/chart/3197.T?range=3mo&interval=1d&events=history&includeAdjustedClose=false
2026-09-25,3199,綿半ホールディングス,VERIFIED,,2026-09-25,1304.0,1359.0,64700.0,35185.0,1.8388517834304392,False,https://query1.finance.yahoo.com/v8/finance/chart/3199.T?range=3mo&interval=1d&events=history&includeAdjustedClose=false
2026-09-25,3201,日本毛織,VERIFIED,,2026-09-25,2002.0,2025.0,61200.0,66950.0,0.9141150112023898,False,https://query1.finance.yahoo.com/v8/finance/chart/3201.T?range=3mo&interval=1d&events=history&includeAdjustedClose=false
2026-09-25,3221,ヨシックスホールディングス,VERIFIED,,2026-09-25,3130.0,3405.0,63100.0,29550.0,2.1353637901861253,False,https://query1.finance.yahoo.com/v8/finance/chart/3221.T?range=3mo&interval=1d&events=history&includeAdjustedClose=false
2026-09-25,3231,野村不動産ホールディングス,VERIFIED,,2026-09-25,908.0,948.2999877929688,4432000.0,3699550.0,1.197983538538471,False,https://query1.finance.yahoo.com/v8/finance/chart/3231.T?range=3mo&interval=1d&events=history&includeAdjustedClose=false
2026-09-25,3232,三重交通グループホールディングス,VERIFIED,,2026-09-25,600.0,633.0,558700.0,336725.0,1.659217462320885,False,https://query1.finance.yahoo.com/v8/finance/chart/3232.T?range=3mo&interval=1d&events=history&includeAdjustedClose=false
2026-09-25,3245,ディア・ライフ,VERIFIED,,2026-09-25,1021.0,1170.0,2009000.0,353885.0,5.676985461378696,False,https://query1.finance.yahoo.com/v8/finance/chart/3245.T?range=3mo&interval=1d&events=history&includeAdjustedClose=false
2026-09-25,3252,地主,VERIFIED,,2026-09-25,2790.0,3010.0,93700.0,132315.0,0.7081585610097116,False,https://query1.finance.yahoo.com/v8/finance/chart/3252.T?range=3mo&interval=1d&events=history&includeAdjustedClose=false
2026-09-25,3276,ＪＰＭＣ,VERIFIED,,2026-09-25,2265.0,2347.0,56100.0,223620.0,0.25087201502548967,False,https://query1.finance.yahoo.com/v8/finance/chart/3276.T?range=3mo&interval=1d&events=history&includeAdjustedClose=false
2026-09-25,3284,フージャースホールディングス,VERIFIED,,2026-09-25,1297.0,1347.0,252200.0,233350.0,1.0807799442896935,False,https://query1.finance.yahoo.com/v8/finance/chart/3284.T?range=3mo&interval=1d&events=history&includeAdjustedClose=false
2026-09-25,3288,オープンハウスグループ,VERIFIED,,2026-09-25,7659.0,8118.0,211300.0,298710.0,0.7073750460312678,False,https://query1.finance.yahoo.com/v8/finance/chart/3288.T?range=3mo&interval=1d&events=history&includeAdjustedClose=false
2026-09-25,3289,東急不動産ホールディングス,VERIFIED,,2026-09-25,1283.5,1362.5,2543900.0,2488925.0,1.0220878491718313,False,https://query1.finance.yahoo.com/v8/finance/chart/3289.T?range=3mo&interval=1d&events=history&includeAdjustedClose=false
2026-09-25,3291,飯田グループホールディングス,VERIFIED,,2026-09-25,2266.0,2402.0,547400.0,515930.0,1.0609966468319345,False,https://query1.finance.yahoo.com/v8/finance/chart/3291.T?range=3mo&interval=1d&events=history&includeAdjustedClose=false
2026-09-25,3302,帝国繊維,VERIFIED,,2026-09-25,3120.0,3440.0,37800.0,51670.0,0.7315657054383589,False,https://query1.finance.yahoo.com/v8/finance/chart/3302.T?range=3mo&interval=1d&events=history&includeAdjustedClose=false
2026-09-25,3315,日本コークス工業,VERIFIED,,2026-09-25,98.0,106.0,3651700.0,7340835.0,0.49745022194341654,False,https://query1.finance.yahoo.com/v8/finance/chart/3315.T?range=3mo&interval=1d&events=history&includeAdjustedClose=false
2026-09-25,3333,あさひ,VERIFIED,,2026-09-25,1288.0,1379.0,610000.0,87910.0,6.938914799226482,False,https://query1.finance.yahoo.com/v8/finance/chart/3333.T?range=3mo&interval=1d&events=history&includeAdjustedClose=false
2026-09-25,3349,コスモス薬品,VERIFIED,,2026-09-25,6293.0,6981.0,478600.0,466065.0,1.0268953901279865,False,https://query1.finance.yahoo.com/v8/finance/chart/3349.T?range=3mo&interval=1d&events=history&includeAdjustedClose=false
2026-09-25,3360,シップヘルスケアホールディングス,VERIFIED,,2026-09-25,2475.0,2500.0,277600.0,260855.0,1.0641927507619175,False,https://query1.finance.yahoo.com/v8/finance/chart/3360.T?range=3mo&interval=1d&events=history&includeAdjustedClose=false
2026-09-25,3371,ソフトクリエイトホールディングス,VERIFIED,,2026-09-25,2199.0,2222.0,98600.0,51250.0,1.9239024390243902,False,https://query1.finance.yahoo.com/v8/finance/chart/3371.T?range=3mo&interval=1d&events=history&includeAdjustedClose=false
2026-09-25,3382,セブン＆アイ・ホールディングス,VERIFIED,,2026-09-25,2005.5,2078.5,8585600.0,8900120.0,0.9646611506361712,False,https://query1.finance.yahoo.com/v8/finance/chart/3382.T?range=3mo&interval=1d&events=history&includeAdjustedClose=false
2026-09-25,3387,クリエイト・レストランツ・ホールディングス,VERIFIED,,2026-09-25,761.0,789.0,911600.0,1624785.0,0.5610588477860148,False,https://query1.finance.yahoo.com/v8/finance/chart/3387.T?range=3mo&interval=1d&events=history&includeAdjustedClose=false
2026-09-25,3388,明治電機工業,VERIFIED,,2026-09-25,2139.0,2172.0,36800.0,28400.0,1.295774647887324,False,https://query1.finance.yahoo.com/v8/finance/chart/3388.T?range=3mo&interval=1d&events=history&includeAdjustedClose=false
2026-09-25,3391,ツルハホールディングス,VERIFIED,,2026-09-25,2167.0,2444.0,1680700.0,1593895.0,1.054460927476402,False,https://query1.finance.yahoo.com/v8/finance/chart/3391.T?range=3mo&interval=1d&events=history&includeAdjustedClose=false
2026-09-25,3393,スターティアホールディングス,VERIFIED,,2026-09-25,3205.0,3295.0,55200.0,37685.0,1.4647737826721507,False,https://query1.finance.yahoo.com/v8/finance/chart/3393.T?range=3mo&interval=1d&events=history&includeAdjustedClose=false
2026-09-25,3395,サンマルクホールディングス,VERIFIED,,2026-09-25,2515.0,2593.0,134500.0,107895.0,1.2465823254089625,False,https://query1.finance.yahoo.com/v8/finance/chart/3395.T?range=3mo&interval=1d&events=history&includeAdjustedClose=false
2026-09-25,3397,トリドールホールディングス,VERIFIED,,2026-09-25,4310.0,4451.0,332100.0,315910.0,1.0512487733848248,False,https://query1.finance.yahoo.com/v8/finance/chart/3397.T?range=3mo&interval=1d&events=history&includeAdjustedClose=false
2026-09-25,3401,帝人,VERIFIED,,2026-09-25,1708.0,1825.0,607700.0,619885.0,0.9803431281608685,False,https://query1.finance.yahoo.com/v8/finance/chart/3401.T?range=3mo&interval=1d&events=history&includeAdjustedClose=false
2026-09-25,3402,東レ,VERIFIED,,2026-09-25,1253.0,1319.0,3876500.0,3995295.0,0.9702662757068001,False,https://query1.finance.yahoo.com/v8/finance/chart/3402.T?range=3mo&interval=1d&events=history&includeAdjustedClose=false
2026-09-25,3405,クラレ,VERIFIED,,2026-09-25,1805.5,1905.0,1732300.0,1640830.0,1.0557461772395678,False,https://query1.finance.yahoo.com/v8/finance/chart/3405.T?range=3mo&interval=1d&events=history&includeAdjustedClose=false
2026-09-25,3407,旭化成,VERIFIED,,2026-09-25,1645.5,1700.0,5907600.0,4571450.0,1.2922814424307385,False,https://query1.finance.yahoo.com/v8/finance/chart/3407.T?range=3mo&interval=1d&events=history&includeAdjustedClose=false
2026-09-25,3415,ＴＯＫＹＯ　ＢＡＳＥ,VERIFIED,,2026-09-25,356.0,384.0,281700.0,333260.0,0.8452859629118407,False,https://query1.finance.yahoo.com/v8/finance/chart/3415.T?range=3mo&interval=1d&events=history&includeAdjustedClose=false
2026-09-25,3431,宮地エンジニアリンググループ,VERIFIED,,2026-09-25,1542.0,1661.0,89500.0,75990.0,1.1777865508619556,False,https://query1.finance.yahoo.com/v8/finance/chart/3431.T?range=3mo&interval=1d&events=history&includeAdjustedClose=false
2026-09-25,3433,トーカロ,VERIFIED,,2026-09-25,2917.0,2902.0,173600.0,212180.0,0.8181732491280987,False,https://query1.finance.yahoo.com/v8/finance/chart/3433.T?range=3mo&interval=1d&events=history&includeAdjustedClose=false
2026-09-25,3436,ＳＵＭＣＯ,VERIFIED,,2026-09-25,3117.0,3633.0,7411900.0,10948325.0,0.6769894024885085,False,https://query1.finance.yahoo.com/v8/finance/chart/3436.T?range=3mo&interval=1d&events=history&includeAdjustedClose=false
2026-09-25,3443,川田テクノロジーズ,VERIFIED,,2026-09-25,1412.0,1445.0,152600.0,219365.0,0.6956442458915506,False,https://query1.finance.yahoo.com/v8/finance/chart/3443.T?range=3mo&interval=1d&events=history&includeAdjustedClose=false
2026-09-25,3445,ＲＳ　Ｔｅｃｈｎｏｌｏｇｉｅｓ,VERIFIED,,2026-09-25,6120.0,6080.0,165100.0,214760.0,0.7687651331719129,False,https://query1.finance.yahoo.com/v8/finance/chart/3445.T?range=3mo&interval=1d&events=history&includeAdjustedClose=false
2026-09-25,3457,Ａｎｄ　Ｄｏホールディングス,VERIFIED,,2026-09-25,912.0,943.0,69000.0,81010.0,0.8517466979385261,False,https://query1.finance.yahoo.com/v8/finance/chart/3457.T?range=3mo&interval=1d&events=history&includeAdjustedClose=false
2026-09-25,3465,ケイアイスター不動産,VERIFIED,,2026-09-25,3285.0,3925.0,122200.0,156970.0,0.7784927056125375,False,https://query1.finance.yahoo.com/v8/finance/chart/3465.T?range=3mo&interval=1d&events=history&includeAdjustedClose=false
2026-09-25,3475,グッドコムアセット,VERIFIED,,2026-09-25,1490.0,1601.0,135100.0,120310.0,1.122932424569861,False,https://query1.finance.yahoo.com/v8/finance/chart/3475.T?range=3mo&interval=1d&events=history&includeAdjustedClose=false
2026-09-25,3480,ジェイ・エス・ビー,UNVERIFIED,MISSING_OHLCV,2026-09-25,,,,,,,https://query1.finance.yahoo.com/v8/finance/chart/3480.T?range=3mo&interval=1d&events=history&includeAdjustedClose=false
2026-09-25,3482,ロードスターキャピタル,VERIFIED,,2026-09-25,2603.0,2682.0,80500.0,78380.0,1.0270477162541465,False,https://query1.finance.yahoo.com/v8/finance/chart/3482.T?range=3mo&interval=1d&events=history&includeAdjustedClose=false
2026-09-25,3486,グローバル・リンク・マネジメント,VERIFIED,,2026-09-25,2046.0,2060.0,31600.0,53315.0,0.5927037419112821,False,https://query1.finance.yahoo.com/v8/finance/chart/3486.T?range=3mo&interval=1d&events=history&includeAdjustedClose=false
2026-09-25,3496,アズーム,VERIFIED,,2026-09-25,4835.0,5060.0,30300.0,39720.0,0.7628398791540786,False,https://query1.finance.yahoo.com/v8/finance/chart/3496.T?range=3mo&interval=1d&events=history&includeAdjustedClose=false
2026-09-25,3498,霞ヶ関キャピタル,VERIFIED,,2026-09-25,7550.0,8160.0,255000.0,299435.0,0.8516038539248919,False,https://query1.finance.yahoo.com/v8/finance/chart/3498.T?range=3mo&interval=1d&events=history&includeAdjustedClose=false
2026-09-25,3501,ＳＵＭＩＮＯＥ,VERIFIED,,2026-09-25,1198.0,1209.0,15800.0,16020.0,0.9862671660424469,False,https://query1.finance.yahoo.com/v8/finance/chart/3501.T?range=3mo&interval=1d&events=history&includeAdjustedClose=false
2026-09-25,3539,ＪＭホールディングス,VERIFIED,,2026-09-25,1450.0,1520.0,150600.0,170550.0,0.8830255057167986,False,https://query1.finance.yahoo.com/v8/finance/chart/3539.T?range=3mo&interval=1d&events=history&includeAdjustedClose=false
2026-09-25,3543,コメダホールディングス,VERIFIED,,2026-09-25,2843.0,3020.0,202300.0,300845.0,0.6724392959829812,False,https://query1.finance.yahoo.com/v8/finance/chart/3543.T?range=3mo&interval=1d&events=history&includeAdjustedClose=false
2026-09-25,3548,バロックジャパンリミテッド,VERIFIED,,2026-09-25,667.0,740.0,118600.0,156185.0,0.7593558920510932,False,https://query1.finance.yahoo.com/v8/finance/chart/3548.T?range=3mo&interval=1d&events=history&includeAdjustedClose=false
2026-09-25,3561,力の源ホールディングス,VERIFIED,,2026-09-25,1498.0,1675.0,118600.0,76145.0,1.5575546654409351,False,https://query1.finance.yahoo.com/v8/finance/chart/3561.T?range=3mo&interval=1d&events=history&includeAdjustedClose=false
2026-09-25,3563,ＦＯＯＤ　＆　ＬＩＦＥ　ＣＯＭＰＡＮＩＥＳ,VERIFIED,,2026-09-25,4920.0,6135.0,2192800.0,2768620.0,0.7920191286633774,False,https://query1.finance.yahoo.com/v8/finance/chart/3563.T?range=3mo&interval=1d&events=history&includeAdjustedClose=false
2026-09-25,3569,セーレン,VERIFIED,,2026-09-25,3335.0,3560.0,158300.0,142125.0,1.1138082673702727,False,https://query1.finance.yahoo.com/v8/finance/chart/3569.T?range=3mo&interval=1d&events=history&includeAdjustedClose=false
2026-09-25,3580,小松マテーレ,VERIFIED,,2026-09-25,763.0,775.0,45200.0,56540.0,0.7994340290060135,False,https://query1.finance.yahoo.com/v8/finance/chart/3580.T?range=3mo&interval=1d&events=history&includeAdjustedClose=false
2026-09-25,3591,ワコールホールディングス,VERIFIED,,2026-09-25,3968.0,4355.0,163600.0,108920.0,1.5020198310686743,False,https://query1.finance.yahoo.com/v8/finance/chart/3591.T?range=3mo&interval=1d&events=history&includeAdjustedClose=false
2026-09-25,3608,ＴＳＩホールディングス,VERIFIED,,2026-09-25,1246.0,1293.0,208000.0,239235.0,0.8694380002925993,False,https://query1.finance.yahoo.com/v8/finance/chart/3608.T?range=3mo&interval=1d&events=history&includeAdjustedClose=false
2026-09-25,3612,ワールド,VERIFIED,,2026-09-25,1608.0,1728.0,187900.0,422790.0,0.4444286761749332,False,https://query1.finance.yahoo.com/v8/finance/chart/3612.T?range=3mo&interval=1d&events=history&includeAdjustedClose=false
2026-09-25,3626,ＴＩＳＩ,VERIFIED,,2026-09-25,4015.0,4160.0,717100.0,915730.0,0.7830910858003997,False,https://query1.finance.yahoo.com/v8/finance/chart/3626.T?range=3mo&interval=1d&events=history&includeAdjustedClose=false
2026-09-25,3632,グリーホールディングス,VERIFIED,,2026-09-25,423.0,434.0,327500.0,563745.0,0.5809364162875059,False,https://query1.finance.yahoo.com/v8/finance/chart/3632.T?range=3mo&interval=1d&events=history&includeAdjustedClose=false
2026-09-25,3635,コーエーテクモホールディングス,VERIFIED,,2026-09-25,1671.0,1756.0,750800.0,890910.0,0.8427338339450674,False,https://query1.finance.yahoo.com/v8/finance/chart/3635.T?range=3mo&interval=1d&events=history&includeAdjustedClose=false
2026-09-25,3636,三菱総合研究所,VERIFIED,,2026-09-25,4965.0,5270.0,41400.0,37640.0,1.099893730074389,False,https://query1.finance.yahoo.com/v8/finance/chart/3636.T?range=3mo&interval=1d&events=history&includeAdjustedClose=false
2026-09-25,3649,ファインデックス,VERIFIED,,2026-09-25,887.0,915.0,44600.0,66440.0,0.6712823600240819,False,https://query1.finance.yahoo.com/v8/finance/chart/3649.T?range=3mo&interval=1d&events=history&includeAdjustedClose=false
2026-09-25,3656,ＫＬａｂ,VERIFIED,,2026-09-25,182.0,199.0,1031300.0,1917040.0,0.5379647790343446,False,https://query1.finance.yahoo.com/v8/finance/chart/3656.T?range=3mo&interval=1d&events=history&includeAdjustedClose=false
2026-09-25,3657,ポールトゥウィンホールディングス,VERIFIED,,2026-09-25,372.0,396.0,543800.0,257740.0,2.1098781718010398,False,https://query1.finance.yahoo.com/v8/finance/chart/3657.T?range=3mo&interval=1d&events=history&includeAdjustedClose=false
2026-09-25,3659,ネクソン,VERIFIED,,2026-09-25,3116.0,3250.0,3302200.0,3341835.0,0.988139749568725,False,https://query1.finance.yahoo.com/v8/finance/chart/3659.T?range=3mo&interval=1d&events=history&includeAdjustedClose=false
2026-09-25,3660,アイスタイル,VERIFIED,,2026-09-25,482.0,553.0,1017200.0,1123250.0,0.9055864678388604,False,https://query1.finance.yahoo.com/v8/finance/chart/3660.T?range=3mo&interval=1d&events=history&includeAdjustedClose=false
2026-09-25,3661,エムアップホールディングス,VERIFIED,,2026-09-25,802.0,879.0,390600.0,454090.0,0.8601819022660706,False,https://query1.finance.yahoo.com/v8/finance/chart/3661.T?range=3mo&interval=1d&events=history&includeAdjustedClose=false
2026-09-25,3662,エイチームホールディングス,VERIFIED,,2026-09-25,934.0,998.0,61500.0,82590.0,0.7446422084998183,False,https://query1.finance.yahoo.com/v8/finance/chart/3662.T?range=3mo&interval=1d&events=history&includeAdjustedClose=false
2026-09-25,3663,セルシス,VERIFIED,,2026-09-25,1846.0,2013.0,132300.0,207600.0,0.6372832369942196,False,https://query1.finance.yahoo.com/v8/finance/chart/3663.T?range=3mo&interval=1d&events=history&includeAdjustedClose=false
2026-09-25,3665,エニグモ,VERIFIED,,2026-09-25,408.0,437.0,126900.0,175505.0,0.7230563231816758,False,https://query1.finance.yahoo.com/v8/finance/chart/3665.T?range=3mo&interval=1d&events=history&includeAdjustedClose=false
2026-09-25,3668,コロプラ,VERIFIED,,2026-09-25,452.0,459.0,538900.0,447655.0,1.203828841406887,False,https://query1.finance.yahoo.com/v8/finance/chart/3668.T?range=3mo&interval=1d&events=history&includeAdjustedClose=false
2026-09-25,3673,ブロードリーフ,VERIFIED,,2026-09-25,477.0,507.0,427800.0,832300.0,0.5139973567223357,False,https://query1.finance.yahoo.com/v8/finance/chart/3673.T?range=3mo&interval=1d&events=history&includeAdjustedClose=false
2026-09-25,3676,デジタルハーツホールディングス,VERIFIED,,2026-09-25,1050.0,1059.0,81000.0,289815.0,0.27948863930438383,False,https://query1.finance.yahoo.com/v8/finance/chart/3676.T?range=3mo&interval=1d&events=history&includeAdjustedClose=false
2026-09-25,3678,メディアドゥ,VERIFIED,,2026-09-25,1239.0,1305.0,22100.0,36375.0,0.6075601374570446,False,https://query1.finance.yahoo.com/v8/finance/chart/3678.T?range=3mo&interval=1d&events=history&includeAdjustedClose=false
2026-09-25,3679,じげん,VERIFIED,,2026-09-25,441.0,464.0,590500.0,384160.0,1.5371199500208246,False,https://query1.finance.yahoo.com/v8/finance/chart/3679.T?range=3mo&interval=1d&events=history&includeAdjustedClose=false
2026-09-25,3687,フィックスターズ,VERIFIED,,2026-09-25,2222.0,2400.0,374600.0,566385.0,0.6613875720578758,False,https://query1.finance.yahoo.com/v8/finance/chart/3687.T?range=3mo&interval=1d&events=history&includeAdjustedClose=false
2026-09-25,368A,北里,VERIFIED,,2026-09-25,1438.0,1520.0,75100.0,83205.0,0.9025899885824169,False,https://query1.finance.yahoo.com/v8/finance/chart/368A.T?range=3mo&interval=1d&events=history&includeAdjustedClose=false
2026-09-25,3694,オプティム,VERIFIED,,2026-09-25,482.0,488.0,152000.0,199215.0,0.7629947544110635,False,https://query1.finance.yahoo.com/v8/finance/chart/3694.T?range=3mo&interval=1d&events=history&includeAdjustedClose=false
2026-09-25,3696,セレス,VERIFIED,,2026-09-25,2217.0,2319.0,103000.0,95855.0,1.07453966929216,False,https://query1.finance.yahoo.com/v8/finance/chart/3696.T?range=3mo&interval=1d&events=history&includeAdjustedClose=false
2026-09-25,3697,ＳＨＩＦＴ,VERIFIED,,2026-09-25,874.5999755859375,1021.0,3448100.0,4561585.0,0.7558995393048689,False,https://query1.finance.yahoo.com/v8/finance/chart/3697.T?range=3mo&interval=1d&events=history&includeAdjustedClose=false
2026-09-25,3708,特種東海製紙,VERIFIED,,2026-09-25,2256.0,2229.0,70800.0,52910.0,1.3381213381213382,False,https://query1.finance.yahoo.com/v8/finance/chart/3708.T?range=3mo&interval=1d&events=history&includeAdjustedClose=false
2026-09-25,3741,セック,VERIFIED,,2026-09-25,3275.0,3445.0,58500.0,67835.0,0.8623866735461045,False,https://query1.finance.yahoo.com/v8/finance/chart/3741.T?range=3mo&interval=1d&events=history&includeAdjustedClose=false
2026-09-25,3762,テクマトリックス,VERIFIED,,2026-09-25,2535.0,2558.0,243300.0,223685.0,1.0876902787401928,False,https://query1.finance.yahoo.com/v8/finance/chart/3762.T?range=3mo&interval=1d&events=history&includeAdjustedClose=false
2026-09-25,3763,プロシップ,VERIFIED,,2026-09-25,2090.0,2487.0,44700.0,57715.0,0.7744953651563719,False,https://query1.finance.yahoo.com/v8/finance/chart/3763.T?range=3mo&interval=1d&events=history&includeAdjustedClose=false
2026-09-25,3765,ガンホー・オンライン・エンターテイメント,VERIFIED,,2026-09-25,2489.0,2695.0,165500.0,352580.0,0.4693970162799932,False,https://query1.finance.yahoo.com/v8/finance/chart/3765.T?range=3mo&interval=1d&events=history&includeAdjustedClose=false
2026-09-25,3769,ＧＭＯペイメントゲートウェイ,VERIFIED,,2026-09-25,9087.0,9832.0,428200.0,294465.0,1.4541626339293294,False,https://query1.finance.yahoo.com/v8/finance/chart/3769.T?range=3mo&interval=1d&events=history&includeAdjustedClose=false
2026-09-25,3771,システムリサーチ,VERIFIED,,2026-09-25,1948.0,1990.0,149100.0,95850.0,1.5555555555555556,False,https://query1.finance.yahoo.com/v8/finance/chart/3771.T?range=3mo&interval=1d&events=history&includeAdjustedClose=false
2026-09-25,3774,インターネットイニシアティブ,VERIFIED,,2026-09-25,3465.0,3489.0,458000.0,533860.0,0.8579028209642977,False,https://query1.finance.yahoo.com/v8/finance/chart/3774.T?range=3mo&interval=1d&events=history&includeAdjustedClose=false
2026-09-25,3778,さくらインターネット,VERIFIED,,2026-09-25,3750.0,4010.0,509300.0,818560.0,0.622190187646599,False,https://query1.finance.yahoo.com/v8/finance/chart/3778.T?range=3mo&interval=1d&events=history&includeAdjustedClose=false
2026-09-25,3788,ＧＭＯグローバルサイン・ホールディングス,VERIFIED,,2026-09-25,2059.0,2149.0,39600.0,38465.0,1.0295073443390095,False,https://query1.finance.yahoo.com/v8/finance/chart/3788.T?range=3mo&interval=1d&events=history&includeAdjustedClose=false
2026-09-25,3817,ＳＲＡホールディングス,VERIFIED,,2026-09-25,4855.0,5020.0,76500.0,31335.0,2.4413595021541408,False,https://query1.finance.yahoo.com/v8/finance/chart/3817.T?range=3mo&interval=1d&events=history&includeAdjustedClose=false
2026-09-25,3834,朝日ネット,VERIFIED,,2026-09-25,609.0,630.0,53500.0,50490.0,1.0596157654981184,False,https://query1.finance.yahoo.com/v8/finance/chart/3834.T?range=3mo&interval=1d&events=history&includeAdjustedClose=false
2026-09-25,3835,ｅＢＡＳＥ,VERIFIED,,2026-09-25,430.0,443.0,33100.0,57370.0,0.5769565975248387,False,https://query1.finance.yahoo.com/v8/finance/chart/3835.T?range=3mo&interval=1d&events=history&includeAdjustedClose=false
2026-09-25,3836,アバントグループ,VERIFIED,,2026-09-25,1215.0,1240.0,76600.0,75430.0,1.015511069866101,False,https://query1.finance.yahoo.com/v8/finance/chart/3836.T?range=3mo&interval=1d&events=history&includeAdjustedClose=false
2026-09-25,3837,アドソル日進,VERIFIED,,2026-09-25,1361.0,1507.0,53000.0,94960.0,0.5581297388374052,False,https://query1.finance.yahoo.com/v8/finance/chart/3837.T?range=3mo&interval=1d&events=history&includeAdjustedClose=false
2026-09-25,3843,フリービット,VERIFIED,,2026-09-25,1682.0,1820.0,45500.0,37530.0,1.21236344257927,False,https://query1.finance.yahoo.com/v8/finance/chart/3843.T?range=3mo&interval=1d&events=history&includeAdjustedClose=false
2026-09-25,3844,コムチュア,VERIFIED,,2026-09-25,1325.0,1401.0,505200.0,246560.0,2.0489941596365995,False,https://query1.finance.yahoo.com/v8/finance/chart/3844.T?range=3mo&interval=1d&events=history&includeAdjustedClose=false
2026-09-25,3853,アステリア,VERIFIED,,2026-09-25,1111.0,1253.0,162800.0,186630.0,0.8723142045758988,False,https://query1.finance.yahoo.com/v8/finance/chart/3853.T?range=3mo&interval=1d&events=history&includeAdjustedClose=false
2026-09-25,3854,アイル,VERIFIED,,2026-09-25,2152.0,2550.0,85600.0,155025.0,0.5521690049991936,False,https://query1.finance.yahoo.com/v8/finance/chart/3854.T?range=3mo&interval=1d&events=history&includeAdjustedClose=false
2026-09-25,3861,王子ホールディングス,VERIFIED,,2026-09-25,875.7999877929688,892.2999877929688,2893000.0,3295970.0,0.8777385716496205,False,https://query1.finance.yahoo.com/v8/finance/chart/3861.T?range=3mo&interval=1d&events=history&includeAdjustedClose=false
2026-09-25,3863,日本製紙,VERIFIED,,2026-09-25,1333.0,1416.0,505300.0,533180.0,0.947709966615402,False,https://query1.finance.yahoo.com/v8/finance/chart/3863.T?range=3mo&interval=1d&events=history&includeAdjustedClose=false
2026-09-25,3864,三菱製紙,VERIFIED,,2026-09-25,1228.0,1234.0,137700.0,137810.0,0.9992017995791307,False,https://query1.finance.yahoo.com/v8/finance/chart/3864.T?range=3mo&interval=1d&events=history&includeAdjustedClose=false
2026-09-25,3865,北越コーポレーション,VERIFIED,,2026-09-25,922.0,934.0,117400.0,185520.0,0.6328158689090125,False,https://query1.finance.yahoo.com/v8/finance/chart/3865.T?range=3mo&interval=1d&events=history&includeAdjustedClose=false
2026-09-25,3877,中越パルプ工業,VERIFIED,,2026-09-25,2248.0,2275.0,55400.0,40450.0,1.3695920889987638,False,https://query1.finance.yahoo.com/v8/finance/chart/3877.T?range=3mo&interval=1d&events=history&includeAdjustedClose=false
2026-09-25,3880,大王製紙,VERIFIED,,2026-09-25,1031.0,1031.0,377900.0,291520.0,1.2963090010976948,False,https://query1.finance.yahoo.com/v8/finance/chart/3880.T?range=3mo&interval=1d&events=history&includeAdjustedClose=false
2026-09-25,3901,マークラインズ,VERIFIED,,2026-09-25,1506.0,1596.0,66800.0,75175.0,0.8885932823412038,False,https://query1.finance.yahoo.com/v8/finance/chart/3901.T?range=3mo&interval=1d&events=history&includeAdjustedClose=false
2026-09-25,3903,ｇｕｍｉ,VERIFIED,,2026-09-25,204.0,291.0,587600.0,845675.0,0.6948295740089278,False,https://query1.finance.yahoo.com/v8/finance/chart/3903.T?range=3mo&interval=1d&events=history&includeAdjustedClose=false
2026-09-25,3915,テラスカイ,VERIFIED,,2026-09-25,2282.0,2510.0,61400.0,108205.0,0.5674414306178088,False,https://query1.finance.yahoo.com/v8/finance/chart/3915.T?range=3mo&interval=1d&events=history&includeAdjustedClose=false
2026-09-25,3916,デジタル・インフォメーション・テクノロジー,VERIFIED,,2026-09-25,961.0,978.0,75900.0,74750.0,1.0153846153846153,False,https://query1.finance.yahoo.com/v8/finance/chart/3916.T?range=3mo&interval=1d&events=history&includeAdjustedClose=false
2026-09-25,3921,ネオジャパン,VERIFIED,,2026-09-25,1687.0,1710.0,12200.0,16360.0,0.7457212713936431,False,https://query1.finance.yahoo.com/v8/finance/chart/3921.T?range=3mo&interval=1d&events=history&includeAdjustedClose=false
2026-09-25,3922,ＰＲ　ＴＩＭＥＳ,VERIFIED,,2026-09-25,2185.0,2269.0,27800.0,41155.0,0.6754950795772081,False,https://query1.finance.yahoo.com/v8/finance/chart/3922.T?range=3mo&interval=1d&events=history&includeAdjustedClose=false
2026-09-25,3923,ラクス,VERIFIED,,2026-09-25,1047.5,1209.0,1673000.0,1706070.0,0.9806162701413189,False,https://query1.finance.yahoo.com/v8/finance/chart/3923.T?range=3mo&interval=1d&events=history&includeAdjustedClose=false
2026-09-25,3925,ダブルスタンダード,VERIFIED,,2026-09-25,1315.0,1398.0,22200.0,41535.0,0.5344889851932105,False,https://query1.finance.yahoo.com/v8/finance/chart/3925.T?range=3mo&interval=1d&events=history&includeAdjustedClose=false
2026-09-25,3932,アカツキ,VERIFIED,,2026-09-25,3860.0,4025.0,61400.0,102650.0,0.5981490501704823,False,https://query1.finance.yahoo.com/v8/finance/chart/3932.T?range=3mo&interval=1d&events=history&includeAdjustedClose=false
2026-09-25,3939,カナミックネットワーク,VERIFIED,,2026-09-25,494.0,537.0,113700.0,228515.0,0.4975603352077544,False,https://query1.finance.yahoo.com/v8/finance/chart/3939.T?range=3mo&interval=1d&events=history&includeAdjustedClose=false
2026-09-25,3941,レンゴー,VERIFIED,,2026-09-25,1549.0,1641.5,1012800.0,857325.0,1.1813489633452892,False,https://query1.finance.yahoo.com/v8/finance/chart/3941.T?range=3mo&interval=1d&events=history&includeAdjustedClose=false
2026-09-25,3946,トーモク,VERIFIED,,2026-09-25,4565.0,4770.0,95300.0,91325.0,1.0435258691486449,False,https://query1.finance.yahoo.com/v8/finance/chart/3946.T?range=3mo&interval=1d&events=history&includeAdjustedClose=false
2026-09-25,3950,ザ・パック,VERIFIED,,2026-09-25,1452.0,1546.0,91500.0,96865.0,0.944613637536778,False,https://query1.finance.yahoo.com/v8/finance/chart/3950.T?range=3mo&interval=1d&events=history&includeAdjustedClose=false
2026-09-25,3962,チェンジホールディングス,VERIFIED,,2026-09-25,1001.0,1043.0,146700.0,167295.0,0.8768941092082848,False,https://query1.finance.yahoo.com/v8/finance/chart/3962.T?range=3mo&interval=1d&events=history&includeAdjustedClose=false
2026-09-25,3963,シンクロ・フード,VERIFIED,,2026-09-25,324.0,361.0,21600.0,64370.0,0.33556004349852414,False,https://query1.finance.yahoo.com/v8/finance/chart/3963.T?range=3mo&interval=1d&events=history&includeAdjustedClose=false
2026-09-25,3964,オークネット,VERIFIED,,2026-09-25,1367.0,1471.0,484700.0,705800.0,0.6867384528194956,False,https://query1.finance.yahoo.com/v8/finance/chart/3964.T?range=3mo&interval=1d&events=history&includeAdjustedClose=false
2026-09-25,3968,セグエグループ,VERIFIED,,2026-09-25,664.0,688.0,262300.0,241850.0,1.0845565433119702,False,https://query1.finance.yahoo.com/v8/finance/chart/3968.T?range=3mo&interval=1d&events=history&includeAdjustedClose=false
2026-09-25,3983,オロ,VERIFIED,,2026-09-25,1904.0,2168.0,46200.0,49955.0,0.9248323491142028,False,https://query1.finance.yahoo.com/v8/finance/chart/3983.T?range=3mo&interval=1d&events=history&includeAdjustedClose=false
2026-09-25,3984,ユーザーローカル,VERIFIED,,2026-09-25,1623.0,1605.0,85500.0,96810.0,0.8831732259064147,False,https://query1.finance.yahoo.com/v8/finance/chart/3984.T?range=3mo&interval=1d&events=history&includeAdjustedClose=false
2026-09-25,3992,ニーズウェル,VERIFIED,,2026-09-25,466.0,490.0,31800.0,52135.0,0.609954924714683,False,https://query1.finance.yahoo.com/v8/finance/chart/3992.T?range=3mo&interval=1d&events=history&includeAdjustedClose=false
2026-09-25,3993,ＰＫＳＨＡ　Ｔｅｃｈｎｏｌｏｇｙ,VERIFIED,,2026-09-25,3150.0,3495.0,163800.0,289615.0,0.5655784403432143,False,https://query1.finance.yahoo.com/v8/finance/chart/3993.T?range=3mo&interval=1d&events=history&includeAdjustedClose=false
2026-09-25,3994,マネーフォワード,VERIFIED,,2026-09-25,5763.0,7050.0,609800.0,597185.0,1.0211241072699415,False,https://query1.finance.yahoo.com/v8/finance/chart/3994.T?range=3mo&interval=1d&events=history&includeAdjustedClose=false
2026-09-25,4004,レゾナック・ホールディングス,VERIFIED,,2026-09-25,14960.0,16990.0,1916300.0,1917915.0,0.9991579397418551,False,https://query1.finance.yahoo.com/v8/finance/chart/4004.T?range=3mo&interval=1d&events=history&includeAdjustedClose=false
2026-09-25,4005,住友化学,VERIFIED,,2026-09-25,586.2000122070312,638.7999877929688,6771500.0,12238505.0,0.5532947038874437,False,https://query1.finance.yahoo.com/v8/finance/chart/4005.T?range=3mo&interval=1d&events=history&includeAdjustedClose=false
2026-09-25,4008,住友精化,VERIFIED,,2026-09-25,1555.0,1574.0,213500.0,162845.0,1.3110626669532377,False,https://query1.finance.yahoo.com/v8/finance/chart/4008.T?range=3mo&interval=1d&events=history&includeAdjustedClose=false
2026-09-25,4021,日産化学,VERIFIED,,2026-09-25,8341.0,8371.0,484000.0,511725.0,0.9458205090624847,False,https://query1.finance.yahoo.com/v8/finance/chart/4021.T?range=3mo&interval=1d&events=history&includeAdjustedClose=false
2026-09-25,4022,ラサ工業,VERIFIED,,2026-09-25,1900.0,2222.0,482100.0,691165.0,0.6975179588086781,False,https://query1.finance.yahoo.com/v8/finance/chart/4022.T?range=3mo&interval=1d&events=history&includeAdjustedClose=false
2026-09-25,4023,クレハ,VERIFIED,,2026-09-25,4165.0,4680.0,440800.0,285335.0,1.544850789422959,False,https://query1.finance.yahoo.com/v8/finance/chart/4023.T?range=3mo&interval=1d&events=history&includeAdjustedClose=false
2026-09-25,4025,多木化学,VERIFIED,,2026-09-25,5810.0,6310.0,20100.0,23280.0,0.8634020618556701,False,https://query1.finance.yahoo.com/v8/finance/chart/4025.T?range=3mo&interval=1d&events=history&includeAdjustedClose=false
2026-09-25,4027,テイカ,VERIFIED,,2026-09-25,2360.0,2517.0,33300.0,51880.0,0.6418658442559754,False,https://query1.finance.yahoo.com/v8/finance/chart/4027.T?range=3mo&interval=1d&events=history&includeAdjustedClose=false
2026-09-25,4028,石原産業,VERIFIED,,2026-09-25,2898.0,3285.0,211700.0,182430.0,1.1604451022309927,False,https://query1.finance.yahoo.com/v8/finance/chart/4028.T?range=3mo&interval=1d&events=history&includeAdjustedClose=false
2026-09-25,4041,日本曹達,VERIFIED,,2026-09-25,3875.0,4095.0,256500.0,108135.0,2.3720349563046192,False,https://query1.finance.yahoo.com/v8/finance/chart/4041.T?range=3mo&interval=1d&events=history&includeAdjustedClose=false
2026-09-25,4042,東ソー,VERIFIED,,2026-09-25,2656.5,2731.5,1235600.0,966570.0,1.2783347300247265,False,https://query1.finance.yahoo.com/v8/finance/chart/4042.T?range=3mo&interval=1d&events=history&includeAdjustedClose=false
2026-09-25,4043,トクヤマ,VERIFIED,,2026-09-25,4223.0,4260.0,477400.0,487610.0,0.9790611349234019,False,https://query1.finance.yahoo.com/v8/finance/chart/4043.T?range=3mo&interval=1d&events=history&includeAdjustedClose=false
2026-09-25,4044,セントラル硝子,VERIFIED,,2026-09-25,4635.0,4760.0,78700.0,96985.0,0.8114656905707068,False,https://query1.finance.yahoo.com/v8/finance/chart/4044.T?range=3mo&interval=1d&events=history&includeAdjustedClose=false
2026-09-25,4045,東亞合成,VERIFIED,,2026-09-25,1827.5,1908.0,314700.0,265400.0,1.1857573474001508,False,https://query1.finance.yahoo.com/v8/finance/chart/4045.T?range=3mo&interval=1d&events=history&includeAdjustedClose=false
2026-09-25,4046,大阪ソーダ,VERIFIED,,2026-09-25,2012.0,2153.0,303800.0,312925.0,0.9708396580650316,False,https://query1.finance.yahoo.com/v8/finance/chart/4046.T?range=3mo&interval=1d&events=history&includeAdjustedClose=false
2026-09-25,4047,関東電化工業,VERIFIED,,2026-09-25,2401.0,2455.0,560200.0,743700.0,0.7532607234099772,False,https://query1.finance.yahoo.com/v8/finance/chart/4047.T?range=3mo&interval=1d&events=history&includeAdjustedClose=false
2026-09-25,4051,ＧＭＯフィナンシャルゲート,VERIFIED,,2026-09-25,6200.0,6720.0,14700.0,31595.0,0.46526349105871184,False,https://query1.finance.yahoo.com/v8/finance/chart/4051.T?range=3mo&interval=1d&events=history&includeAdjustedClose=false
2026-09-25,4053,Ｓｕｎ　Ａｓｔｅｒｉｓｋ,VERIFIED,,2026-09-25,505.0,509.0,162700.0,114025.0,1.4268800701600526,False,https://query1.finance.yahoo.com/v8/finance/chart/4053.T?range=3mo&interval=1d&events=history&includeAdjustedClose=false
2026-09-25,4061,デンカ,VERIFIED,,2026-09-25,3352.0,3463.0,463500.0,639130.0,0.7252045749690986,False,https://query1.finance.yahoo.com/v8/finance/chart/4061.T?range=3mo&interval=1d&events=history&includeAdjustedClose=false
2026-09-25,4062,イビデン,VERIFIED,,2026-09-25,23345.0,22935.0,11458500.0,8214435.0,1.3949224748871956,False,https://query1.finance.yahoo.com/v8/finance/chart/4062.T?range=3mo&interval=1d&events=history&includeAdjustedClose=false
2026-09-25,4063,信越化学工業,VERIFIED,,2026-09-25,5889.0,6068.0,5372200.0,6298610.0,0.8529183423009203,False,https://query1.finance.yahoo.com/v8/finance/chart/4063.T?range=3mo&interval=1d&events=history&includeAdjustedClose=false
2026-09-25,4064,日本カーバイド工業,VERIFIED,,2026-09-25,3625.0,3630.0,153100.0,71310.0,2.146963960173889,False,https://query1.finance.yahoo.com/v8/finance/chart/4064.T?range=3mo&interval=1d&events=history&includeAdjustedClose=false
2026-09-25,4071,プラスアルファ・コンサルティング,VERIFIED,,2026-09-25,2107.0,2299.0,162300.0,247090.0,0.6568456837589542,False,https://query1.finance.yahoo.com/v8/finance/chart/4071.T?range=3mo&interval=1d&events=history&includeAdjustedClose=false
2026-09-25,4072,電算システムホールディングス,VERIFIED,,2026-09-25,3260.0,3270.0,28300.0,29475.0,0.9601357082273113,False,https://query1.finance.yahoo.com/v8/finance/chart/4072.T?range=3mo&interval=1d&events=history&includeAdjustedClose=false
2026-09-25,4078,堺化学工業,VERIFIED,,2026-09-25,3725.0,4035.0,94700.0,184780.0,0.5125013529602771,False,https://query1.finance.yahoo.com/v8/finance/chart/4078.T?range=3mo&interval=1d&events=history&includeAdjustedClose=false
2026-09-25,4082,第一稀元素化学工業,VERIFIED,,2026-09-25,2311.0,3095.0,203200.0,1661490.0,0.12229986337564475,False,https://query1.finance.yahoo.com/v8/finance/chart/4082.T?range=3mo&interval=1d&events=history&includeAdjustedClose=false
2026-09-25,4088,エア・ウォーター,VERIFIED,,2026-09-25,2911.0,3215.0,1077500.0,1367330.0,0.7880321502490255,False,https://query1.finance.yahoo.com/v8/finance/chart/4088.T?range=3mo&interval=1d&events=history&includeAdjustedClose=false
2026-09-25,4091,日本酸素ホールディングス,VERIFIED,,2026-09-25,5630.0,5785.0,785000.0,605840.0,1.2957216426779348,False,https://query1.finance.yahoo.com/v8/finance/chart/4091.T?range=3mo&interval=1d&events=history&includeAdjustedClose=false
2026-09-25,4092,日本化学工業,VERIFIED,,2026-09-25,5650.0,5880.0,81100.0,122235.0,0.6634760911359266,False,https://query1.finance.yahoo.com/v8/finance/chart/4092.T?range=3mo&interval=1d&events=history&includeAdjustedClose=false
2026-09-25,4095,日本パーカライジング,VERIFIED,,2026-09-25,1800.0,1794.0,171900.0,200330.0,0.8580841611341287,False,https://query1.finance.yahoo.com/v8/finance/chart/4095.T?range=3mo&interval=1d&events=history&includeAdjustedClose=false
2026-09-25,4097,高圧ガス工業,VERIFIED,,2026-09-25,1233.0,1257.0,50100.0,50545.0,0.991195963992482,False,https://query1.finance.yahoo.com/v8/finance/chart/4097.T?range=3mo&interval=1d&events=history&includeAdjustedClose=false
2026-09-25,4099,四国化成ホールディングス,VERIFIED,,2026-09-25,2225.0,2548.0,470700.0,792715.0,0.5937821285077235,False,https://query1.finance.yahoo.com/v8/finance/chart/4099.T?range=3mo&interval=1d&events=history&includeAdjustedClose=false
2026-09-25,409A,オリオンビール,VERIFIED,,2026-09-25,1160.0,1217.0,126700.0,170305.0,0.7439593670179971,False,https://query1.finance.yahoo.com/v8/finance/chart/409A.T?range=3mo&interval=1d&events=history&includeAdjustedClose=false
2026-09-25,4109,ステラ　ケミファ,VERIFIED,,2026-09-25,5420.0,5610.0,26500.0,47235.0,0.5610246639144703,False,https://query1.finance.yahoo.com/v8/finance/chart/4109.T?range=3mo&interval=1d&events=history&includeAdjustedClose=false
2026-09-25,4112,保土谷化学工業,VERIFIED,,2026-09-25,2160.0,2281.0,34500.0,46525.0,0.7415368081676518,False,https://query1.finance.yahoo.com/v8/finance/chart/4112.T?range=3mo&interval=1d&events=history&includeAdjustedClose=false
2026-09-25,4114,日本触媒,VERIFIED,,2026-09-25,2600.0,2733.5,1032000.0,906355.0,1.1386266970447563,False,https://query1.finance.yahoo.com/v8/finance/chart/4114.T?range=3mo&interval=1d&events=history&includeAdjustedClose=false
2026-09-25,4116,大日精化工業,VERIFIED,,2026-09-25,1363.0,1416.0,179100.0,151820.0,1.1796864708207087,False,https://query1.finance.yahoo.com/v8/finance/chart/4116.T?range=3mo&interval=1d&events=history&includeAdjustedClose=false
2026-09-25,4118,カネカ,VERIFIED,,2026-09-25,6154.0,6343.0,282600.0,209295.0,1.3502472586540528,False,https://query1.finance.yahoo.com/v8/finance/chart/4118.T?range=3mo&interval=1d&events=history&includeAdjustedClose=false
2026-09-25,4151,協和キリン,VERIFIED,,2026-09-25,2267.0,2689.0,1440400.0,1890135.0,0.7620619691186079,False,https://query1.finance.yahoo.com/v8/finance/chart/4151.T?range=3mo&interval=1d&events=history&includeAdjustedClose=false
2026-09-25,417A,ブルーゾーンホールディングス,VERIFIED,,2026-09-25,1888.5,1946.5,198200.0,228365.0,0.8679088301622403,False,https://query1.finance.yahoo.com/v8/finance/chart/417A.T?range=3mo&interval=1d&events=history&includeAdjustedClose=false
2026-09-25,4180,Ａｐｐｉｅｒ　Ｇｒｏｕｐ,VERIFIED,,2026-09-25,1476.0,1550.0,1078400.0,1744210.0,0.6182741757013204,False,https://query1.finance.yahoo.com/v8/finance/chart/4180.T?range=3mo&interval=1d&events=history&includeAdjustedClose=false
2026-09-25,4182,三菱瓦斯化学,VERIFIED,,2026-09-25,3906.0,3974.0,1045700.0,1578010.0,0.6626700717992915,False,https://query1.finance.yahoo.com/v8/finance/chart/4182.T?range=3mo&interval=1d&events=history&includeAdjustedClose=false
2026-09-25,4183,三井化学,VERIFIED,,2026-09-25,2121.5,2341.5,5080900.0,2214165.0,2.2947250995296193,False,https://query1.finance.yahoo.com/v8/finance/chart/4183.T?range=3mo&interval=1d&events=history&includeAdjustedClose=false
2026-09-25,4186,東京応化工業,VERIFIED,,2026-09-25,8358.0,8956.0,739200.0,700690.0,1.054960110747977,False,https://query1.finance.yahoo.com/v8/finance/chart/4186.T?range=3mo&interval=1d&events=history&includeAdjustedClose=false
2026-09-25,4187,大阪有機化学工業,VERIFIED,,2026-09-25,4250.0,4745.0,125000.0,115935.0,1.0781903652908957,False,https://query1.finance.yahoo.com/v8/finance/chart/4187.T?range=3mo&interval=1d&events=history&includeAdjustedClose=false
2026-09-25,4188,三菱ケミカルグループ,VERIFIED,,2026-09-25,1170.5,1305.0,5256600.0,6286895.0,0.8361202151459505,False,https://query1.finance.yahoo.com/v8/finance/chart/4188.T?range=3mo&interval=1d&events=history&includeAdjustedClose=false
2026-09-25,4189,ＫＨネオケム,VERIFIED,,2026-09-25,3300.0,3505.0,158700.0,107410.0,1.4775160599571735,False,https://query1.finance.yahoo.com/v8/finance/chart/4189.T?range=3mo&interval=1d&events=history&includeAdjustedClose=false
2026-09-25,4194,ビジョナル,VERIFIED,,2026-09-25,8503.0,9628.0,327400.0,260280.0,1.2578761333948056,False,https://query1.finance.yahoo.com/v8/finance/chart/4194.T?range=3mo&interval=1d&events=history&includeAdjustedClose=false
2026-09-25,4202,ダイセル,VERIFIED,,2026-09-25,1442.5,1520.0,1292300.0,911695.0,1.4174696581641886,False,https://query1.finance.yahoo.com/v8/finance/chart/4202.T?range=3mo&interval=1d&events=history&includeAdjustedClose=false
2026-09-25,4203,住友ベークライト,VERIFIED,,2026-09-25,8183.0,8094.0,716100.0,754065.0,0.9496528813829047,False,https://query1.finance.yahoo.com/v8/finance/chart/4203.T?range=3mo&interval=1d&events=history&includeAdjustedClose=false
2026-09-25,4204,積水化学工業,VERIFIED,,2026-09-25,2525.0,2688.0,1343500.0,1323725.0,1.0149389034731535,False,https://query1.finance.yahoo.com/v8/finance/chart/4204.T?range=3mo&interval=1d&events=history&includeAdjustedClose=false
2026-09-25,4205,日本ゼオン,VERIFIED,,2026-09-25,2440.0,2618.0,1015700.0,890985.0,1.1399742981082734,False,https://query1.finance.yahoo.com/v8/finance/chart/4205.T?range=3mo&interval=1d&events=history&includeAdjustedClose=false
2026-09-25,4206,アイカ工業,VERIFIED,,2026-09-25,4367.0,4272.0,328900.0,231505.0,1.4207036565084987,False,https://query1.finance.yahoo.com/v8/finance/chart/4206.T?range=3mo&interval=1d&events=history&includeAdjustedClose=false
2026-09-25,4208,ＵＢＥ,VERIFIED,,2026-09-25,3467.0,3620.0,622800.0,763360.0,0.8158666946132886,False,https://query1.finance.yahoo.com/v8/finance/chart/4208.T?range=3mo&interval=1d&events=history&includeAdjustedClose=false
2026-09-25,4212,積水樹脂,VERIFIED,,2026-09-25,3000.0,3035.0,37700.0,51770.0,0.7282209774000387,False,https://query1.finance.yahoo.com/v8/finance/chart/4212.T?range=3mo&interval=1d&events=history&includeAdjustedClose=false
2026-09-25,4216,旭有機材,VERIFIED,,2026-09-25,6090.0,6280.0,43000.0,46500.0,0.9247311827956989,False,https://query1.finance.yahoo.com/v8/finance/chart/4216.T?range=3mo&interval=1d&events=history&includeAdjustedClose=false
2026-09-25,4218,ニチバン,VERIFIED,,2026-09-25,1935.0,1984.0,41100.0,22915.0,1.7935849879991272,False,https://query1.finance.yahoo.com/v8/finance/chart/4218.T?range=3mo&interval=1d&events=history&includeAdjustedClose=false
2026-09-25,4220,リケンテクノス,VERIFIED,,2026-09-25,2426.0,2704.0,348200.0,133395.0,2.610292739607931,False,https://query1.finance.yahoo.com/v8/finance/chart/4220.T?range=3mo&interval=1d&events=history&includeAdjustedClose=false
2026-09-25,4221,大倉工業,VERIFIED,,2026-09-25,5740.0,5810.0,23800.0,33640.0,0.7074910820451843,False,https://query1.finance.yahoo.com/v8/finance/chart/4221.T?range=3mo&interval=1d&events=history&includeAdjustedClose=false
2026-09-25,4228,積水化成品工業,VERIFIED,,2026-09-25,629.0,637.0,179600.0,246785.0,0.7277589804890897,False,https://query1.finance.yahoo.com/v8/finance/chart/4228.T?range=3mo&interval=1d&events=history&includeAdjustedClose=false
2026-09-25,4229,群栄化学工業,VERIFIED,,2026-09-25,4210.0,4485.0,8800.0,19130.0,0.46001045478306324,False,https://query1.finance.yahoo.com/v8/finance/chart/4229.T?range=3mo&interval=1d&events=history&includeAdjustedClose=false
2026-09-25,4246,ダイキョーニシカワ,VERIFIED,,2026-09-25,1113.0,1163.0,210100.0,204200.0,1.0288932419196866,False,https://query1.finance.yahoo.com/v8/finance/chart/4246.T?range=3mo&interval=1d&events=history&includeAdjustedClose=false
2026-09-25,4249,森六,VERIFIED,,2026-09-25,2922.0,3020.0,19400.0,27815.0,0.6974653963688657,False,https://query1.finance.yahoo.com/v8/finance/chart/4249.T?range=3mo&interval=1d&events=history&includeAdjustedClose=false
2026-09-25,4251,恵和,VERIFIED,,2026-09-25,1195.0,1206.0,85800.0,90480.0,0.9482758620689655,False,https://query1.finance.yahoo.com/v8/finance/chart/4251.T?range=3mo&interval=1d&events=history&includeAdjustedClose=false
2026-09-25,4272,日本化薬,VERIFIED,,2026-09-25,2129.5,2135.5,475800.0,579265.0,0.8213857215609436,False,https://query1.finance.yahoo.com/v8/finance/chart/4272.T?range=3mo&interval=1d&events=history&includeAdjustedClose=false
2026-09-25,4275,カーリット,VERIFIED,,2026-09-25,1985.0,2211.0,116800.0,200045.0,0.5838686295583494,False,https://query1.finance.yahoo.com/v8/finance/chart/4275.T?range=3mo&interval=1d&events=history&includeAdjustedClose=false
2026-09-25,4290,プレステージ・インターナショナル,VERIFIED,,2026-09-25,723.0,749.0,939400.0,646985.0,1.4519656560816712,False,https://query1.finance.yahoo.com/v8/finance/chart/4290.T?range=3mo&interval=1d&events=history&includeAdjustedClose=false
2026-09-25,429A,テクセンドフォトマスク,VERIFIED,,2026-09-25,3880.0,4035.0,331100.0,613300.0,0.5398662970813631,False,https://query1.finance.yahoo.com/v8/finance/chart/429A.T?range=3mo&interval=1d&events=history&includeAdjustedClose=false
2026-09-25,4301,アミューズ,VERIFIED,,2026-09-25,1892.0,1945.0,15100.0,25365.0,0.5953084959589986,False,https://query1.finance.yahoo.com/v8/finance/chart/4301.T?range=3mo&interval=1d&events=history&includeAdjustedClose=false
2026-09-25,4307,野村総合研究所,VERIFIED,,2026-09-25,5089.0,5410.0,1966100.0,2276640.0,0.8635972310070982,False,https://query1.finance.yahoo.com/v8/finance/chart/4307.T?range=3mo&interval=1d&events=history&includeAdjustedClose=false
2026-09-25,4310,ドリームインキュベータ,VERIFIED,,2026-09-25,2574.0,2598.0,14500.0,14515.0,0.9989665862900448,False,https://query1.finance.yahoo.com/v8/finance/chart/4310.T?range=3mo&interval=1d&events=history&includeAdjustedClose=false
2026-09-25,4318,クイック,VERIFIED,,2026-09-25,863.0,875.0,115300.0,102005.0,1.1303367481986177,False,https://query1.finance.yahoo.com/v8/finance/chart/4318.T?range=3mo&interval=1d&events=history&includeAdjustedClose=false
2026-09-25,4323,日本システム技術,VERIFIED,,2026-09-25,1896.0,1986.0,53700.0,47340.0,1.1343472750316856,False,https://query1.finance.yahoo.com/v8/finance/chart/4323.T?range=3mo&interval=1d&events=history&includeAdjustedClose=false
2026-09-25,4324,電通グループ,VERIFIED,,2026-09-25,3585.0,3826.0,897300.0,977155.0,0.9182780623340207,False,https://query1.finance.yahoo.com/v8/finance/chart/4324.T?range=3mo&interval=1d&events=history&includeAdjustedClose=false
2026-09-25,4326,インテージホールディングス,VERIFIED,,2026-09-25,2001.0,2156.0,22100.0,29505.0,0.7490255888832401,False,https://query1.finance.yahoo.com/v8/finance/chart/4326.T?range=3mo&interval=1d&events=history&includeAdjustedClose=false
2026-09-25,4331,テイクアンドギヴ・ニーズ,VERIFIED,,2026-09-25,749.0,759.0,25500.0,52215.0,0.4883654122378627,False,https://query1.finance.yahoo.com/v8/finance/chart/4331.T?range=3mo&interval=1d&events=history&includeAdjustedClose=false
2026-09-25,4337,ぴあ,VERIFIED,,2026-09-25,2600.0,2886.0,25100.0,22910.0,1.0955914447839372,False,https://query1.finance.yahoo.com/v8/finance/chart/4337.T?range=3mo&interval=1d&events=history&includeAdjustedClose=false
2026-09-25,4343,イオンファンタジー,VERIFIED,,2026-09-25,2746.0,2902.0,44700.0,86730.0,0.5153925977170529,False,https://query1.finance.yahoo.com/v8/finance/chart/4343.T?range=3mo&interval=1d&events=history&includeAdjustedClose=false
2026-09-25,4344,ソースネクスト,VERIFIED,,2026-09-25,104.0,120.0,1790400.0,1281570.0,1.3970364474823849,False,https://query1.finance.yahoo.com/v8/finance/chart/4344.T?range=3mo&interval=1d&events=history&includeAdjustedClose=false
2026-09-25,4345,シーティーエス,VERIFIED,,2026-09-25,855.0,857.0,70000.0,60825.0,1.1508425811755034,False,https://query1.finance.yahoo.com/v8/finance/chart/4345.T?range=3mo&interval=1d&events=history&includeAdjustedClose=false
2026-09-25,4362,日本精化,VERIFIED,,2026-09-25,2708.0,2787.0,38100.0,19585.0,1.9453663517998467,False,https://query1.finance.yahoo.com/v8/finance/chart/4362.T?range=3mo&interval=1d&events=history&includeAdjustedClose=false
2026-09-25,4368,扶桑化学工業,VERIFIED,,2026-09-25,3060.0,3120.0,430600.0,758510.0,0.5676919223213932,False,https://query1.finance.yahoo.com/v8/finance/chart/4368.T?range=3mo&interval=1d&events=history&includeAdjustedClose=false
2026-09-25,4369,トリケミカル研究所,VERIFIED,,2026-09-25,2992.0,3290.0,451400.0,606900.0,0.7437798648871313,False,https://query1.finance.yahoo.com/v8/finance/chart/4369.T?range=3mo&interval=1d&events=history&includeAdjustedClose=false
2026-09-25,4373,シンプレクス・ホールディングス,VERIFIED,,2026-09-25,1150.0,1280.0,2802300.0,1522935.0,1.840065400033488,False,https://query1.finance.yahoo.com/v8/finance/chart/4373.T?range=3mo&interval=1d&events=history&includeAdjustedClose=false
2026-09-25,4385,メルカリ,VERIFIED,,2026-09-25,3635.0,4685.0,2312400.0,2053195.0,1.1262447064209682,False,https://query1.finance.yahoo.com/v8/finance/chart/4385.T?range=3mo&interval=1d&events=history&includeAdjustedClose=false
2026-09-25,4390,ＩＰＳ,VERIFIED,,2026-09-25,4130.0,4320.0,43300.0,59370.0,0.7293245747010274,False,https://query1.finance.yahoo.com/v8/finance/chart/4390.T?range=3mo&interval=1d&events=history&includeAdjustedClose=false
2026-09-25,4392,ＦＩＧ,VERIFIED,,2026-09-25,946.0,1230.0,873800.0,3489725.0,0.2503922228828919,False,https://query1.finance.yahoo.com/v8/finance/chart/4392.T?range=3mo&interval=1d&events=history&includeAdjustedClose=false
2026-09-25,4396,システムサポートホールディングス,VERIFIED,,2026-09-25,1353.0,1455.0,77000.0,83335.0,0.9239815203695926,False,https://query1.finance.yahoo.com/v8/finance/chart/4396.T?range=3mo&interval=1d&events=history&includeAdjustedClose=false
2026-09-25,4401,ＡＤＥＫＡ,VERIFIED,,2026-09-25,4650.0,4785.0,253500.0,263215.0,0.9630910092509926,False,https://query1.finance.yahoo.com/v8/finance/chart/4401.T?range=3mo&interval=1d&events=history&includeAdjustedClose=false
2026-09-25,4403,日油,VERIFIED,,2026-09-25,2577.0,2812.0,918700.0,902570.0,1.0178711900462014,False,https://query1.finance.yahoo.com/v8/finance/chart/4403.T?range=3mo&interval=1d&events=history&includeAdjustedClose=false
2026-09-25,4410,ハリマ化成グループ,VERIFIED,,2026-09-25,1158.0,1180.0,82600.0,57855.0,1.427707199032063,False,https://query1.finance.yahoo.com/v8/finance/chart/4410.T?range=3mo&interval=1d&events=history&includeAdjustedClose=false
2026-09-25,4413,ボードルア,VERIFIED,,2026-09-25,2964.0,2990.0,623500.0,397235.0,1.5695998590255138,False,https://query1.finance.yahoo.com/v8/finance/chart/4413.T?range=3mo&interval=1d&events=history&includeAdjustedClose=false
2026-09-25,4432,ウイングアーク１ｓｔ,VERIFIED,,2026-09-25,3340.0,3585.0,93400.0,186470.0,0.5008848608355232,False,https://query1.finance.yahoo.com/v8/finance/chart/4432.T?range=3mo&interval=1d&events=history&includeAdjustedClose=false
2026-09-25,4433,ヒト・コミュニケーションズ・ホールディングス,VERIFIED,,2026-09-25,859.0,910.0,18400.0,49175.0,0.37417386883579057,False,https://query1.finance.yahoo.com/v8/finance/chart/4433.T?range=3mo&interval=1d&events=history&includeAdjustedClose=false
2026-09-25,4443,Ｓａｎｓａｎ,VERIFIED,,2026-09-25,2060.0,2355.0,1794900.0,1291125.0,1.3901829799593377,False,https://query1.finance.yahoo.com/v8/finance/chart/4443.T?range=3mo&interval=1d&events=history&includeAdjustedClose=false
2026-09-25,4452,花王,VERIFIED,,2026-09-25,3513.0,3699.0,3144000.0,2636125.0,1.1926596804021055,False,https://query1.finance.yahoo.com/v8/finance/chart/4452.T?range=3mo&interval=1d&events=history&includeAdjustedClose=false
2026-09-25,4461,第一工業製薬,VERIFIED,,2026-09-25,13950.0,14770.0,132700.0,174800.0,0.7591533180778032,False,https://query1.finance.yahoo.com/v8/finance/chart/4461.T?range=3mo&interval=1d&events=history&includeAdjustedClose=false
2026-09-25,4462,石原ケミカル,VERIFIED,,2026-09-25,2801.0,3040.0,65500.0,32155.0,2.0370082413310526,False,https://query1.finance.yahoo.com/v8/finance/chart/4462.T?range=3mo&interval=1d&events=history&includeAdjustedClose=false
2026-09-25,4471,三洋化成工業,VERIFIED,,2026-09-25,6540.0,6740.0,132900.0,123365.0,1.077290965833097,False,https://query1.finance.yahoo.com/v8/finance/chart/4471.T?range=3mo&interval=1d&events=history&includeAdjustedClose=false
2026-09-25,4480,メドレー,VERIFIED,,2026-09-25,2349.0,2826.0,212700.0,287805.0,0.7390420597279408,False,https://query1.finance.yahoo.com/v8/finance/chart/4480.T?range=3mo&interval=1d&events=history&includeAdjustedClose=false
2026-09-25,4481,ベース,VERIFIED,,2026-09-25,3210.0,3445.0,57500.0,67730.0,0.8489591023180275,False,https://query1.finance.yahoo.com/v8/finance/chart/4481.T?range=3mo&interval=1d&events=history&includeAdjustedClose=false
2026-09-25,4483,ＪＭＤＣ,VERIFIED,,2026-09-25,3605.0,3700.0,252100.0,306880.0,0.8214937434827946,False,https://query1.finance.yahoo.com/v8/finance/chart/4483.T?range=3mo&interval=1d&events=history&includeAdjustedClose=false
2026-09-25,4502,武田薬品工業,VERIFIED,,2026-09-25,5969.0,6030.0,3826100.0,4105100.0,0.9320357603956054,False,https://query1.finance.yahoo.com/v8/finance/chart/4502.T?range=3mo&interval=1d&events=history&includeAdjustedClose=false
2026-09-25,4503,アステラス製薬,VERIFIED,,2026-09-25,2399.0,2455.0,5627600.0,5946980.0,0.9462954306219291,False,https://query1.finance.yahoo.com/v8/finance/chart/4503.T?range=3mo&interval=1d&events=history&includeAdjustedClose=false
2026-09-25,4506,住友ファーマ,VERIFIED,,2026-09-25,1595.0,1699.0,2081900.0,3843965.0,0.541602225826718,False,https://query1.finance.yahoo.com/v8/finance/chart/4506.T?range=3mo&interval=1d&events=history&includeAdjustedClose=false
2026-09-25,4507,塩野義製薬,VERIFIED,,2026-09-25,2938.0,3026.0,2423900.0,2581045.0,0.9391157457541423,False,https://query1.finance.yahoo.com/v8/finance/chart/4507.T?range=3mo&interval=1d&events=history&includeAdjustedClose=false
2026-09-25,4516,日本新薬,VERIFIED,,2026-09-25,3509.0,3644.0,381800.0,419575.0,0.9099684204254305,False,https://query1.finance.yahoo.com/v8/finance/chart/4516.T?range=3mo&interval=1d&events=history&includeAdjustedClose=false
2026-09-25,4519,中外製薬,VERIFIED,,2026-09-25,6616.0,7090.0,3185400.0,2331730.0,1.3661101413971601,False,https://query1.finance.yahoo.com/v8/finance/chart/4519.T?range=3mo&interval=1d&events=history&includeAdjustedClose=false
2026-09-25,4521,科研製薬,VERIFIED,,2026-09-25,3965.0,4050.0,80000.0,103435.0,0.7734325905157828,False,https://query1.finance.yahoo.com/v8/finance/chart/4521.T?range=3mo&interval=1d&events=history&includeAdjustedClose=false
2026-09-25,4523,エーザイ,VERIFIED,,2026-09-25,4955.0,4995.0,1189600.0,1177110.0,1.0106107330665783,False,https://query1.finance.yahoo.com/v8/finance/chart/4523.T?range=3mo&interval=1d&events=history&includeAdjustedClose=false
2026-09-25,4526,理研ビタミン,VERIFIED,,2026-09-25,3340.0,3470.0,138200.0,87930.0,1.5717047651540998,False,https://query1.finance.yahoo.com/v8/finance/chart/4526.T?range=3mo&interval=1d&events=history&includeAdjustedClose=false
2026-09-25,4527,ロート製薬,VERIFIED,,2026-09-25,2822.0,3122.0,906300.0,1153255.0,0.7858626236175,False,https://query1.finance.yahoo.com/v8/finance/chart/4527.T?range=3mo&interval=1d&events=history&includeAdjustedClose=false
2026-09-25,4528,小野薬品工業,VERIFIED,,2026-09-25,2442.0,2517.5,1840900.0,1430865.0,1.2865644208223697,False,https://query1.finance.yahoo.com/v8/finance/chart/4528.T?range=3mo&interval=1d&events=history&includeAdjustedClose=false
2026-09-25,4534,持田製薬,VERIFIED,,2026-09-25,3300.0,3340.0,31400.0,42480.0,0.7391713747645952,False,https://query1.finance.yahoo.com/v8/finance/chart/4534.T?range=3mo&interval=1d&events=history&includeAdjustedClose=false
2026-09-25,4536,参天製薬,VERIFIED,,2026-09-25,1748.5,1906.5,1531000.0,1406250.0,1.0887111111111112,False,https://query1.finance.yahoo.com/v8/finance/chart/4536.T?range=3mo&interval=1d&events=history&includeAdjustedClose=false
2026-09-25,4538,扶桑薬品工業,VERIFIED,,2026-09-25,2250.0,2330.0,19500.0,12195.0,1.5990159901599017,False,https://query1.finance.yahoo.com/v8/finance/chart/4538.T?range=3mo&interval=1d&events=history&includeAdjustedClose=false
2026-09-25,4540,ツムラ,VERIFIED,,2026-09-25,3878.0,3888.0,431200.0,573230.0,0.7522285993405788,False,https://query1.finance.yahoo.com/v8/finance/chart/4540.T?range=3mo&interval=1d&events=history&includeAdjustedClose=false
2026-09-25,4543,テルモ,VERIFIED,,2026-09-25,2296.5,2627.5,5424500.0,4298985.0,1.2618094736315666,False,https://query1.finance.yahoo.com/v8/finance/chart/4543.T?range=3mo&interval=1d&events=history&includeAdjustedClose=false
2026-09-25,4544,Ｈ．Ｕ．グループホールディングス,VERIFIED,,2026-09-25,3600.0,3716.0,172900.0,216495.0,0.7986327628813599,False,https://query1.finance.yahoo.com/v8/finance/chart/4544.T?range=3mo&interval=1d&events=history&includeAdjustedClose=false
2026-09-25,4547,キッセイ薬品工業,VERIFIED,,2026-09-25,4005.0,4140.0,54900.0,54560.0,1.0062316715542523,False,https://query1.finance.yahoo.com/v8/finance/chart/4547.T?range=3mo&interval=1d&events=history&includeAdjustedClose=false
2026-09-25,4548,生化学工業,VERIFIED,,2026-09-25,623.0,734.0,1612000.0,280340.0,5.750160519369337,False,https://query1.finance.yahoo.com/v8/finance/chart/4548.T?range=3mo&interval=1d&events=history&includeAdjustedClose=false
2026-09-25,4549,栄研化学,VERIFIED,,2026-09-25,2391.0,2394.0,112600.0,201120.0,0.5598647573587908,False,https://query1.finance.yahoo.com/v8/finance/chart/4549.T?range=3mo&interval=1d&events=history&includeAdjustedClose=false
2026-09-25,4552,ＪＣＲファーマ,VERIFIED,,2026-09-25,515.0,546.0,410900.0,424385.0,0.9682246073730222,False,https://query1.finance.yahoo.com/v8/finance/chart/4552.T?range=3mo&interval=1d&events=history&includeAdjustedClose=false
2026-09-25,4553,東和薬品,VERIFIED,,2026-09-25,3710.0,3995.0,89500.0,112475.0,0.7957323849744388,False,https://query1.finance.yahoo.com/v8/finance/chart/4553.T?range=3mo&interval=1d&events=history&includeAdjustedClose=false
2026-09-25,4554,富士製薬工業,VERIFIED,,2026-09-25,1831.0,1875.0,93400.0,108475.0,0.8610278866098179,False,https://query1.finance.yahoo.com/v8/finance/chart/4554.T?range=3mo&interval=1d&events=history&includeAdjustedClose=false
2026-09-25,4559,ゼリア新薬工業,VERIFIED,,2026-09-25,2035.0,2096.0,199400.0,163690.0,1.218156271000061,False,https://query1.finance.yahoo.com/v8/finance/chart/4559.T?range=3mo&interval=1d&events=history&includeAdjustedClose=false
2026-09-25,4565,ネクセラファーマ,VERIFIED,,2026-09-25,1260.0,1319.0,670300.0,1284400.0,0.521877919651199,False,https://query1.finance.yahoo.com/v8/finance/chart/4565.T?range=3mo&interval=1d&events=history&includeAdjustedClose=false
2026-09-25,4568,第一三共,VERIFIED,,2026-09-25,2929.0,2958.0,6404400.0,5794120.0,1.1053274699177786,False,https://query1.finance.yahoo.com/v8/finance/chart/4568.T?range=3mo&interval=1d&events=history&includeAdjustedClose=false
2026-09-25,4569,杏林製薬,VERIFIED,,2026-09-25,1140.0,1205.0,237300.0,270445.0,0.8774427332729391,False,https://query1.finance.yahoo.com/v8/finance/chart/4569.T?range=3mo&interval=1d&events=history&includeAdjustedClose=false
2026-09-25,4574,大幸薬品,VERIFIED,,2026-09-25,259.0,272.0,120500.0,80150.0,1.503431066749844,False,https://query1.finance.yahoo.com/v8/finance/chart/4574.T?range=3mo&interval=1d&events=history&includeAdjustedClose=false
2026-09-25,4577,ダイト,VERIFIED,,2026-09-25,1350.0,1385.0,108800.0,71615.0,1.5192347971793618,False,https://query1.finance.yahoo.com/v8/finance/chart/4577.T?range=3mo&interval=1d&events=history&includeAdjustedClose=false
2026-09-25,4578,大塚ホールディングス,VERIFIED,,2026-09-25,11160.0,12500.0,1325000.0,1250660.0,1.0594406153550926,False,https://query1.finance.yahoo.com/v8/finance/chart/4578.T?range=3mo&interval=1d&events=history&includeAdjustedClose=false
2026-09-25,4587,ペプチドリーム,VERIFIED,,2026-09-25,1069.0,1155.0,494300.0,763550.0,0.6473708336061816,False,https://query1.finance.yahoo.com/v8/finance/chart/4587.T?range=3mo&interval=1d&events=history&includeAdjustedClose=false
2026-09-25,4611,大日本塗料,VERIFIED,,2026-09-25,1593.0,1649.0,100900.0,71990.0,1.4015835532712877,False,https://query1.finance.yahoo.com/v8/finance/chart/4611.T?range=3mo&interval=1d&events=history&includeAdjustedClose=false
2026-09-25,4612,日本ペイントホールディングス,VERIFIED,,2026-09-25,1179.5,1219.5,4904600.0,2949600.0,1.662801735828587,False,https://query1.finance.yahoo.com/v8/finance/chart/4612.T?range=3mo&interval=1d&events=history&includeAdjustedClose=false
2026-09-25,4613,関西ペイント,VERIFIED,,2026-09-25,2867.0,2935.0,777800.0,793295.0,0.9804675435997958,False,https://query1.finance.yahoo.com/v8/finance/chart/4613.T?range=3mo&interval=1d&events=history&includeAdjustedClose=false
2026-09-25,4617,中国塗料,VERIFIED,,2026-09-25,3580.0,3665.0,149800.0,156850.0,0.9550525980235894,False,https://query1.finance.yahoo.com/v8/finance/chart/4617.T?range=3mo&interval=1d&events=history&includeAdjustedClose=false
2026-09-25,4626,太陽ホールディングス,VERIFIED,,2026-09-25,4780.0,4762.0,309600.0,277545.0,1.1154947846295196,False,https://query1.finance.yahoo.com/v8/finance/chart/4626.T?range=3mo&interval=1d&events=history&includeAdjustedClose=false
2026-09-25,4631,ＤＩＣ,VERIFIED,,2026-09-25,4846.0,5295.0,523400.0,637510.0,0.821006729306207,False,https://query1.finance.yahoo.com/v8/finance/chart/4631.T?range=3mo&interval=1d&events=history&includeAdjustedClose=false
2026-09-25,4633,サカタインクス,VERIFIED,,2026-09-25,2684.0,2712.0,163200.0,125095.0,1.3046084975418681,False,https://query1.finance.yahoo.com/v8/finance/chart/4633.T?range=3mo&interval=1d&events=history&includeAdjustedClose=false
2026-09-25,4634,ａｒｔｉｅｎｃｅ,VERIFIED,,2026-09-25,5130.0,5220.0,135900.0,125020.0,1.0870260758278676,False,https://query1.finance.yahoo.com/v8/finance/chart/4634.T?range=3mo&interval=1d&events=history&includeAdjustedClose=false
2026-09-25,4641,アルプス技研,VERIFIED,,2026-09-25,872.0,895.0,112700.0,88855.0,1.2683585617016488,False,https://query1.finance.yahoo.com/v8/finance/chart/4641.T?range=3mo&interval=1d&events=history&includeAdjustedClose=false
2026-09-25,4658,日本空調サービス,VERIFIED,,2026-09-25,1651.0,1685.0,205000.0,158445.0,1.293824355454574,False,https://query1.finance.yahoo.com/v8/finance/chart/4658.T?range=3mo&interval=1d&events=history&includeAdjustedClose=false
2026-09-25,4661,オリエンタルランド,VERIFIED,,2026-09-25,2968.0,3196.0,4755200.0,4757390.0,0.9995396635550166,False,https://query1.finance.yahoo.com/v8/finance/chart/4661.T?range=3mo&interval=1d&events=history&includeAdjustedClose=false
2026-09-25,4662,フォーカスシステムズ,VERIFIED,,2026-09-25,1647.0,1726.0,35700.0,38480.0,0.9277546777546778,False,https://query1.finance.yahoo.com/v8/finance/chart/4662.T?range=3mo&interval=1d&events=history&includeAdjustedClose=false
2026-09-25,4665,ダスキン,VERIFIED,,2026-09-25,4772.0,4763.0,178100.0,100590.0,1.7705537329754448,False,https://query1.finance.yahoo.com/v8/finance/chart/4665.T?range=3mo&interval=1d&events=history&includeAdjustedClose=false
2026-09-25,4666,パーク２４,VERIFIED,,2026-09-25,2013.5,2076.0,729600.0,996080.0,0.7324712874467915,False,https://query1.finance.yahoo.com/v8/finance/chart/4666.T?range=3mo&interval=1d&events=history&includeAdjustedClose=false
2026-09-25,4668,明光ネットワークジャパン,VERIFIED,,2026-09-25,761.0,800.0,68800.0,136375.0,0.5044912923923006,False,https://query1.finance.yahoo.com/v8/finance/chart/4668.T?range=3mo&interval=1d&events=history&includeAdjustedClose=false
2026-09-25,4674,クレスコ,VERIFIED,,2026-09-25,1904.0,2078.0,163900.0,193690.0,0.846197532138985,False,https://query1.finance.yahoo.com/v8/finance/chart/4674.T?range=3mo&interval=1d&events=history&includeAdjustedClose=false
2026-09-25,4676,フジ・メディア・ホールディングス,VERIFIED,,2026-09-25,4075.0,4260.0,536300.0,536465.0,0.9996924310066826,False,https://query1.finance.yahoo.com/v8/finance/chart/4676.T?range=3mo&interval=1d&events=history&includeAdjustedClose=false
2026-09-25,4680,ラウンドワン,VERIFIED,,2026-09-25,1187.5,1380.0,1632800.0,2217775.0,0.7362333870658656,False,https://query1.finance.yahoo.com/v8/finance/chart/4680.T?range=3mo&interval=1d&events=history&includeAdjustedClose=false
2026-09-25,4681,リゾートトラスト,VERIFIED,,2026-09-25,1787.5,1916.5,392800.0,440770.0,0.8911677292011707,False,https://query1.finance.yahoo.com/v8/finance/chart/4681.T?range=3mo&interval=1d&events=history&includeAdjustedClose=false
2026-09-25,4684,オービック,VERIFIED,,2026-09-25,5061.0,5180.0,1599900.0,1974850.0,0.810137478795858,False,https://query1.finance.yahoo.com/v8/finance/chart/4684.T?range=3mo&interval=1d&events=history&includeAdjustedClose=false
2026-09-25,4686,ジャストシステム,VERIFIED,,2026-09-25,4440.0,4455.0,142900.0,105390.0,1.3559161210741058,False,https://query1.finance.yahoo.com/v8/finance/chart/4686.T?range=3mo&interval=1d&events=history&includeAdjustedClose=false
2026-09-25,4687,ＴＤＣソフト,VERIFIED,,2026-09-25,1063.0,1086.0,74800.0,83795.0,0.8926546930007757,False,https://query1.finance.yahoo.com/v8/finance/chart/4687.T?range=3mo&interval=1d&events=history&includeAdjustedClose=false
2026-09-25,4689,ＬＩＮＥヤフー,VERIFIED,,2026-09-25,512.2999877929688,570.9000244140625,26257900.0,19814370.0,1.325194795494381,False,https://query1.finance.yahoo.com/v8/finance/chart/4689.T?range=3mo&interval=1d&events=history&includeAdjustedClose=false
2026-09-25,4694,ビー・エム・エル,VERIFIED,,2026-09-25,3700.0,3720.0,47200.0,57205.0,0.825102700812866,False,https://query1.finance.yahoo.com/v8/finance/chart/4694.T?range=3mo&interval=1d&events=history&includeAdjustedClose=false
2026-09-25,4704,トレンドマイクロ,VERIFIED,,2026-09-25,6541.0,6696.0,1504200.0,1094670.0,1.3741127463071063,False,https://query1.finance.yahoo.com/v8/finance/chart/4704.T?range=3mo&interval=1d&events=history&includeAdjustedClose=false
2026-09-25,4709,ＩＤホールディングス,VERIFIED,,2026-09-25,1111.0,1108.0,57400.0,50665.0,1.1329320043422482,False,https://query1.finance.yahoo.com/v8/finance/chart/4709.T?range=3mo&interval=1d&events=history&includeAdjustedClose=false
2026-09-25,4714,リソー教育グループ,VERIFIED,,2026-09-25,214.0,215.0,654600.0,663185.0,0.9870548941848806,False,https://query1.finance.yahoo.com/v8/finance/chart/4714.T?range=3mo&interval=1d&events=history&includeAdjustedClose=false
2026-09-25,4718,早稲田アカデミー,VERIFIED,,2026-09-25,2470.0,2655.0,71000.0,37610.0,1.8877957989896303,False,https://query1.finance.yahoo.com/v8/finance/chart/4718.T?range=3mo&interval=1d&events=history&includeAdjustedClose=false
2026-09-25,4719,アルファシステムズ,VERIFIED,,2026-09-25,3350.0,3495.0,22200.0,12470.0,1.7802726543704892,False,https://query1.finance.yahoo.com/v8/finance/chart/4719.T?range=3mo&interval=1d&events=history&includeAdjustedClose=false
2026-09-25,471A,ＮＳグループ,VERIFIED,,2026-09-25,1547.0,1646.0,186600.0,206945.0,0.901688854526565,False,https://query1.finance.yahoo.com/v8/finance/chart/471A.T?range=3mo&interval=1d&events=history&includeAdjustedClose=false
2026-09-25,4722,フューチャー,VERIFIED,,2026-09-25,2425.0,2472.0,788400.0,697415.0,1.1304603428374784,False,https://query1.finance.yahoo.com/v8/finance/chart/4722.T?range=3mo&interval=1d&events=history&includeAdjustedClose=false
2026-09-25,4725,ＣＡＣ　Ｈｏｌｄｉｎｇｓ,VERIFIED,,2026-09-25,1952.0,1988.0,46300.0,41105.0,1.12638365162389,False,https://query1.finance.yahoo.com/v8/finance/chart/4725.T?range=3mo&interval=1d&events=history&includeAdjustedClose=false
2026-09-25,4732,ユー・エス・エス,VERIFIED,,2026-09-25,1875.0,2019.0,1519000.0,1198655.0,1.2672537135372564,False,https://query1.finance.yahoo.com/v8/finance/chart/4732.T?range=3mo&interval=1d&events=history&includeAdjustedClose=false
2026-09-25,4733,オービックビジネスコンサルタント,VERIFIED,,2026-09-25,8261.0,8891.0,262600.0,183695.0,1.4295435368409593,False,https://query1.finance.yahoo.com/v8/finance/chart/4733.T?range=3mo&interval=1d&events=history&includeAdjustedClose=false
2026-09-25,4743,アイティフォー,VERIFIED,,2026-09-25,1669.0,1699.0,59800.0,90020.0,0.6642968229282382,False,https://query1.finance.yahoo.com/v8/finance/chart/4743.T?range=3mo&interval=1d&events=history&includeAdjustedClose=false
2026-09-25,4751,サイバーエージェント,VERIFIED,,2026-09-25,1249.5,1371.5,4094600.0,4506775.0,0.9085432487754548,False,https://query1.finance.yahoo.com/v8/finance/chart/4751.T?range=3mo&interval=1d&events=history&includeAdjustedClose=false
2026-09-25,4755,楽天グループ,VERIFIED,,2026-09-25,680.2000122070312,794.5999755859375,32863300.0,15612325.0,2.104958742531942,False,https://query1.finance.yahoo.com/v8/finance/chart/4755.T?range=3mo&interval=1d&events=history&includeAdjustedClose=false
2026-09-25,4763,クリーク・アンド・リバー社,VERIFIED,,2026-09-25,1493.0,1547.0,35700.0,36225.0,0.9855072463768116,False,https://query1.finance.yahoo.com/v8/finance/chart/4763.T?range=3mo&interval=1d&events=history&includeAdjustedClose=false
2026-09-25,4765,ＳＢＩグローバルアセットマネジメント,VERIFIED,,2026-09-25,627.0,653.0,177100.0,288330.0,0.614226754066521,False,https://query1.finance.yahoo.com/v8/finance/chart/4765.T?range=3mo&interval=1d&events=history&includeAdjustedClose=false
2026-09-25,4768,大塚商会,VERIFIED,,2026-09-25,3662.0,3690.0,1116000.0,1175055.0,0.9497427779976256,False,https://query1.finance.yahoo.com/v8/finance/chart/4768.T?range=3mo&interval=1d&events=history&includeAdjustedClose=false
2026-09-25,4776,サイボウズ,VERIFIED,,2026-09-25,3015.0,3375.0,189600.0,262545.0,0.7221619151002685,False,https://query1.finance.yahoo.com/v8/finance/chart/4776.T?range=3mo&interval=1d&events=history&includeAdjustedClose=false
2026-09-25,4784,ＧＭＯインターネット,VERIFIED,,2026-09-25,551.0,608.0,1634900.0,1988700.0,0.8220948358223965,False,https://query1.finance.yahoo.com/v8/finance/chart/4784.T?range=3mo&interval=1d&events=history&includeAdjustedClose=false
2026-09-25,4792,山田コンサルティンググループ,VERIFIED,,2026-09-25,1791.0,1819.0,24400.0,23735.0,1.0280176953865598,False,https://query1.finance.yahoo.com/v8/finance/chart/4792.T?range=3mo&interval=1d&events=history&includeAdjustedClose=false
2026-09-25,4801,セントラルスポーツ,VERIFIED,,2026-09-25,2401.0,2477.0,42000.0,15825.0,2.654028436018957,False,https://query1.finance.yahoo.com/v8/finance/chart/4801.T?range=3mo&interval=1d&events=history&includeAdjustedClose=false
2026-09-25,4809,パラカ,VERIFIED,,2026-09-25,2040.0,2083.0,16900.0,15305.0,1.1042143090493304,False,https://query1.finance.yahoo.com/v8/finance/chart/4809.T?range=3mo&interval=1d&events=history&includeAdjustedClose=false
2026-09-25,4812,電通総研,VERIFIED,,2026-09-25,2860.0,2930.0,559300.0,1307885.0,0.42763698643229336,False,https://query1.finance.yahoo.com/v8/finance/chart/4812.T?range=3mo&interval=1d&events=history&includeAdjustedClose=false
2026-09-25,4813,ＡＣＣＥＳＳ,VERIFIED,,2026-09-25,410.0,490.0,392300.0,594800.0,0.6595494283792872,False,https://query1.finance.yahoo.com/v8/finance/chart/4813.T?range=3mo&interval=1d&events=history&includeAdjustedClose=false
2026-09-25,4819,デジタルガレージ,VERIFIED,,2026-09-25,2407.0,2424.0,255900.0,254780.0,1.0043959494465813,False,https://query1.finance.yahoo.com/v8/finance/chart/4819.T?range=3mo&interval=1d&events=history&includeAdjustedClose=false
2026-09-25,4820,イーエムシステムズ,VERIFIED,,2026-09-25,596.0,612.0,157400.0,84045.0,1.8728062347551906,False,https://query1.finance.yahoo.com/v8/finance/chart/4820.T?range=3mo&interval=1d&events=history&includeAdjustedClose=false
2026-09-25,4825,ウェザーニューズ,VERIFIED,,2026-09-25,2003.0,2161.0,123100.0,196910.0,0.6251587019450511,False,https://query1.finance.yahoo.com/v8/finance/chart/4825.T?range=3mo&interval=1d&events=history&includeAdjustedClose=false
2026-09-25,4826,ＣＩＪ,VERIFIED,,2026-09-25,544.0,563.0,138500.0,203690.0,0.6799548333251509,False,https://query1.finance.yahoo.com/v8/finance/chart/4826.T?range=3mo&interval=1d&events=history&includeAdjustedClose=false
2026-09-25,4828,ビジネスエンジニアリング,VERIFIED,,2026-09-25,1385.0,1492.0,85200.0,123325.0,0.690857490370971,False,https://query1.finance.yahoo.com/v8/finance/chart/4828.T?range=3mo&interval=1d&events=history&includeAdjustedClose=false
2026-09-25,4839,ＷＯＷＯＷ,VERIFIED,,2026-09-25,1000.0,1025.0,71000.0,66640.0,1.0654261704681873,False,https://query1.finance.yahoo.com/v8/finance/chart/4839.T?range=3mo&interval=1d&events=history&includeAdjustedClose=false
2026-09-25,4847,インテリジェント　ウェイブ,VERIFIED,,2026-09-25,1535.0,1557.0,65300.0,90660.0,0.7202735495257004,False,https://query1.finance.yahoo.com/v8/finance/chart/4847.T?range=3mo&interval=1d&events=history&includeAdjustedClose=false
2026-09-25,4848,フルキャストホールディングス,VERIFIED,,2026-09-25,1882.0,1938.0,66600.0,67420.0,0.9878374369623257,False,https://query1.finance.yahoo.com/v8/finance/chart/4848.T?range=3mo&interval=1d&events=history&includeAdjustedClose=false
2026-09-25,4849,エン,VERIFIED,,2026-09-25,1727.0,1752.0,394700.0,338545.0,1.1658715975719625,False,https://query1.finance.yahoo.com/v8/finance/chart/4849.T?range=3mo&interval=1d&events=history&includeAdjustedClose=false
2026-09-25,4886,あすか製薬ホールディングス,VERIFIED,,2026-09-25,2157.0,2180.0,51900.0,48750.0,1.0646153846153845,False,https://query1.finance.yahoo.com/v8/finance/chart/4886.T?range=3mo&interval=1d&events=history&includeAdjustedClose=false
2026-09-25,4887,サワイグループホールディングス,VERIFIED,,2026-09-25,1666.5,1682.5,600800.0,678520.0,0.8854565819725284,False,https://query1.finance.yahoo.com/v8/finance/chart/4887.T?range=3mo&interval=1d&events=history&includeAdjustedClose=false
2026-09-25,4901,富士フイルムホールディングス,VERIFIED,,2026-09-25,3449.0,3463.0,4392100.0,3826855.0,1.1477048385684852,False,https://query1.finance.yahoo.com/v8/finance/chart/4901.T?range=3mo&interval=1d&events=history&includeAdjustedClose=false
2026-09-25,4902,コニカミノルタ,VERIFIED,,2026-09-25,670.7999877929688,696.0,5995100.0,4217030.0,1.4216403487762714,False,https://query1.finance.yahoo.com/v8/finance/chart/4902.T?range=3mo&interval=1d&events=history&includeAdjustedClose=false
2026-09-25,4911,資生堂,VERIFIED,,2026-09-25,3500.0,3821.0,2667200.0,2417025.0,1.1035053423113124,False,https://query1.finance.yahoo.com/v8/finance/chart/4911.T?range=3mo&interval=1d&events=history&includeAdjustedClose=false
2026-09-25,4912,ライオン,VERIFIED,,2026-09-25,1730.5,1946.0,988400.0,1138210.0,0.868381054462709,False,https://query1.finance.yahoo.com/v8/finance/chart/4912.T?range=3mo&interval=1d&events=history&includeAdjustedClose=false
2026-09-25,4914,高砂香料工業,VERIFIED,,2026-09-25,1335.0,1357.0,138500.0,159050.0,0.8707953473750393,False,https://query1.finance.yahoo.com/v8/finance/chart/4914.T?range=3mo&interval=1d&events=history&includeAdjustedClose=false
2026-09-25,4919,ミルボン,VERIFIED,,2026-09-25,3260.0,3360.0,162900.0,184695.0,0.8819946398115812,False,https://query1.finance.yahoo.com/v8/finance/chart/4919.T?range=3mo&interval=1d&events=history&includeAdjustedClose=false
2026-09-25,4922,コーセーホールディングス,VERIFIED,,2026-09-25,5716.0,6079.0,273400.0,277540.0,0.9850832312459465,False,https://query1.finance.yahoo.com/v8/finance/chart/4922.T?range=3mo&interval=1d&events=history&includeAdjustedClose=false
2026-09-25,4923,コタ,VERIFIED,,2026-09-25,1232.0,1276.0,28500.0,26840.0,1.0618479880774963,False,https://query1.finance.yahoo.com/v8/finance/chart/4923.T?range=3mo&interval=1d&events=history&includeAdjustedClose=false
2026-09-25,4927,ポーラ・オルビスホールディングス,VERIFIED,,2026-09-25,1390.0,1421.0,472700.0,517200.0,0.9139597834493426,False,https://query1.finance.yahoo.com/v8/finance/chart/4927.T?range=3mo&interval=1d&events=history&includeAdjustedClose=false
2026-09-25,4928,ノエビアホールディングス,VERIFIED,,2026-09-25,4815.0,4985.0,129800.0,78265.0,1.6584680252986648,False,https://query1.finance.yahoo.com/v8/finance/chart/4928.T?range=3mo&interval=1d&events=history&includeAdjustedClose=false
2026-09-25,4931,新日本製薬,VERIFIED,,2026-09-25,2065.0,2126.0,76700.0,57930.0,1.3240117383048506,False,https://query1.finance.yahoo.com/v8/finance/chart/4931.T?range=3mo&interval=1d&events=history&includeAdjustedClose=false
2026-09-25,4933,Ｉ－ｎｅ,VERIFIED,,2026-09-25,2284.0,2435.0,265800.0,202275.0,1.314052651093808,False,https://query1.finance.yahoo.com/v8/finance/chart/4933.T?range=3mo&interval=1d&events=history&includeAdjustedClose=false
2026-09-25,4951,エステー,VERIFIED,,2026-09-25,1539.0,1550.0,73300.0,28655.0,2.5580177979410226,False,https://query1.finance.yahoo.com/v8/finance/chart/4951.T?range=3mo&interval=1d&events=history&includeAdjustedClose=false
2026-09-25,4956,コニシ,VERIFIED,,2026-09-25,1519.0,1521.0,70200.0,65225.0,1.076274434649291,False,https://query1.finance.yahoo.com/v8/finance/chart/4956.T?range=3mo&interval=1d&events=history&includeAdjustedClose=false
2026-09-25,4958,長谷川香料,VERIFIED,,2026-09-25,3455.0,3530.0,218600.0,75960.0,2.8778304370721433,False,https://query1.finance.yahoo.com/v8/finance/chart/4958.T?range=3mo&interval=1d&events=history&includeAdjustedClose=false
2026-09-25,4967,小林製薬,VERIFIED,,2026-09-25,6885.0,5922.0,236200.0,214305.0,1.1021674715942231,False,https://query1.finance.yahoo.com/v8/finance/chart/4967.T?range=3mo&interval=1d&events=history&includeAdjustedClose=false
2026-09-25,4968,荒川化学工業,VERIFIED,,2026-09-25,2418.0,2407.0,201700.0,189010.0,1.067139304798688,False,https://query1.finance.yahoo.com/v8/finance/chart/4968.T?range=3mo&interval=1d&events=history&includeAdjustedClose=false
2026-09-25,4971,メック,VERIFIED,,2026-09-25,6730.0,7070.0,366200.0,314300.0,1.1651288577791918,False,https://query1.finance.yahoo.com/v8/finance/chart/4971.T?range=3mo&interval=1d&events=history&includeAdjustedClose=false
2026-09-25,4973,日本高純度化学,VERIFIED,,2026-09-25,4905.0,4895.0,70100.0,56580.0,1.238953693884765,False,https://query1.finance.yahoo.com/v8/finance/chart/4973.T?range=3mo&interval=1d&events=history&includeAdjustedClose=false
2026-09-25,4975,ＪＣＵ,VERIFIED,,2026-09-25,5870.0,5890.0,53100.0,105465.0,0.5034845683402076,False,https://query1.finance.yahoo.com/v8/finance/chart/4975.T?range=3mo&interval=1d&events=history&includeAdjustedClose=false
2026-09-25,4980,デクセリアルズ,VERIFIED,,2026-09-25,3079.0,3156.0,1092400.0,1387730.0,0.7871848270196652,False,https://query1.finance.yahoo.com/v8/finance/chart/4980.T?range=3mo&interval=1d&events=history&includeAdjustedClose=false
2026-09-25,4985,アース製薬,VERIFIED,,2026-09-25,4730.0,4970.0,44400.0,48255.0,0.9201119055020205,False,https://query1.finance.yahoo.com/v8/finance/chart/4985.T?range=3mo&interval=1d&events=history&includeAdjustedClose=false
2026-09-25,4996,クミアイ化学工業,VERIFIED,,2026-09-25,677.0,794.0,572200.0,677575.0,0.8444821606464229,False,https://query1.finance.yahoo.com/v8/finance/chart/4996.T?range=3mo&interval=1d&events=history&includeAdjustedClose=false
2026-09-25,4997,日本農薬,VERIFIED,,2026-09-25,1222.0,1326.0,518900.0,346745.0,1.496488774171221,False,https://query1.finance.yahoo.com/v8/finance/chart/4997.T?range=3mo&interval=1d&events=history&includeAdjustedClose=false
2026-09-25,5011,ニチレキグループ,VERIFIED,,2026-09-25,2354.0,2426.0,65500.0,68440.0,0.9570426651081239,False,https://query1.finance.yahoo.com/v8/finance/chart/5011.T?range=3mo&interval=1d&events=history&includeAdjustedClose=false
2026-09-25,5016,ＪＸ金属,VERIFIED,,2026-09-25,3555.0,3944.0,12140900.0,16683440.0,0.7277216209606652,False,https://query1.finance.yahoo.com/v8/finance/chart/5016.T?range=3mo&interval=1d&events=history&includeAdjustedClose=false
2026-09-25,5019,出光興産,VERIFIED,,2026-09-25,1663.0,1708.5,3878000.0,5429030.0,0.7143080808173836,False,https://query1.finance.yahoo.com/v8/finance/chart/5019.T?range=3mo&interval=1d&events=history&includeAdjustedClose=false
2026-09-25,5020,ＥＮＥＯＳホールディングス,VERIFIED,,2026-09-25,1436.0,1496.0,12562600.0,9420575.0,1.333527942827269,False,https://query1.finance.yahoo.com/v8/finance/chart/5020.T?range=3mo&interval=1d&events=history&includeAdjustedClose=false
2026-09-25,5021,コスモエネルギーホールディングス,VERIFIED,,2026-09-25,4510.0,4691.0,580000.0,680360.0,0.8524898583103063,False,https://query1.finance.yahoo.com/v8/finance/chart/5021.T?range=3mo&interval=1d&events=history&includeAdjustedClose=false
2026-09-25,5032,ＡＮＹＣＯＬＯＲ,VERIFIED,,2026-09-25,2960.0,3335.0,719400.0,735140.0,0.9785891122779334,False,https://query1.finance.yahoo.com/v8/finance/chart/5032.T?range=3mo&interval=1d&events=history&includeAdjustedClose=false
2026-09-25,5036,日本ビジネスシステムズ,VERIFIED,,2026-09-25,1613.0,1682.0,212100.0,108840.0,1.9487320837927233,False,https://query1.finance.yahoo.com/v8/finance/chart/5036.T?range=3mo&interval=1d&events=history&includeAdjustedClose=false
2026-09-25,5074,テスホールディングス,VERIFIED,,2026-09-25,567.0,671.0,734400.0,1063115.0,0.6908001486198577,False,https://query1.finance.yahoo.com/v8/finance/chart/5074.T?range=3mo&interval=1d&events=history&includeAdjustedClose=false
2026-09-25,5076,インフロニア・ホールディングス,VERIFIED,,2026-09-25,2897.0,2944.0,1135500.0,1445865.0,0.7853430299509291,False,https://query1.finance.yahoo.com/v8/finance/chart/5076.T?range=3mo&interval=1d&events=history&includeAdjustedClose=false
2026-09-25,5101,横浜ゴム,VERIFIED,,2026-09-25,6986.0,7644.0,981400.0,874730.0,1.1219462005418814,False,https://query1.finance.yahoo.com/v8/finance/chart/5101.T?range=3mo&interval=1d&events=history&includeAdjustedClose=false
2026-09-25,5105,ＴＯＹＯ　ＴＩＲＥ,VERIFIED,,2026-09-25,3871.0,3895.0,1249100.0,1598720.0,0.781312550040032,False,https://query1.finance.yahoo.com/v8/finance/chart/5105.T?range=3mo&interval=1d&events=history&includeAdjustedClose=false
2026-09-25,5108,ブリヂストン,VERIFIED,,2026-09-25,3839.0,4189.0,4182700.0,3653970.0,1.1447001480581396,False,https://query1.finance.yahoo.com/v8/finance/chart/5108.T?range=3mo&interval=1d&events=history&includeAdjustedClose=false
2026-09-25,5110,住友ゴム工業,VERIFIED,,2026-09-25,2036.0,2334.0,1736200.0,2013835.0,0.8621361730231126,False,https://query1.finance.yahoo.com/v8/finance/chart/5110.T?range=3mo&interval=1d&events=history&includeAdjustedClose=false
2026-09-25,5121,藤倉コンポジット,VERIFIED,,2026-09-25,3000.0,2925.0,284800.0,75325.0,3.780949220046465,True,https://query1.finance.yahoo.com/v8/finance/chart/5121.T?range=3mo&interval=1d&events=history&includeAdjustedClose=false
2026-09-25,5122,オカモト,VERIFIED,,2026-09-25,6400.0,6570.0,19500.0,26395.0,0.7387762833870051,False,https://query1.finance.yahoo.com/v8/finance/chart/5122.T?range=3mo&interval=1d&events=history&includeAdjustedClose=false
2026-09-25,5142,アキレス,VERIFIED,,2026-09-25,1903.0,2028.0,89600.0,84610.0,1.058976480321475,False,https://query1.finance.yahoo.com/v8/finance/chart/5142.T?range=3mo&interval=1d&events=history&includeAdjustedClose=false
2026-09-25,5185,フコク,VERIFIED,,2026-09-25,2040.0,2076.0,52800.0,42415.0,1.2448426264293293,False,https://query1.finance.yahoo.com/v8/finance/chart/5185.T?range=3mo&interval=1d&events=history&includeAdjustedClose=false
2026-09-25,5186,ニッタ,VERIFIED,,2026-09-25,6880.0,6950.0,35900.0,42070.0,0.8533396719752793,False,https://query1.finance.yahoo.com/v8/finance/chart/5186.T?range=3mo&interval=1d&events=history&includeAdjustedClose=false
2026-09-25,5192,三ツ星ベルト,VERIFIED,,2026-09-25,4330.0,4490.0,67300.0,63030.0,1.0677455180072981,False,https://query1.finance.yahoo.com/v8/finance/chart/5192.T?range=3mo&interval=1d&events=history&includeAdjustedClose=false
2026-09-25,5195,バンドー化学,VERIFIED,,2026-09-25,2527.0,2523.0,98500.0,61615.0,1.5986366956098352,False,https://query1.finance.yahoo.com/v8/finance/chart/5195.T?range=3mo&interval=1d&events=history&includeAdjustedClose=false
2026-09-25,5201,ＡＧＣ,VERIFIED,,2026-09-25,5710.0,5890.0,1141400.0,1200325.0,0.9509091287776227,False,https://query1.finance.yahoo.com/v8/finance/chart/5201.T?range=3mo&interval=1d&events=history&includeAdjustedClose=false
2026-09-25,5202,日本板硝子,VERIFIED,,2026-09-25,496.0,497.0,2558500.0,2668425.0,0.958805287763381,False,https://query1.finance.yahoo.com/v8/finance/chart/5202.T?range=3mo&interval=1d&events=history&includeAdjustedClose=false
2026-09-25,5208,有沢製作所,VERIFIED,,2026-09-25,2785.0,2752.0,213600.0,189025.0,1.1300092580346515,False,https://query1.finance.yahoo.com/v8/finance/chart/5208.T?range=3mo&interval=1d&events=history&includeAdjustedClose=false
2026-09-25,5214,日本電気硝子,VERIFIED,,2026-09-25,4875.0,5018.0,479000.0,664790.0,0.7205282871282661,False,https://query1.finance.yahoo.com/v8/finance/chart/5214.T?range=3mo&interval=1d&events=history&includeAdjustedClose=false
2026-09-25,5232,住友大阪セメント,VERIFIED,,2026-09-25,5745.0,5845.0,204900.0,168820.0,1.213718753702168,False,https://query1.finance.yahoo.com/v8/finance/chart/5232.T?range=3mo&interval=1d&events=history&includeAdjustedClose=false
2026-09-25,5233,太平洋セメント,VERIFIED,,2026-09-25,4148.0,4318.0,467400.0,418080.0,1.11796785304248,False,https://query1.finance.yahoo.com/v8/finance/chart/5233.T?range=3mo&interval=1d&events=history&includeAdjustedClose=false
2026-09-25,5261,リソルホールディングス,VERIFIED,,2026-09-25,7590.0,7850.0,3800.0,2975.0,1.2773109243697478,False,https://query1.finance.yahoo.com/v8/finance/chart/5261.T?range=3mo&interval=1d&events=history&includeAdjustedClose=false
2026-09-25,5262,日本ヒューム,VERIFIED,,2026-09-25,1128.0,1174.0,139000.0,191280.0,0.7266833960685906,False,https://query1.finance.yahoo.com/v8/finance/chart/5262.T?range=3mo&interval=1d&events=history&includeAdjustedClose=false
2026-09-25,5269,日本コンクリート工業,VERIFIED,,2026-09-25,364.0,391.0,140000.0,166825.0,0.8392027573804886,False,https://query1.finance.yahoo.com/v8/finance/chart/5269.T?range=3mo&interval=1d&events=history&includeAdjustedClose=false
2026-09-25,5288,アジアパイルホールディングス,VERIFIED,,2026-09-25,1510.0,1587.0,250200.0,180215.0,1.3883417029659018,False,https://query1.finance.yahoo.com/v8/finance/chart/5288.T?range=3mo&interval=1d&events=history&includeAdjustedClose=false
2026-09-25,5301,東海カーボン,VERIFIED,,2026-09-25,2289.5,2283.0,2957300.0,2178265.0,1.357640140203327,False,https://query1.finance.yahoo.com/v8/finance/chart/5301.T?range=3mo&interval=1d&events=history&includeAdjustedClose=false
2026-09-25,5302,日本カーボン,VERIFIED,,2026-09-25,5110.0,5440.0,41900.0,56415.0,0.742710272090756,False,https://query1.finance.yahoo.com/v8/finance/chart/5302.T?range=3mo&interval=1d&events=history&includeAdjustedClose=false
2026-09-25,5310,東洋炭素,VERIFIED,,2026-09-25,7590.0,7480.0,138300.0,91230.0,1.5159487010851693,False,https://query1.finance.yahoo.com/v8/finance/chart/5310.T?range=3mo&interval=1d&events=history&includeAdjustedClose=false
2026-09-25,5331,ノリタケ,VERIFIED,,2026-09-25,3710.0,3750.0,146700.0,185345.0,0.7914969381423831,False,https://query1.finance.yahoo.com/v8/finance/chart/5331.T?range=3mo&interval=1d&events=history&includeAdjustedClose=false
2026-09-25,5332,ＴＯＴＯ,VERIFIED,,2026-09-25,5916.0,6577.0,834600.0,1011705.0,0.8249440301273593,False,https://query1.finance.yahoo.com/v8/finance/chart/5332.T?range=3mo&interval=1d&events=history&includeAdjustedClose=false
2026-09-25,5333,ＮＧＫ,VERIFIED,,2026-09-25,5415.0,5544.0,1156200.0,1456960.0,0.7935701735119701,False,https://query1.finance.yahoo.com/v8/finance/chart/5333.T?range=3mo&interval=1d&events=history&includeAdjustedClose=false
2026-09-25,5334,日本特殊陶業,VERIFIED,,2026-09-25,7621.0,8810.0,1387500.0,1256215.0,1.1045083843131949,False,https://query1.finance.yahoo.com/v8/finance/chart/5334.T?range=3mo&interval=1d&events=history&includeAdjustedClose=false
2026-09-25,5344,ＭＡＲＵＷＡ,VERIFIED,,2026-09-25,55630.0,58750.0,101900.0,89590.0,1.1374037280946534,False,https://query1.finance.yahoo.com/v8/finance/chart/5344.T?range=3mo&interval=1d&events=history&includeAdjustedClose=false
2026-09-25,5351,品川リフラ,VERIFIED,,2026-09-25,2091.0,2112.0,155900.0,91285.0,1.7078380894999179,False,https://query1.finance.yahoo.com/v8/finance/chart/5351.T?range=3mo&interval=1d&events=history&includeAdjustedClose=false
2026-09-25,5357,ヨータイ,VERIFIED,,2026-09-25,1753.0,1811.0,37700.0,33970.0,1.109802767147483,False,https://query1.finance.yahoo.com/v8/finance/chart/5357.T?range=3mo&interval=1d&events=history&includeAdjustedClose=false
2026-09-25,5384,フジミインコーポレーテッド,VERIFIED,,2026-09-25,3465.0,3715.0,221000.0,308975.0,0.7152682255845942,False,https://query1.finance.yahoo.com/v8/finance/chart/5384.T?range=3mo&interval=1d&events=history&includeAdjustedClose=false
2026-09-25,5393,ニチアス,VERIFIED,,2026-09-25,3405.0,3508.0,485900.0,495790.0,0.9800520381613183,False,https://query1.finance.yahoo.com/v8/finance/chart/5393.T?range=3mo&interval=1d&events=history&includeAdjustedClose=false
2026-09-25,5401,日本製鉄,VERIFIED,,2026-09-25,685.5,718.5,23941300.0,35842990.0,0.6679492977566883,False,https://query1.finance.yahoo.com/v8/finance/chart/5401.T?range=3mo&interval=1d&events=history&includeAdjustedClose=false
2026-09-25,5406,神戸製鋼所,VERIFIED,,2026-09-25,2080.0,2094.0,1956200.0,1655970.0,1.1813015936279039,False,https://query1.finance.yahoo.com/v8/finance/chart/5406.T?range=3mo&interval=1d&events=history&includeAdjustedClose=false
2026-09-25,5408,中山製鋼所,VERIFIED,,2026-09-25,642.0,670.0,114600.0,181540.0,0.6312658367301972,False,https://query1.finance.yahoo.com/v8/finance/chart/5408.T?range=3mo&interval=1d&events=history&includeAdjustedClose=false
2026-09-25,5410,合同製鐵,VERIFIED,,2026-09-25,3025.0,3175.0,163500.0,79405.0,2.059064290661797,False,https://query1.finance.yahoo.com/v8/finance/chart/5410.T?range=3mo&interval=1d&events=history&includeAdjustedClose=false
2026-09-25,5411,ＪＦＥホールディングス,VERIFIED,,2026-09-25,1845.5,1937.0,4655800.0,7821515.0,0.5952555227471915,False,https://query1.finance.yahoo.com/v8/finance/chart/5411.T?range=3mo&interval=1d&events=history&includeAdjustedClose=false
2026-09-25,5423,東京製鐵,VERIFIED,,2026-09-25,1716.0,1829.0,251500.0,353940.0,0.7105724134034017,False,https://query1.finance.yahoo.com/v8/finance/chart/5423.T?range=3mo&interval=1d&events=history&includeAdjustedClose=false
2026-09-25,543A,ＡＲＣＨＩＯＮ,VERIFIED,,2026-09-25,294.0,289.0,34292800.0,20849160.0,1.644804874632839,False,https://query1.finance.yahoo.com/v8/finance/chart/543A.T?range=3mo&interval=1d&events=history&includeAdjustedClose=false
2026-09-25,5440,共英製鋼,VERIFIED,,2026-09-25,2014.0,2143.0,102200.0,133395.0,0.7661456576333445,False,https://query1.finance.yahoo.com/v8/finance/chart/5440.T?range=3mo&interval=1d&events=history&includeAdjustedClose=false
2026-09-25,5444,大和工業,VERIFIED,,2026-09-25,12565.0,12745.0,114000.0,154700.0,0.7369101486748546,False,https://query1.finance.yahoo.com/v8/finance/chart/5444.T?range=3mo&interval=1d&events=history&includeAdjustedClose=false
2026-09-25,5445,東京鐵鋼,VERIFIED,,2026-09-25,2067.0,2105.0,114300.0,85225.0,1.3411557641537108,False,https://query1.finance.yahoo.com/v8/finance/chart/5445.T?range=3mo&interval=1d&events=history&includeAdjustedClose=false
2026-09-25,544A,ＧＭＳグループ,VERIFIED,,2026-09-25,325.0,368.0,394000.0,346770.0,1.1361997866020705,False,https://query1.finance.yahoo.com/v8/finance/chart/544A.T?range=3mo&interval=1d&events=history&includeAdjustedClose=false
2026-09-25,5451,ヨドコウ,VERIFIED,,2026-09-25,1448.0,1461.0,289600.0,241785.0,1.197758339020204,False,https://query1.finance.yahoo.com/v8/finance/chart/5451.T?range=3mo&interval=1d&events=history&includeAdjustedClose=false
2026-09-25,545A,トランヴィア,VERIFIED,,2026-09-25,988.0,1020.0,81700.0,64810.0,1.260607930874865,False,https://query1.finance.yahoo.com/v8/finance/chart/545A.T?range=3mo&interval=1d&events=history&includeAdjustedClose=false
2026-09-25,5461,中部鋼鈑,VERIFIED,,2026-09-25,2117.0,2234.0,122300.0,107625.0,1.1363530778164925,False,https://query1.finance.yahoo.com/v8/finance/chart/5461.T?range=3mo&interval=1d&events=history&includeAdjustedClose=false
2026-09-25,5463,丸一鋼管,VERIFIED,,2026-09-25,1732.0,1800.5,620800.0,712675.0,0.8710842950854176,False,https://query1.finance.yahoo.com/v8/finance/chart/5463.T?range=3mo&interval=1d&events=history&includeAdjustedClose=false
2026-09-25,546A,ＭＩＲＡＩＮＩホールディングス,VERIFIED,,2026-09-25,2642.0,2601.0,345600.0,178185.0,1.939557201784662,False,https://query1.finance.yahoo.com/v8/finance/chart/546A.T?range=3mo&interval=1d&events=history&includeAdjustedClose=false
2026-09-25,5471,大同特殊鋼,VERIFIED,,2026-09-25,2479.5,2502.5,832900.0,887020.0,0.9389867195779126,False,https://query1.finance.yahoo.com/v8/finance/chart/5471.T?range=3mo&interval=1d&events=history&includeAdjustedClose=false
2026-09-25,547A,ムニノバホールディングス,VERIFIED,,2026-09-25,437.0,463.0,1561000.0,1770140.0,0.8818511530161456,False,https://query1.finance.yahoo.com/v8/finance/chart/547A.T?range=3mo&interval=1d&events=history&includeAdjustedClose=false
2026-09-25,5480,日本冶金工業,VERIFIED,,2026-09-25,5500.0,5680.0,43700.0,61295.0,0.7129455909943715,False,https://query1.finance.yahoo.com/v8/finance/chart/5480.T?range=3mo&interval=1d&events=history&includeAdjustedClose=false
2026-09-25,5482,愛知製鋼,VERIFIED,,2026-09-25,3225.0,3405.0,146600.0,148260.0,0.9888034533926885,False,https://query1.finance.yahoo.com/v8/finance/chart/5482.T?range=3mo&interval=1d&events=history&includeAdjustedClose=false
2026-09-25,5535,ミガロホールディングス,VERIFIED,,2026-09-25,290.0,302.0,95000.0,178410.0,0.5324813631522897,False,https://query1.finance.yahoo.com/v8/finance/chart/5535.T?range=3mo&interval=1d&events=history&includeAdjustedClose=false
2026-09-25,5541,大平洋金属,VERIFIED,,2026-09-25,2713.0,2784.0,482400.0,218040.0,2.2124380847550906,False,https://query1.finance.yahoo.com/v8/finance/chart/5541.T?range=3mo&interval=1d&events=history&includeAdjustedClose=false
2026-09-25,5563,新日本電工,VERIFIED,,2026-09-25,452.0,463.0,808800.0,556005.0,1.454663177489411,False,https://query1.finance.yahoo.com/v8/finance/chart/5563.T?range=3mo&interval=1d&events=history&includeAdjustedClose=false
2026-09-25,5602,栗本鐵工所,VERIFIED,,2026-09-25,1672.0,1799.0,296800.0,304265.0,0.9754654659589502,False,https://query1.finance.yahoo.com/v8/finance/chart/5602.T?range=3mo&interval=1d&events=history&includeAdjustedClose=false
2026-09-25,5631,日本製鋼所,VERIFIED,,2026-09-25,7319.0,7884.0,567500.0,908035.0,0.6249759095189062,False,https://query1.finance.yahoo.com/v8/finance/chart/5631.T?range=3mo&interval=1d&events=history&includeAdjustedClose=false
2026-09-25,5632,三菱製鋼,VERIFIED,,2026-09-25,2593.0,2592.0,159500.0,133965.0,1.190609487552719,False,https://query1.finance.yahoo.com/v8/finance/chart/5632.T?range=3mo&interval=1d&events=history&includeAdjustedClose=false
2026-09-25,5659,日本精線,VERIFIED,,2026-09-25,1465.0,1462.0,61400.0,47285.0,1.2985090409220683,False,https://query1.finance.yahoo.com/v8/finance/chart/5659.T?range=3mo&interval=1d&events=history&includeAdjustedClose=false
2026-09-25,5702,大紀アルミニウム工業所,VERIFIED,,2026-09-25,1835.0,1980.0,254200.0,258525.0,0.9832704767430616,False,https://query1.finance.yahoo.com/v8/finance/chart/5702.T?range=3mo&interval=1d&events=history&includeAdjustedClose=false
2026-09-25,5703,日本軽金属ホールディングス,VERIFIED,,2026-09-25,2995.0,3150.0,253600.0,226435.0,1.1199682027955042,False,https://query1.finance.yahoo.com/v8/finance/chart/5703.T?range=3mo&interval=1d&events=history&includeAdjustedClose=false
2026-09-25,5706,三井金属,VERIFIED,,2026-09-25,22975.0,29535.0,1082700.0,1503765.0,0.7199928180267529,False,https://query1.finance.yahoo.com/v8/finance/chart/5706.T?range=3mo&interval=1d&events=history&includeAdjustedClose=false
2026-09-25,5707,東邦亜鉛,VERIFIED,,2026-09-25,926.0,1291.0,324400.0,942530.0,0.344180026099965,False,https://query1.finance.yahoo.com/v8/finance/chart/5707.T?range=3mo&interval=1d&events=history&includeAdjustedClose=false
2026-09-25,5711,三菱マテリアル,VERIFIED,,2026-09-25,5148.0,6139.0,1664500.0,2510895.0,0.6629110337150698,False,https://query1.finance.yahoo.com/v8/finance/chart/5711.T?range=3mo&interval=1d&events=history&includeAdjustedClose=false
2026-09-25,5713,住友金属鉱山,VERIFIED,,2026-09-25,9587.0,11850.0,1546000.0,2779925.0,0.5561301114238694,False,https://query1.finance.yahoo.com/v8/finance/chart/5713.T?range=3mo&interval=1d&events=history&includeAdjustedClose=false
2026-09-25,5714,ＤＯＷＡホールディングス,VERIFIED,,2026-09-25,8972.0,10660.0,412400.0,466465.0,0.8840963416333487,False,https://query1.finance.yahoo.com/v8/finance/chart/5714.T?range=3mo&interval=1d&events=history&includeAdjustedClose=false
2026-09-25,5715,古河機械金属,VERIFIED,,2026-09-25,4145.0,4615.0,160200.0,267050.0,0.599887661486613,False,https://query1.finance.yahoo.com/v8/finance/chart/5715.T?range=3mo&interval=1d&events=history&includeAdjustedClose=false
2026-09-25,5726,大阪チタニウムテクノロジーズ,VERIFIED,,2026-09-25,2462.0,3000.0,421900.0,731160.0,0.5770282838229662,False,https://query1.finance.yahoo.com/v8/finance/chart/5726.T?range=3mo&interval=1d&events=history&includeAdjustedClose=false
2026-09-25,5741,ＵＡＣＪ,VERIFIED,,2026-09-25,2230.0,2449.0,1105500.0,827740.0,1.3355643076328316,False,https://query1.finance.yahoo.com/v8/finance/chart/5741.T?range=3mo&interval=1d&events=history&includeAdjustedClose=false
2026-09-25,5757,ＣＫサンエツ,VERIFIED,,2026-09-25,5010.0,5570.0,11600.0,8365.0,1.3867304243873282,False,https://query1.finance.yahoo.com/v8/finance/chart/5757.T?range=3mo&interval=1d&events=history&includeAdjustedClose=false
2026-09-25,575A,前澤ホールディングス,VERIFIED,,2026-09-25,1952.0,1993.0,107900.0,80180.0,1.345722125218259,False,https://query1.finance.yahoo.com/v8/finance/chart/575A.T?range=3mo&interval=1d&events=history&includeAdjustedClose=false
2026-09-25,5801,古河電気工業,VERIFIED,,2026-09-25,3826.0,4196.0,19066200.0,22971655.0,0.8299880874930431,False,https://query1.finance.yahoo.com/v8/finance/chart/5801.T?range=3mo&interval=1d&events=history&includeAdjustedClose=false
2026-09-25,5802,住友電気工業,VERIFIED,,2026-09-25,2211.0,2281.5,14543900.0,17789625.0,0.8175495548669519,False,https://query1.finance.yahoo.com/v8/finance/chart/5802.T?range=3mo&interval=1d&events=history&includeAdjustedClose=false
2026-09-25,5803,フジクラ,VERIFIED,,2026-09-25,4986.0,5589.0,26991600.0,40341460.0,0.6690784121348112,False,https://query1.finance.yahoo.com/v8/finance/chart/5803.T?range=3mo&interval=1d&events=history&includeAdjustedClose=false
2026-09-25,5805,ＳＷＣＣ,VERIFIED,,2026-09-25,13540.0,15070.0,221000.0,297245.0,0.7434944237918215,False,https://query1.finance.yahoo.com/v8/finance/chart/5805.T?range=3mo&interval=1d&events=history&includeAdjustedClose=false
2026-09-25,5821,平河ヒューテック,VERIFIED,,2026-09-25,3190.0,3335.0,60400.0,44865.0,1.346261005237936,False,https://query1.finance.yahoo.com/v8/finance/chart/5821.T?range=3mo&interval=1d&events=history&includeAdjustedClose=false
2026-09-25,5830,いよぎんホールディングス,VERIFIED,,2026-09-25,3917.0,4073.0,1412900.0,921955.0,1.5325042979321117,False,https://query1.finance.yahoo.com/v8/finance/chart/5830.T?range=3mo&interval=1d&events=history&includeAdjustedClose=false
2026-09-25,5831,しずおかフィナンシャルグループ,VERIFIED,,2026-09-25,3624.0,3712.0,1952300.0,1800145.0,1.0845237466981827,False,https://query1.finance.yahoo.com/v8/finance/chart/5831.T?range=3mo&interval=1d&events=history&includeAdjustedClose=false
2026-09-25,5832,ちゅうぎんフィナンシャルグループ,VERIFIED,,2026-09-25,3794.0,3708.0,632600.0,366305.0,1.726976153751655,False,https://query1.finance.yahoo.com/v8/finance/chart/5832.T?range=3mo&interval=1d&events=history&includeAdjustedClose=false
2026-09-25,5838,楽天銀行,VERIFIED,,2026-09-25,6394.0,6660.0,1532700.0,1024240.0,1.4964266187612278,False,https://query1.finance.yahoo.com/v8/finance/chart/5838.T?range=3mo&interval=1d&events=history&includeAdjustedClose=false
2026-09-25,5844,京都フィナンシャルグループ,VERIFIED,,2026-09-25,4869.0,4999.0,1099400.0,828220.0,1.327425080292676,False,https://query1.finance.yahoo.com/v8/finance/chart/5844.T?range=3mo&interval=1d&events=history&includeAdjustedClose=false
2026-09-25,5851,リョービ,VERIFIED,,2026-09-25,2769.0,2856.0,146000.0,131435.0,1.1108152318636588,False,https://query1.finance.yahoo.com/v8/finance/chart/5851.T?range=3mo&interval=1d&events=history&includeAdjustedClose=false
2026-09-25,5852,アーレスティ,VERIFIED,,2026-09-25,668.0,710.0,54800.0,85355.0,0.6420244859703591,False,https://query1.finance.yahoo.com/v8/finance/chart/5852.T?range=3mo&interval=1d&events=history&includeAdjustedClose=false
2026-09-25,5857,ＡＲＥホールディングス,VERIFIED,,2026-09-25,3660.0,4280.0,582800.0,660825.0,0.8819278931638482,False,https://query1.finance.yahoo.com/v8/finance/chart/5857.T?range=3mo&interval=1d&events=history&includeAdjustedClose=false
2026-09-25,5889,Ｊａｐａｎ　Ｅｙｅｗｅａｒ　Ｈｏｌｄｉｎｇｓ,VERIFIED,,2026-09-25,2260.0,2733.0,208700.0,201610.0,1.035166906403452,False,https://query1.finance.yahoo.com/v8/finance/chart/5889.T?range=3mo&interval=1d&events=history&includeAdjustedClose=false
2026-09-25,5901,東洋製罐グループホールディングス,VERIFIED,,2026-09-25,4564.0,4661.0,439600.0,339710.0,1.2940449206676283,False,https://query1.finance.yahoo.com/v8/finance/chart/5901.T?range=3mo&interval=1d&events=history&includeAdjustedClose=false
2026-09-25,5902,ホッカンホールディングス,VERIFIED,,2026-09-25,2755.0,2883.0,19500.0,21415.0,0.9105766985757646,False,https://query1.finance.yahoo.com/v8/finance/chart/5902.T?range=3mo&interval=1d&events=history&includeAdjustedClose=false
2026-09-25,590A,ギフティグループ,VERIFIED,,2026-09-25,1159.0,1388.0,345700.0,204350.0,1.691705407389283,False,https://query1.finance.yahoo.com/v8/finance/chart/590A.T?range=3mo&interval=1d&events=history&includeAdjustedClose=false
2026-09-25,5911,横河ブリッジホールディングス,VERIFIED,,2026-09-25,3030.0,3045.0,87300.0,89435.0,0.9761279141275787,False,https://query1.finance.yahoo.com/v8/finance/chart/5911.T?range=3mo&interval=1d&events=history&includeAdjustedClose=false
2026-09-25,5929,三和ホールディングス,VERIFIED,,2026-09-25,3500.0,3688.0,798800.0,602535.0,1.325732115146838,False,https://query1.finance.yahoo.com/v8/finance/chart/5929.T?range=3mo&interval=1d&events=history&includeAdjustedClose=false
2026-09-25,5930,文化シヤッター,VERIFIED,,2026-09-25,1928.0,1928.0,102800.0,97450.0,1.0548999486916368,False,https://query1.finance.yahoo.com/v8/finance/chart/5930.T?range=3mo&interval=1d&events=history&includeAdjustedClose=false
2026-09-25,5932,三協立山,VERIFIED,,2026-09-25,664.0,679.0,102400.0,64225.0,1.5943947061113273,False,https://query1.finance.yahoo.com/v8/finance/chart/5932.T?range=3mo&interval=1d&events=history&includeAdjustedClose=false
2026-09-25,5933,アルインコ,VERIFIED,,2026-09-25,1116.0,1145.0,34900.0,36980.0,0.9437533802055165,False,https://query1.finance.yahoo.com/v8/finance/chart/5933.T?range=3mo&interval=1d&events=history&includeAdjustedClose=false
2026-09-25,5938,ＬＩＸＩＬ,VERIFIED,,2026-09-25,1728.0,1794.0,1912300.0,1862690.0,1.0266335246337286,False,https://query1.finance.yahoo.com/v8/finance/chart/5938.T?range=3mo&interval=1d&events=history&includeAdjustedClose=false
2026-09-25,5943,ノーリツ,VERIFIED,,2026-09-25,2218.0,2471.0,65100.0,86365.0,0.7537775719330747,False,https://query1.finance.yahoo.com/v8/finance/chart/5943.T?range=3mo&interval=1d&events=history&includeAdjustedClose=false
2026-09-25,5946,長府製作所,VERIFIED,,2026-09-25,1980.0,2151.0,51500.0,53065.0,0.970507867709413,False,https://query1.finance.yahoo.com/v8/finance/chart/5946.T?range=3mo&interval=1d&events=history&includeAdjustedClose=false
2026-09-25,5947,リンナイ,VERIFIED,,2026-09-25,3450.0,3693.0,276200.0,311960.0,0.8853699192204129,False,https://query1.finance.yahoo.com/v8/finance/chart/5947.T?range=3mo&interval=1d&events=history&includeAdjustedClose=false
2026-09-25,5949,ユニプレス,VERIFIED,,2026-09-25,1342.0,1387.0,123900.0,165515.0,0.748572636921125,False,https://query1.finance.yahoo.com/v8/finance/chart/5949.T?range=3mo&interval=1d&events=history&includeAdjustedClose=false
2026-09-25,5957,日東精工,VERIFIED,,2026-09-25,781.0,790.0,100600.0,79470.0,1.2658864980495785,False,https://query1.finance.yahoo.com/v8/finance/chart/5957.T?range=3mo&interval=1d&events=history&includeAdjustedClose=false
2026-09-25,5959,岡部,VERIFIED,,2026-09-25,941.0,969.0,71100.0,73365.0,0.9691269679002249,False,https://query1.finance.yahoo.com/v8/finance/chart/5959.T?range=3mo&interval=1d&events=history&includeAdjustedClose=false
2026-09-25,5970,ジーテクト,VERIFIED,,2026-09-25,2304.0,2364.0,163100.0,97755.0,1.6684568564267812,False,https://query1.finance.yahoo.com/v8/finance/chart/5970.T?range=3mo&interval=1d&events=history&includeAdjustedClose=false
2026-09-25,5975,東プレ,VERIFIED,,2026-09-25,3475.0,3610.0,79800.0,119505.0,0.6677544872599472,False,https://query1.finance.yahoo.com/v8/finance/chart/5975.T?range=3mo&interval=1d&events=history&includeAdjustedClose=false
2026-09-25,5976,高周波熱錬,VERIFIED,,2026-09-25,1482.0,1568.0,97300.0,76060.0,1.2792532211412042,False,https://query1.finance.yahoo.com/v8/finance/chart/5976.T?range=3mo&interval=1d&events=history&includeAdjustedClose=false
2026-09-25,5981,東京製綱,VERIFIED,,2026-09-25,1939.0,1984.0,112600.0,93895.0,1.1992118856169125,False,https://query1.finance.yahoo.com/v8/finance/chart/5981.T?range=3mo&interval=1d&events=history&includeAdjustedClose=false
2026-09-25,5988,パイオラックス,VERIFIED,,2026-09-25,1710.0,1747.0,79400.0,73195.0,1.0847735501058815,False,https://query1.finance.yahoo.com/v8/finance/chart/5988.T?range=3mo&interval=1d&events=history&includeAdjustedClose=false
2026-09-25,5989,エイチワン,VERIFIED,,2026-09-25,1505.0,1577.0,99100.0,124480.0,0.7961118251928021,False,https://query1.finance.yahoo.com/v8/finance/chart/5989.T?range=3mo&interval=1d&events=history&includeAdjustedClose=false
2026-09-25,5991,日本発條,VERIFIED,,2026-09-25,3453.0,3538.0,606700.0,654570.0,0.9268680202270193,False,https://query1.finance.yahoo.com/v8/finance/chart/5991.T?range=3mo&interval=1d&events=history&includeAdjustedClose=false
2026-09-25,6005,三浦工業,VERIFIED,,2026-09-25,3200.0,3273.0,367800.0,357040.0,1.0301366793636568,False,https://query1.finance.yahoo.com/v8/finance/chart/6005.T?range=3mo&interval=1d&events=history&includeAdjustedClose=false
2026-09-25,6013,タクマ,VERIFIED,,2026-09-25,3030.0,3100.0,165300.0,198620.0,0.8322424730641426,False,https://query1.finance.yahoo.com/v8/finance/chart/6013.T?range=3mo&interval=1d&events=history&includeAdjustedClose=false
2026-09-25,6027,弁護士ドットコム,VERIFIED,,2026-09-25,5110.0,6070.0,281000.0,383715.0,0.7323143478884068,False,https://query1.finance.yahoo.com/v8/finance/chart/6027.T?range=3mo&interval=1d&events=history&includeAdjustedClose=false
2026-09-25,6036,ＫｅｅＰｅｒ技研,VERIFIED,,2026-09-25,3515.0,3775.0,62000.0,148000.0,0.4189189189189189,False,https://query1.finance.yahoo.com/v8/finance/chart/6036.T?range=3mo&interval=1d&events=history&includeAdjustedClose=false
2026-09-25,6050,イー・ガーディアン,VERIFIED,,2026-09-25,1812.0,1824.0,30200.0,17155.0,1.76041970271058,False,https://query1.finance.yahoo.com/v8/finance/chart/6050.T?range=3mo&interval=1d&events=history&includeAdjustedClose=false
2026-09-25,6055,ジャパンマテリアル,VERIFIED,,2026-09-25,2309.0,2344.0,433000.0,586370.0,0.7384415983082354,False,https://query1.finance.yahoo.com/v8/finance/chart/6055.T?range=3mo&interval=1d&events=history&includeAdjustedClose=false
2026-09-25,6058,ベクトル,VERIFIED,,2026-09-25,1930.0,2226.0,491900.0,552985.0,0.8895358825284592,False,https://query1.finance.yahoo.com/v8/finance/chart/6058.T?range=3mo&interval=1d&events=history&includeAdjustedClose=false
2026-09-25,6062,チャーム・ケア・コーポレーション,VERIFIED,,2026-09-25,1446.0,1475.0,124500.0,90500.0,1.3756906077348066,False,https://query1.finance.yahoo.com/v8/finance/chart/6062.T?range=3mo&interval=1d&events=history&includeAdjustedClose=false
2026-09-25,6070,キャリアリンク,VERIFIED,,2026-09-25,2571.0,2671.0,79500.0,35540.0,2.236916150815982,False,https://query1.finance.yahoo.com/v8/finance/chart/6070.T?range=3mo&interval=1d&events=history&includeAdjustedClose=false
2026-09-25,6071,ＩＢＪ,VERIFIED,,2026-09-25,890.0,965.0,188300.0,263345.0,0.7150316125234958,False,https://query1.finance.yahoo.com/v8/finance/chart/6071.T?range=3mo&interval=1d&events=history&includeAdjustedClose=false
2026-09-25,6073,アサンテ,VERIFIED,,2026-09-25,1494.0,1549.0,19800.0,14530.0,1.3626978664831384,False,https://query1.finance.yahoo.com/v8/finance/chart/6073.T?range=3mo&interval=1d&events=history&includeAdjustedClose=false
2026-09-25,6078,バリューＨＲ,VERIFIED,,2026-09-25,1577.0,1661.0,35000.0,28325.0,1.235657546337158,False,https://query1.finance.yahoo.com/v8/finance/chart/6078.T?range=3mo&interval=1d&events=history&includeAdjustedClose=false
2026-09-25,6080,Ｍ＆Ａキャピタルパートナーズ,VERIFIED,,2026-09-25,4255.0,4400.0,91000.0,91290.0,0.9968233103297185,False,https://query1.finance.yahoo.com/v8/finance/chart/6080.T?range=3mo&interval=1d&events=history&includeAdjustedClose=false
2026-09-25,6088,シグマクシス・ホールディングス,VERIFIED,,2026-09-25,589.0,592.0,502300.0,413020.0,1.2161638661566025,False,https://query1.finance.yahoo.com/v8/finance/chart/6088.T?range=3mo&interval=1d&events=history&includeAdjustedClose=false
2026-09-25,6089,ウィルグループ,VERIFIED,,2026-09-25,1171.0,1212.0,38200.0,45915.0,0.8319721224000871,False,https://query1.finance.yahoo.com/v8/finance/chart/6089.T?range=3mo&interval=1d&events=history&includeAdjustedClose=false
2026-09-25,6098,リクルートホールディングス,VERIFIED,,2026-09-25,16335.0,18215.0,4023900.0,4667180.0,0.8621694470751075,False,https://query1.finance.yahoo.com/v8/finance/chart/6098.T?range=3mo&interval=1d&events=history&includeAdjustedClose=false
2026-09-25,6099,エラン,VERIFIED,,2026-09-25,730.0,768.0,89700.0,76935.0,1.1659192825112108,False,https://query1.finance.yahoo.com/v8/finance/chart/6099.T?range=3mo&interval=1d&events=history&includeAdjustedClose=false
2026-09-25,6101,ツガミ,VERIFIED,,2026-09-25,5260.0,5690.0,190400.0,303445.0,0.6274613191846957,False,https://query1.finance.yahoo.com/v8/finance/chart/6101.T?range=3mo&interval=1d&events=history&includeAdjustedClose=false
2026-09-25,6103,オークマ,VERIFIED,,2026-09-25,4665.0,5010.0,339000.0,395500.0,0.8571428571428571,False,https://query1.finance.yahoo.com/v8/finance/chart/6103.T?range=3mo&interval=1d&events=history&includeAdjustedClose=false
2026-09-25,6104,芝浦機械,VERIFIED,,2026-09-25,4685.0,4650.0,174200.0,147045.0,1.1846713591077562,False,https://query1.finance.yahoo.com/v8/finance/chart/6104.T?range=3mo&interval=1d&events=history&includeAdjustedClose=false
2026-09-25,6113,アマダ,VERIFIED,,2026-09-25,2504.0,2650.0,1178400.0,2286770.0,0.5153119902744919,False,https://query1.finance.yahoo.com/v8/finance/chart/6113.T?range=3mo&interval=1d&events=history&includeAdjustedClose=false
2026-09-25,6118,アイダエンジニアリング,VERIFIED,,2026-09-25,1206.0,1336.0,223500.0,318915.0,0.7008136964394901,False,https://query1.finance.yahoo.com/v8/finance/chart/6118.T?range=3mo&interval=1d&events=history&includeAdjustedClose=false
2026-09-25,6134,ＦＵＪＩ,VERIFIED,,2026-09-25,7454.0,7450.0,562900.0,754245.0,0.7463092231304151,False,https://query1.finance.yahoo.com/v8/finance/chart/6134.T?range=3mo&interval=1d&events=history&includeAdjustedClose=false
2026-09-25,6135,牧野フライス製作所,VERIFIED,,2026-09-25,15750.0,16240.0,112900.0,116030.0,0.9730242178746876,False,https://query1.finance.yahoo.com/v8/finance/chart/6135.T?range=3mo&interval=1d&events=history&includeAdjustedClose=false
2026-09-25,6136,オーエスジー,VERIFIED,,2026-09-25,3564.0,3836.0,590100.0,318120.0,1.8549603923047906,False,https://query1.finance.yahoo.com/v8/finance/chart/6136.T?range=3mo&interval=1d&events=history&includeAdjustedClose=false
2026-09-25,6140,旭ダイヤモンド工業,VERIFIED,,2026-09-25,1124.0,1260.0,243800.0,495300.0,0.49222693317181504,False,https://query1.finance.yahoo.com/v8/finance/chart/6140.T?range=3mo&interval=1d&events=history&includeAdjustedClose=false
2026-09-25,6141,ＤＭＧ森精機,VERIFIED,,2026-09-25,2933.5,3095.0,1471100.0,1582675.0,0.929502266731957,False,https://query1.finance.yahoo.com/v8/finance/chart/6141.T?range=3mo&interval=1d&events=history&includeAdjustedClose=false
2026-09-25,6143,ソディック,VERIFIED,,2026-09-25,1703.0,1835.0,311000.0,421240.0,0.7382964580761561,False,https://query1.finance.yahoo.com/v8/finance/chart/6143.T?range=3mo&interval=1d&events=history&includeAdjustedClose=false
2026-09-25,6146,ディスコ,VERIFIED,,2026-09-25,54220.0,61880.0,1120200.0,1390535.0,0.8055892156615979,False,https://query1.finance.yahoo.com/v8/finance/chart/6146.T?range=3mo&interval=1d&events=history&includeAdjustedClose=false
2026-09-25,6151,日東工器,VERIFIED,,2026-09-25,1762.0,1793.0,14600.0,13695.0,1.0660825118656443,False,https://query1.finance.yahoo.com/v8/finance/chart/6151.T?range=3mo&interval=1d&events=history&includeAdjustedClose=false
2026-09-25,6167,冨士ダイス,VERIFIED,,2026-09-25,1010.0,1059.0,52000.0,55690.0,0.9337403483569762,False,https://query1.finance.yahoo.com/v8/finance/chart/6167.T?range=3mo&interval=1d&events=history&includeAdjustedClose=false
2026-09-25,6178,日本郵政,VERIFIED,,2026-09-25,2579.0,2603.0,5531300.0,5558250.0,0.9951513515944767,False,https://query1.finance.yahoo.com/v8/finance/chart/6178.T?range=3mo&interval=1d&events=history&includeAdjustedClose=false
2026-09-25,6183,ベルシステム２４ホールディングス,VERIFIED,,2026-09-25,1365.0,1448.0,200400.0,277475.0,0.7222272276781692,False,https://query1.finance.yahoo.com/v8/finance/chart/6183.T?range=3mo&interval=1d&events=history&includeAdjustedClose=false
2026-09-25,6184,鎌倉新書,VERIFIED,,2026-09-25,608.0,625.0,127200.0,170235.0,0.7472023966869328,False,https://query1.finance.yahoo.com/v8/finance/chart/6184.T?range=3mo&interval=1d&events=history&includeAdjustedClose=false
2026-09-25,6191,エアトリ,VERIFIED,,2026-09-25,1481.0,1768.0,1243000.0,865965.0,1.4353928853937514,False,https://query1.finance.yahoo.com/v8/finance/chart/6191.T?range=3mo&interval=1d&events=history&includeAdjustedClose=false
2026-09-25,6194,アトラエ,VERIFIED,,2026-09-25,882.0,914.0,226400.0,162475.0,1.3934451454069856,False,https://query1.finance.yahoo.com/v8/finance/chart/6194.T?range=3mo&interval=1d&events=history&includeAdjustedClose=false
2026-09-25,6196,ストライクグループ,VERIFIED,,2026-09-25,1424.0,1470.0,375400.0,474520.0,0.7911152322346793,False,https://query1.finance.yahoo.com/v8/finance/chart/6196.T?range=3mo&interval=1d&events=history&includeAdjustedClose=false
2026-09-25,6200,インソース,VERIFIED,,2026-09-25,675.0,752.0,1859900.0,343370.0,5.416605993534671,False,https://query1.finance.yahoo.com/v8/finance/chart/6200.T?range=3mo&interval=1d&events=history&includeAdjustedClose=false
2026-09-25,6209,リケンＮＰＲ,VERIFIED,,2026-09-25,4010.0,4040.0,92600.0,87190.0,1.0620484000458768,False,https://query1.finance.yahoo.com/v8/finance/chart/6209.T?range=3mo&interval=1d&events=history&includeAdjustedClose=false
2026-09-25,6222,島精機製作所,VERIFIED,,2026-09-25,927.0,1009.0,137200.0,148495.0,0.9239368328899963,False,https://query1.finance.yahoo.com/v8/finance/chart/6222.T?range=3mo&interval=1d&events=history&includeAdjustedClose=false
2026-09-25,6235,オプトラン,VERIFIED,,2026-09-25,2559.0,2780.0,353900.0,297515.0,1.189519856141707,False,https://query1.finance.yahoo.com/v8/finance/chart/6235.T?range=3mo&interval=1d&events=history&includeAdjustedClose=false
2026-09-25,6237,イワキポンプ,VERIFIED,,2026-09-25,4110.0,4265.0,72300.0,72220.0,1.0011077263915813,False,https://query1.finance.yahoo.com/v8/finance/chart/6237.T?range=3mo&interval=1d&events=history&includeAdjustedClose=false
2026-09-25,6238,フリュー,VERIFIED,,2026-09-25,1433.0,1484.0,124600.0,101280.0,1.2302527646129542,False,https://query1.finance.yahoo.com/v8/finance/chart/6238.T?range=3mo&interval=1d&events=history&includeAdjustedClose=false
2026-09-25,6240,ヤマシンフィルタ,VERIFIED,,2026-09-25,527.0,548.0,342900.0,269710.0,1.2713655407660078,False,https://query1.finance.yahoo.com/v8/finance/chart/6240.T?range=3mo&interval=1d&events=history&includeAdjustedClose=false
2026-09-25,6247,日阪製作所,VERIFIED,,2026-09-25,1718.0,1841.0,62400.0,61215.0,1.019358000490076,False,https://query1.finance.yahoo.com/v8/finance/chart/6247.T?range=3mo&interval=1d&events=history&includeAdjustedClose=false
2026-09-25,6250,やまびこ,VERIFIED,,2026-09-25,4510.0,4610.0,144800.0,126350.0,1.146022952117135,False,https://query1.finance.yahoo.com/v8/finance/chart/6250.T?range=3mo&interval=1d&events=history&includeAdjustedClose=false
2026-09-25,6254,野村マイクロ・サイエンス,VERIFIED,,2026-09-25,3420.0,3725.0,445400.0,442230.0,1.0071682156343984,False,https://query1.finance.yahoo.com/v8/finance/chart/6254.T?range=3mo&interval=1d&events=history&includeAdjustedClose=false
2026-09-25,6258,平田機工,VERIFIED,,2026-09-25,3795.0,3865.0,177600.0,282295.0,0.6291291025345827,False,https://query1.finance.yahoo.com/v8/finance/chart/6258.T?range=3mo&interval=1d&events=history&includeAdjustedClose=false
2026-09-25,6264,マルマエ,VERIFIED,,2026-09-25,1940.0,2209.0,383900.0,496630.0,0.7730100879930734,False,https://query1.finance.yahoo.com/v8/finance/chart/6264.T?range=3mo&interval=1d&events=history&includeAdjustedClose=false
2026-09-25,6266,タツモ,VERIFIED,,2026-09-25,3745.0,3790.0,150100.0,223930.0,0.6702987540749341,False,https://query1.finance.yahoo.com/v8/finance/chart/6266.T?range=3mo&interval=1d&events=history&includeAdjustedClose=false
2026-09-25,6268,ナブテスコ,VERIFIED,,2026-09-25,4792.0,4833.0,861500.0,959170.0,0.8981723782019871,False,https://query1.finance.yahoo.com/v8/finance/chart/6268.T?range=3mo&interval=1d&events=history&includeAdjustedClose=false
2026-09-25,6269,三井海洋開発,VERIFIED,,2026-09-25,9050.0,10075.0,543700.0,614560.0,0.8846979953137204,False,https://query1.finance.yahoo.com/v8/finance/chart/6269.T?range=3mo&interval=1d&events=history&includeAdjustedClose=false
2026-09-25,6272,レオン自動機,VERIFIED,,2026-09-25,1528.0,1582.0,46800.0,58555.0,0.7992485697207753,False,https://query1.finance.yahoo.com/v8/finance/chart/6272.T?range=3mo&interval=1d&events=history&includeAdjustedClose=false
2026-09-25,6273,ＳＭＣ,VERIFIED,,2026-09-25,69620.0,72750.0,289800.0,250425.0,1.1572327044025157,False,https://query1.finance.yahoo.com/v8/finance/chart/6273.T?range=3mo&interval=1d&events=history&includeAdjustedClose=false
2026-09-25,6277,ホソカワミクロン,VERIFIED,,2026-09-25,6680.0,6200.0,219300.0,40830.0,5.371050698016164,True,https://query1.finance.yahoo.com/v8/finance/chart/6277.T?range=3mo&interval=1d&events=history&includeAdjustedClose=false
2026-09-25,6278,ユニオンツール,VERIFIED,,2026-09-25,14320.0,15250.0,193200.0,201345.0,0.9595470461148774,False,https://query1.finance.yahoo.com/v8/finance/chart/6278.T?range=3mo&interval=1d&events=history&includeAdjustedClose=false
2026-09-25,6279,瑞光,VERIFIED,,2026-09-25,946.0,944.0,25700.0,17760.0,1.447072072072072,False,https://query1.finance.yahoo.com/v8/finance/chart/6279.T?range=3mo&interval=1d&events=history&includeAdjustedClose=false
2026-09-25,6282,オイレス工業,VERIFIED,,2026-09-25,2991.0,2998.0,281400.0,131335.0,2.142612403395896,False,https://query1.finance.yahoo.com/v8/finance/chart/6282.T?range=3mo&interval=1d&events=history&includeAdjustedClose=false
2026-09-25,6284,日精エー・エス・ビー機械,VERIFIED,,2026-09-25,8550.0,9030.0,50600.0,28585.0,1.7701591743921636,False,https://query1.finance.yahoo.com/v8/finance/chart/6284.T?range=3mo&interval=1d&events=history&includeAdjustedClose=false
2026-09-25,6287,サトー,VERIFIED,,2026-09-25,2739.0,2896.0,132500.0,101745.0,1.3022752960833457,False,https://query1.finance.yahoo.com/v8/finance/chart/6287.T?range=3mo&interval=1d&events=history&includeAdjustedClose=false
2026-09-25,6289,技研製作所,VERIFIED,,2026-09-25,1948.0,2007.0,62200.0,74475.0,0.8351795904665995,False,https://query1.finance.yahoo.com/v8/finance/chart/6289.T?range=3mo&interval=1d&events=history&includeAdjustedClose=false
2026-09-25,6294,オカダアイヨン,VERIFIED,,2026-09-25,1966.0,1998.0,12200.0,21510.0,0.5671780567178056,False,https://query1.finance.yahoo.com/v8/finance/chart/6294.T?range=3mo&interval=1d&events=history&includeAdjustedClose=false
2026-09-25,6298,ワイエイシイホールディングス,VERIFIED,,2026-09-25,1272.0,1379.0,80200.0,128155.0,0.6258046896336468,False,https://query1.finance.yahoo.com/v8/finance/chart/6298.T?range=3mo&interval=1d&events=history&includeAdjustedClose=false
2026-09-25,6301,小松製作所,VERIFIED,,2026-09-25,7640.0,7675.0,5019500.0,2845005.0,1.7643202736023311,False,https://query1.finance.yahoo.com/v8/finance/chart/6301.T?range=3mo&interval=1d&events=history&includeAdjustedClose=false
2026-09-25,6302,住友重機械工業,VERIFIED,,2026-09-25,5957.0,6060.0,926200.0,786090.0,1.178236588685774,False,https://query1.finance.yahoo.com/v8/finance/chart/6302.T?range=3mo&interval=1d&events=history&includeAdjustedClose=false
2026-09-25,6305,日立建機,VERIFIED,,2026-09-25,5746.0,6153.0,1262700.0,1422210.0,0.8878435674056574,False,https://query1.finance.yahoo.com/v8/finance/chart/6305.T?range=3mo&interval=1d&events=history&includeAdjustedClose=false
2026-09-25,6306,日工,VERIFIED,,2026-09-25,1020.0,1053.0,99500.0,88285.0,1.127031772101716,False,https://query1.finance.yahoo.com/v8/finance/chart/6306.T?range=3mo&interval=1d&events=history&includeAdjustedClose=false
2026-09-25,6309,巴工業,VERIFIED,,2026-09-25,1984.0,2079.0,110600.0,105480.0,1.0485400075843763,False,https://query1.finance.yahoo.com/v8/finance/chart/6309.T?range=3mo&interval=1d&events=history&includeAdjustedClose=false
2026-09-25,6310,井関農機,VERIFIED,,2026-09-25,1960.0,2132.0,78200.0,130090.0,0.6011222999461912,False,https://query1.finance.yahoo.com/v8/finance/chart/6310.T?range=3mo&interval=1d&events=history&includeAdjustedClose=false
2026-09-25,6315,ＴＯＷＡ,VERIFIED,,2026-09-25,2193.0,2413.0,3005300.0,2982515.0,1.0076395257023016,False,https://query1.finance.yahoo.com/v8/finance/chart/6315.T?range=3mo&interval=1d&events=history&includeAdjustedClose=false
2026-09-25,6323,ローツェ,VERIFIED,,2026-09-25,3786.0,4203.0,1089600.0,1257905.0,0.8662021376813034,False,https://query1.finance.yahoo.com/v8/finance/chart/6323.T?range=3mo&interval=1d&events=history&includeAdjustedClose=false
2026-09-25,6324,ハーモニック・ドライブ・システムズ,VERIFIED,,2026-09-25,6300.0,6410.0,814800.0,1005130.0,0.8106414095689115,False,https://query1.finance.yahoo.com/v8/finance/chart/6324.T?range=3mo&interval=1d&events=history&includeAdjustedClose=false
2026-09-25,6326,クボタ,VERIFIED,,2026-09-25,2782.0,3087.0,4451100.0,4768130.0,0.9335106215644289,False,https://query1.finance.yahoo.com/v8/finance/chart/6326.T?range=3mo&interval=1d&events=history&includeAdjustedClose=false
2026-09-25,6328,荏原実業,VERIFIED,,2026-09-25,2382.0,2450.0,64000.0,62630.0,1.0218745010378414,False,https://query1.finance.yahoo.com/v8/finance/chart/6328.T?range=3mo&interval=1d&events=history&includeAdjustedClose=false
2026-09-25,6330,東洋エンジニアリング,VERIFIED,,2026-09-25,2617.0,2944.0,6378600.0,8365665.0,0.7624737543279584,False,https://query1.finance.yahoo.com/v8/finance/chart/6330.T?range=3mo&interval=1d&events=history&includeAdjustedClose=false
2026-09-25,6331,三菱化工機,VERIFIED,,2026-09-25,3325.0,3425.0,124700.0,120360.0,1.0360584911930875,False,https://query1.finance.yahoo.com/v8/finance/chart/6331.T?range=3mo&interval=1d&events=history&includeAdjustedClose=false
2026-09-25,6332,月島ホールディングス,VERIFIED,,2026-09-25,2694.0,2868.0,205900.0,130820.0,1.5739183611068643,False,https://query1.finance.yahoo.com/v8/finance/chart/6332.T?range=3mo&interval=1d&events=history&includeAdjustedClose=false
2026-09-25,6333,ＴＥＩＫＯＫＵ,VERIFIED,,2026-09-25,3605.0,3590.0,92200.0,34145.0,2.7002489383511494,True,https://query1.finance.yahoo.com/v8/finance/chart/6333.T?range=3mo&interval=1d&events=history&includeAdjustedClose=false
2026-09-25,6339,新東工業,VERIFIED,,2026-09-25,1216.0,1232.0,216000.0,164730.0,1.311236568930978,False,https://query1.finance.yahoo.com/v8/finance/chart/6339.T?range=3mo&interval=1d&events=history&includeAdjustedClose=false
2026-09-25,6340,澁谷工業,VERIFIED,,2026-09-25,5560.0,5550.0,53400.0,67900.0,0.7864506627393225,False,https://query1.finance.yahoo.com/v8/finance/chart/6340.T?range=3mo&interval=1d&events=history&includeAdjustedClose=false
2026-09-25,6345,アイチ　コーポレーション,VERIFIED,,2026-09-25,1487.0,1488.0,151500.0,182150.0,0.8317320889376887,False,https://query1.finance.yahoo.com/v8/finance/chart/6345.T?range=3mo&interval=1d&events=history&includeAdjustedClose=false
2026-09-25,6349,小森コーポレーション,VERIFIED,,2026-09-25,2034.0,2071.0,362200.0,136935.0,2.645050571439004,False,https://query1.finance.yahoo.com/v8/finance/chart/6349.T?range=3mo&interval=1d&events=history&includeAdjustedClose=false
2026-09-25,6351,鶴見製作所,VERIFIED,,2026-09-25,2648.0,2678.0,69300.0,62150.0,1.1150442477876106,False,https://query1.finance.yahoo.com/v8/finance/chart/6351.T?range=3mo&interval=1d&events=history&includeAdjustedClose=false
2026-09-25,6358,酒井重工業,VERIFIED,,2026-09-25,2172.0,2191.0,18000.0,19930.0,0.9031610637230306,False,https://query1.finance.yahoo.com/v8/finance/chart/6358.T?range=3mo&interval=1d&events=history&includeAdjustedClose=false
2026-09-25,6361,荏原製作所,VERIFIED,,2026-09-25,4440.0,5047.0,3385600.0,2997160.0,1.1296026905470513,False,https://query1.finance.yahoo.com/v8/finance/chart/6361.T?range=3mo&interval=1d&events=history&includeAdjustedClose=false
2026-09-25,6363,酉島製作所,VERIFIED,,2026-09-25,2954.0,3220.0,157000.0,177625.0,0.8838845883180858,False,https://query1.finance.yahoo.com/v8/finance/chart/6363.T?range=3mo&interval=1d&events=history&includeAdjustedClose=false
2026-09-25,6364,ＡＩＲＭＡＮ,VERIFIED,,2026-09-25,2585.0,2641.0,123400.0,57265.0,2.154893914258273,False,https://query1.finance.yahoo.com/v8/finance/chart/6364.T?range=3mo&interval=1d&events=history&includeAdjustedClose=false
2026-09-25,6367,ダイキン工業,VERIFIED,,2026-09-25,20860.0,21155.0,1007800.0,1135480.0,0.8875541621164618,False,https://query1.finance.yahoo.com/v8/finance/chart/6367.T?range=3mo&interval=1d&events=history&includeAdjustedClose=false
2026-09-25,6368,オルガノ,VERIFIED,,2026-09-25,12690.0,13735.0,217500.0,257510.0,0.8446273931109471,False,https://query1.finance.yahoo.com/v8/finance/chart/6368.T?range=3mo&interval=1d&events=history&includeAdjustedClose=false
2026-09-25,6369,トーヨーカネツ,VERIFIED,,2026-09-25,2440.0,2533.0,66500.0,79350.0,0.8380592312539382,False,https://query1.finance.yahoo.com/v8/finance/chart/6369.T?range=3mo&interval=1d&events=history&includeAdjustedClose=false
2026-09-25,6370,栗田工業,VERIFIED,,2026-09-25,7723.0,8490.0,598500.0,581340.0,1.029518010114563,False,https://query1.finance.yahoo.com/v8/finance/chart/6370.T?range=3mo&interval=1d&events=history&includeAdjustedClose=false
2026-09-25,6371,椿本チエイン,VERIFIED,,2026-09-25,2723.0,2768.0,189600.0,170195.0,1.11401627544875,False,https://query1.finance.yahoo.com/v8/finance/chart/6371.T?range=3mo&interval=1d&events=history&includeAdjustedClose=false
2026-09-25,6376,日機装,VERIFIED,,2026-09-25,3650.0,4020.0,471900.0,517715.0,0.9115053649208541,False,https://query1.finance.yahoo.com/v8/finance/chart/6376.T?range=3mo&interval=1d&events=history&includeAdjustedClose=false
2026-09-25,6379,レイズネクスト,VERIFIED,,2026-09-25,3040.0,3200.0,329600.0,202370.0,1.628699906112566,False,https://query1.finance.yahoo.com/v8/finance/chart/6379.T?range=3mo&interval=1d&events=history&includeAdjustedClose=false
2026-09-25,6381,アネスト岩田,VERIFIED,,2026-09-25,1945.0,2020.0,68000.0,73210.0,0.9288348586258708,False,https://query1.finance.yahoo.com/v8/finance/chart/6381.T?range=3mo&interval=1d&events=history&includeAdjustedClose=false
2026-09-25,6383,ダイフク,VERIFIED,,2026-09-25,5549.0,5947.0,1763100.0,1633265.0,1.0794941421018633,False,https://query1.finance.yahoo.com/v8/finance/chart/6383.T?range=3mo&interval=1d&events=history&includeAdjustedClose=false
2026-09-25,6387,サムコ,VERIFIED,,2026-09-25,8000.0,9180.0,142000.0,137350.0,1.0338551146705497,False,https://query1.finance.yahoo.com/v8/finance/chart/6387.T?range=3mo&interval=1d&events=history&includeAdjustedClose=false
2026-09-25,6390,加藤製作所,VERIFIED,,2026-09-25,1331.0,1384.0,74300.0,53910.0,1.378222964199592,False,https://query1.finance.yahoo.com/v8/finance/chart/6390.T?range=3mo&interval=1d&events=history&includeAdjustedClose=false
2026-09-25,6395,タダノ,VERIFIED,,2026-09-25,1381.0,1457.0,247300.0,309105.0,0.8000517623461283,False,https://query1.finance.yahoo.com/v8/finance/chart/6395.T?range=3mo&interval=1d&events=history&includeAdjustedClose=false
2026-09-25,6407,ＣＫＤ,VERIFIED,,2026-09-25,5240.0,5720.0,297500.0,496035.0,0.5997560656002097,False,https://query1.finance.yahoo.com/v8/finance/chart/6407.T?range=3mo&interval=1d&events=history&includeAdjustedClose=false
2026-09-25,6412,平和,VERIFIED,,2026-09-25,2216.0,2257.0,563200.0,278825.0,2.019904958307182,False,https://query1.finance.yahoo.com/v8/finance/chart/6412.T?range=3mo&interval=1d&events=history&includeAdjustedClose=false
2026-09-25,6413,理想科学工業,VERIFIED,,2026-09-25,1063.0,1185.0,93100.0,100985.0,0.9219190968955786,False,https://query1.finance.yahoo.com/v8/finance/chart/6413.T?range=3mo&interval=1d&events=history&includeAdjustedClose=false
2026-09-25,6417,ＳＡＮＫＹＯ,VERIFIED,,2026-09-25,2120.0,2155.0,966800.0,1170910.0,0.8256825887557541,False,https://query1.finance.yahoo.com/v8/finance/chart/6417.T?range=3mo&interval=1d&events=history&includeAdjustedClose=false
2026-09-25,6418,日本金銭機械,VERIFIED,,2026-09-25,1294.0,1285.0,267900.0,124875.0,2.1453453453453455,False,https://query1.finance.yahoo.com/v8/finance/chart/6418.T?range=3mo&interval=1d&events=history&includeAdjustedClose=false
2026-09-25,6419,マースグループホールディングス,VERIFIED,,2026-09-25,3155.0,3255.0,56900.0,57405.0,0.9912028568939988,False,https://query1.finance.yahoo.com/v8/finance/chart/6419.T?range=3mo&interval=1d&events=history&includeAdjustedClose=false
2026-09-25,6420,ガリレイホールディングス,VERIFIED,,2026-09-25,3510.0,3585.0,69400.0,40735.0,1.7036946115134406,False,https://query1.finance.yahoo.com/v8/finance/chart/6420.T?range=3mo&interval=1d&events=history&includeAdjustedClose=false
2026-09-25,6430,ダイコク電機,VERIFIED,,2026-09-25,2490.0,2578.0,40700.0,43110.0,0.9440964973324055,False,https://query1.finance.yahoo.com/v8/finance/chart/6430.T?range=3mo&interval=1d&events=history&includeAdjustedClose=false
2026-09-25,6432,竹内製作所,VERIFIED,,2026-09-25,7300.0,7810.0,171500.0,201915.0,0.8493673080256544,False,https://query1.finance.yahoo.com/v8/finance/chart/6432.T?range=3mo&interval=1d&events=history&includeAdjustedClose=false
2026-09-25,6436,アマノ,VERIFIED,,2026-09-25,3909.0,4040.0,355600.0,247390.0,1.4374065241117264,False,https://query1.finance.yahoo.com/v8/finance/chart/6436.T?range=3mo&interval=1d&events=history&includeAdjustedClose=false
2026-09-25,6440,ＪＵＫＩ,VERIFIED,,2026-09-25,788.0,796.0,226200.0,412145.0,0.5488359679239103,False,https://query1.finance.yahoo.com/v8/finance/chart/6440.T?range=3mo&interval=1d&events=history&includeAdjustedClose=false
2026-09-25,6445,ジャノメ,VERIFIED,,2026-09-25,1379.0,1457.0,48600.0,31430.0,1.546293350302259,False,https://query1.finance.yahoo.com/v8/finance/chart/6445.T?range=3mo&interval=1d&events=history&includeAdjustedClose=false
2026-09-25,6448,ブラザー工業,VERIFIED,,2026-09-25,4732.0,5061.0,1191300.0,1133655.0,1.0508488032073249,False,https://query1.finance.yahoo.com/v8/finance/chart/6448.T?range=3mo&interval=1d&events=history&includeAdjustedClose=false
2026-09-25,6454,マックス,VERIFIED,,2026-09-25,1883.0,1939.0,196300.0,280185.0,0.7006085265092706,False,https://query1.finance.yahoo.com/v8/finance/chart/6454.T?range=3mo&interval=1d&events=history&includeAdjustedClose=false
2026-09-25,6455,モリタホールディングス,VERIFIED,,2026-09-25,2540.0,2577.0,70300.0,70990.0,0.990280321171996,False,https://query1.finance.yahoo.com/v8/finance/chart/6455.T?range=3mo&interval=1d&events=history&includeAdjustedClose=false
2026-09-25,6457,グローリー,VERIFIED,,2026-09-25,4554.0,4924.0,186500.0,200855.0,0.9285305319758035,False,https://query1.finance.yahoo.com/v8/finance/chart/6457.T?range=3mo&interval=1d&events=history&includeAdjustedClose=false
2026-09-25,6458,新晃工業,VERIFIED,,2026-09-25,1242.0,1275.0,153800.0,283705.0,0.5421124054916198,False,https://query1.finance.yahoo.com/v8/finance/chart/6458.T?range=3mo&interval=1d&events=history&includeAdjustedClose=false
2026-09-25,6459,だいわ,VERIFIED,,2026-09-25,1690.0,1741.0,87600.0,123725.0,0.7080218225904223,False,https://query1.finance.yahoo.com/v8/finance/chart/6459.T?range=3mo&interval=1d&events=history&includeAdjustedClose=false
2026-09-25,6460,セガサミーホールディングス,VERIFIED,,2026-09-25,3265.0,3422.0,800600.0,1130225.0,0.7083545311774204,False,https://query1.finance.yahoo.com/v8/finance/chart/6460.T?range=3mo&interval=1d&events=history&includeAdjustedClose=false
2026-09-25,6463,ＴＰＲ,VERIFIED,,2026-09-25,1595.0,1653.0,113100.0,140260.0,0.8063596178525595,False,https://query1.finance.yahoo.com/v8/finance/chart/6463.T?range=3mo&interval=1d&events=history&includeAdjustedClose=false
2026-09-25,6464,ツバキ・ナカシマ,VERIFIED,,2026-09-25,344.0,364.0,238700.0,348860.0,0.6842286303961475,False,https://query1.finance.yahoo.com/v8/finance/chart/6464.T?range=3mo&interval=1d&events=history&includeAdjustedClose=false
2026-09-25,6465,ホシザキ,VERIFIED,,2026-09-25,5347.0,5768.0,302900.0,322055.0,0.9405225815466303,False,https://query1.finance.yahoo.com/v8/finance/chart/6465.T?range=3mo&interval=1d&events=history&includeAdjustedClose=false
2026-09-25,6471,日本精工,VERIFIED,,2026-09-25,1100.0,1141.0,1824600.0,2393280.0,0.7623846770958684,False,https://query1.finance.yahoo.com/v8/finance/chart/6471.T?range=3mo&interval=1d&events=history&includeAdjustedClose=false
2026-09-25,6472,ＮＴＮ,VERIFIED,,2026-09-25,391.29998779296875,400.79998779296875,2416600.0,2959445.0,0.8165720261738265,False,https://query1.finance.yahoo.com/v8/finance/chart/6472.T?range=3mo&interval=1d&events=history&includeAdjustedClose=false
2026-09-25,6473,ジェイテクト,VERIFIED,,2026-09-25,2125.5,2243.5,884500.0,1289085.0,0.6861455993980227,False,https://query1.finance.yahoo.com/v8/finance/chart/6473.T?range=3mo&interval=1d&events=history&includeAdjustedClose=false
2026-09-25,6474,不二越,VERIFIED,,2026-09-25,5510.0,5950.0,48500.0,60800.0,0.7976973684210527,False,https://query1.finance.yahoo.com/v8/finance/chart/6474.T?range=3mo&interval=1d&events=history&includeAdjustedClose=false
2026-09-25,6479,ミネベアミツミ,VERIFIED,,2026-09-25,3595.0,3614.0,2465300.0,2528085.0,0.9751649964301042,False,https://query1.finance.yahoo.com/v8/finance/chart/6479.T?range=3mo&interval=1d&events=history&includeAdjustedClose=false
2026-09-25,6480,日本トムソン,VERIFIED,,2026-09-25,1869.0,1847.0,698600.0,702660.0,0.9942219565650527,False,https://query1.finance.yahoo.com/v8/finance/chart/6480.T?range=3mo&interval=1d&events=history&includeAdjustedClose=false
2026-09-25,6481,ＴＨＫ,VERIFIED,,2026-09-25,6429.0,6981.0,822700.0,1018045.0,0.808117519363093,False,https://query1.finance.yahoo.com/v8/finance/chart/6481.T?range=3mo&interval=1d&events=history&includeAdjustedClose=false
2026-09-25,6486,イーグル工業,VERIFIED,,2026-09-25,3055.0,3120.0,137500.0,119355.0,1.152025470235851,False,https://query1.finance.yahoo.com/v8/finance/chart/6486.T?range=3mo&interval=1d&events=history&includeAdjustedClose=false
2026-09-25,6490,ＰＩＬＬＡＲ,VERIFIED,,2026-09-25,10350.0,10380.0,132800.0,98365.0,1.3500737050780258,False,https://query1.finance.yahoo.com/v8/finance/chart/6490.T?range=3mo&interval=1d&events=history&includeAdjustedClose=false
2026-09-25,6498,キッツ,VERIFIED,,2026-09-25,2004.0,2019.0,358400.0,475815.0,0.7532339249498229,False,https://query1.finance.yahoo.com/v8/finance/chart/6498.T?range=3mo&interval=1d&events=history&includeAdjustedClose=false
2026-09-25,6501,日立製作所,VERIFIED,,2026-09-25,5536.0,5645.0,9858600.0,9539305.0,1.0334715160066692,False,https://query1.finance.yahoo.com/v8/finance/chart/6501.T?range=3mo&interval=1d&events=history&includeAdjustedClose=false
2026-09-25,6503,三菱電機,VERIFIED,,2026-09-25,5239.0,5679.0,6640500.0,5642235.0,1.1769272283058043,False,https://query1.finance.yahoo.com/v8/finance/chart/6503.T?range=3mo&interval=1d&events=history&includeAdjustedClose=false
2026-09-25,6504,富士電機,VERIFIED,,2026-09-25,13615.0,14405.0,898900.0,626165.0,1.4355641085017528,False,https://query1.finance.yahoo.com/v8/finance/chart/6504.T?range=3mo&interval=1d&events=history&includeAdjustedClose=false
2026-09-25,6506,安川電機,VERIFIED,,2026-09-25,4480.0,5086.0,2961700.0,3480655.0,0.8509030627855964,False,https://query1.finance.yahoo.com/v8/finance/chart/6506.T?range=3mo&interval=1d&events=history&includeAdjustedClose=false
2026-09-25,6507,シンフォニアテクノロジー,VERIFIED,,2026-09-25,12700.0,12960.0,104400.0,168145.0,0.6208926819114455,False,https://query1.finance.yahoo.com/v8/finance/chart/6507.T?range=3mo&interval=1d&events=history&includeAdjustedClose=false
2026-09-25,6508,明電舎,VERIFIED,,2026-09-25,11460.0,12290.0,245800.0,257120.0,0.9559738643434972,False,https://query1.finance.yahoo.com/v8/finance/chart/6508.T?range=3mo&interval=1d&events=history&includeAdjustedClose=false
2026-09-25,6516,山洋電気,VERIFIED,,2026-09-25,5430.0,5560.0,59400.0,93490.0,0.6353620708097123,False,https://query1.finance.yahoo.com/v8/finance/chart/6516.T?range=3mo&interval=1d&events=history&includeAdjustedClose=false
2026-09-25,6517,デンヨー,VERIFIED,,2026-09-25,4110.0,4275.0,44700.0,45560.0,0.9811237928007024,False,https://query1.finance.yahoo.com/v8/finance/chart/6517.T?range=3mo&interval=1d&events=history&includeAdjustedClose=false
2026-09-25,6523,ＰＨＣホールディングス,VERIFIED,,2026-09-25,1430.0,1612.0,682100.0,775620.0,0.8794254918645729,False,https://query1.finance.yahoo.com/v8/finance/chart/6523.T?range=3mo&interval=1d&events=history&includeAdjustedClose=false
2026-09-25,6525,ＫＯＫＵＳＡＩ　ＥＬＥＣＴＲＩＣ,VERIFIED,,2026-09-25,9300.0,9445.0,6192900.0,8212450.0,0.7540867828723462,False,https://query1.finance.yahoo.com/v8/finance/chart/6525.T?range=3mo&interval=1d&events=history&includeAdjustedClose=false
2026-09-25,6526,ソシオネクスト,VERIFIED,,2026-09-25,2244.0,2300.0,8422200.0,6214375.0,1.3552770793523081,False,https://query1.finance.yahoo.com/v8/finance/chart/6526.T?range=3mo&interval=1d&events=history&includeAdjustedClose=false
2026-09-25,6532,ベイカレント,VERIFIED,,2026-09-25,7673.0,8270.0,1085700.0,1058660.0,1.025541722554928,False,https://query1.finance.yahoo.com/v8/finance/chart/6532.T?range=3mo&interval=1d&events=history&includeAdjustedClose=false
2026-09-25,6533,Ｏｒｃｈｅｓｔｒａ　Ｈｏｌｄｉｎｇｓ,VERIFIED,,2026-09-25,1228.0,1243.0,14500.0,24645.0,0.5883546358287685,False,https://query1.finance.yahoo.com/v8/finance/chart/6533.T?range=3mo&interval=1d&events=history&includeAdjustedClose=false
2026-09-25,6535,アイモバイル,VERIFIED,,2026-09-25,499.0,531.0,212300.0,356080.0,0.5962143338575601,False,https://query1.finance.yahoo.com/v8/finance/chart/6535.T?range=3mo&interval=1d&events=history&includeAdjustedClose=false
2026-09-25,6539,ＭＳ－Ｊａｐａｎ,VERIFIED,,2026-09-25,992.0,1019.0,39700.0,36465.0,1.0887152063622652,False,https://query1.finance.yahoo.com/v8/finance/chart/6539.T?range=3mo&interval=1d&events=history&includeAdjustedClose=false
2026-09-25,6544,ジャパンエレベーターサービスホールディングス,VERIFIED,,2026-09-25,1505.5,1599.0,916100.0,659495.0,1.389093169773842,False,https://query1.finance.yahoo.com/v8/finance/chart/6544.T?range=3mo&interval=1d&events=history&includeAdjustedClose=false
2026-09-25,6560,エル・ティー・エス,VERIFIED,,2026-09-25,1790.0,1881.0,20400.0,25745.0,0.7923868712371335,False,https://query1.finance.yahoo.com/v8/finance/chart/6560.T?range=3mo&interval=1d&events=history&includeAdjustedClose=false
2026-09-25,6564,ミダックホールディングス,VERIFIED,,2026-09-25,2009.0,2259.0,47000.0,59735.0,0.7868084037833766,False,https://query1.finance.yahoo.com/v8/finance/chart/6564.T?range=3mo&interval=1d&events=history&includeAdjustedClose=false
2026-09-25,6571,キュービーネットホールディングス,VERIFIED,,2026-09-25,1282.0,1349.0,40300.0,44545.0,0.9047031092154002,False,https://query1.finance.yahoo.com/v8/finance/chart/6571.T?range=3mo&interval=1d&events=history&includeAdjustedClose=false
2026-09-25,6572,オープングループ,VERIFIED,,2026-09-25,268.0,302.0,136100.0,214805.0,0.6335979143874677,False,https://query1.finance.yahoo.com/v8/finance/chart/6572.T?range=3mo&interval=1d&events=history&includeAdjustedClose=false
2026-09-25,6584,三櫻工業,VERIFIED,,2026-09-25,792.0,804.0,190300.0,354270.0,0.5371609224602704,False,https://query1.finance.yahoo.com/v8/finance/chart/6584.T?range=3mo&interval=1d&events=history&includeAdjustedClose=false
2026-09-25,6586,マキタ,VERIFIED,,2026-09-25,5396.0,5397.0,769000.0,716430.0,1.0733777200843069,False,https://query1.finance.yahoo.com/v8/finance/chart/6586.T?range=3mo&interval=1d&events=history&includeAdjustedClose=false
2026-09-25,6588,東芝テック,VERIFIED,,2026-09-25,2942.0,3210.0,155300.0,137105.0,1.1327085080777506,False,https://query1.finance.yahoo.com/v8/finance/chart/6588.T?range=3mo&interval=1d&events=history&includeAdjustedClose=false
2026-09-25,6590,芝浦メカトロニクス,VERIFIED,,2026-09-25,3785.0,4220.0,1057800.0,1262350.0,0.8379609458549531,False,https://query1.finance.yahoo.com/v8/finance/chart/6590.T?range=3mo&interval=1d&events=history&includeAdjustedClose=false
2026-09-25,6592,マブチモーター,VERIFIED,,2026-09-25,1724.5,1795.5,1007800.0,1188185.0,0.8481844157265073,False,https://query1.finance.yahoo.com/v8/finance/chart/6592.T?range=3mo&interval=1d&events=history&includeAdjustedClose=false
2026-09-25,6594,ニデック,VERIFIED,,2026-09-25,2840.0,2941.0,3803700.0,4665455.0,0.8152902557199673,False,https://query1.finance.yahoo.com/v8/finance/chart/6594.T?range=3mo&interval=1d&events=history&includeAdjustedClose=false
2026-09-25,6615,ユー・エム・シー・エレクトロニクス,VERIFIED,,2026-09-25,239.0,254.0,34000.0,54120.0,0.6282335550628233,False,https://query1.finance.yahoo.com/v8/finance/chart/6615.T?range=3mo&interval=1d&events=history&includeAdjustedClose=false
2026-09-25,6616,トレックス・セミコンダクター,VERIFIED,,2026-09-25,1948.0,2030.0,110500.0,96605.0,1.143833134930904,False,https://query1.finance.yahoo.com/v8/finance/chart/6616.T?range=3mo&interval=1d&events=history&includeAdjustedClose=false
2026-09-25,6617,東光高岳,VERIFIED,,2026-09-25,6950.0,7400.0,53400.0,81595.0,0.6544518659231571,False,https://query1.finance.yahoo.com/v8/finance/chart/6617.T?range=3mo&interval=1d&events=history&includeAdjustedClose=false
2026-09-25,6619,ダブル・スコープ,VERIFIED,,2026-09-25,149.0,175.0,2126100.0,2220280.0,0.9575819266038518,False,https://query1.finance.yahoo.com/v8/finance/chart/6619.T?range=3mo&interval=1d&events=history&includeAdjustedClose=false
2026-09-25,6620,宮越ホールディングス,VERIFIED,,2026-09-25,673.0,736.0,62200.0,41290.0,1.5064180188907725,False,https://query1.finance.yahoo.com/v8/finance/chart/6620.T?range=3mo&interval=1d&events=history&includeAdjustedClose=false
2026-09-25,6622,ダイヘン,VERIFIED,,2026-09-25,12930.0,13520.0,90100.0,163245.0,0.551931146436338,False,https://query1.finance.yahoo.com/v8/finance/chart/6622.T?range=3mo&interval=1d&events=history&includeAdjustedClose=false
2026-09-25,6630,ヤーマン,VERIFIED,,2026-09-25,781.0,829.0,92400.0,119990.0,0.7700641720143345,False,https://query1.finance.yahoo.com/v8/finance/chart/6630.T?range=3mo&interval=1d&events=history&includeAdjustedClose=false
2026-09-25,6632,ＪＶＣケンウッド,VERIFIED,,2026-09-25,1018.0,1060.0,1023200.0,1288510.0,0.794095505661578,False,https://query1.finance.yahoo.com/v8/finance/chart/6632.T?range=3mo&interval=1d&events=history&includeAdjustedClose=false
2026-09-25,6638,ミマキエンジニアリング,VERIFIED,,2026-09-25,2242.0,2157.0,150600.0,117440.0,1.2823569482288828,False,https://query1.finance.yahoo.com/v8/finance/chart/6638.T?range=3mo&interval=1d&events=history&includeAdjustedClose=false
2026-09-25,6644,大崎電気工業,VERIFIED,,2026-09-25,1512.0,1580.0,644700.0,311150.0,2.0719910011248595,False,https://query1.finance.yahoo.com/v8/finance/chart/6644.T?range=3mo&interval=1d&events=history&includeAdjustedClose=false
2026-09-25,6645,オムロン,VERIFIED,,2026-09-25,6325.0,6738.0,1129700.0,1187580.0,0.9512622307549807,False,https://query1.finance.yahoo.com/v8/finance/chart/6645.T?range=3mo&interval=1d&events=history&includeAdjustedClose=false
2026-09-25,6651,日東工業,VERIFIED,,2026-09-25,4420.0,4520.0,74300.0,64205.0,1.15723074526906,False,https://query1.finance.yahoo.com/v8/finance/chart/6651.T?range=3mo&interval=1d&events=history&includeAdjustedClose=false
2026-09-25,6652,ＩＤＥＣ,VERIFIED,,2026-09-25,3825.0,3855.0,117900.0,97830.0,1.2051517939282428,False,https://query1.finance.yahoo.com/v8/finance/chart/6652.T?range=3mo&interval=1d&events=history&includeAdjustedClose=false
2026-09-25,6653,正興電機製作所,VERIFIED,,2026-09-25,2113.0,2291.0,44100.0,74400.0,0.592741935483871,False,https://query1.finance.yahoo.com/v8/finance/chart/6653.T?range=3mo&interval=1d&events=history&includeAdjustedClose=false
2026-09-25,6674,ジーエス・ユアサ　コーポレーション,VERIFIED,,2026-09-25,5398.0,5566.0,752900.0,729850.0,1.0315818318832637,False,https://query1.finance.yahoo.com/v8/finance/chart/6674.T?range=3mo&interval=1d&events=history&includeAdjustedClose=false
2026-09-25,6701,日本電気,VERIFIED,,2026-09-25,4815.0,5054.0,5185400.0,6124750.0,0.8466304747132536,False,https://query1.finance.yahoo.com/v8/finance/chart/6701.T?range=3mo&interval=1d&events=history&includeAdjustedClose=false
2026-09-25,6702,富士通,VERIFIED,,2026-09-25,4028.0,4075.0,7302900.0,6744185.0,1.0828439611309595,False,https://query1.finance.yahoo.com/v8/finance/chart/6702.T?range=3mo&interval=1d&events=history&includeAdjustedClose=false
2026-09-25,6703,沖電気工業,VERIFIED,,2026-09-25,2775.0,2926.0,585500.0,644270.0,0.9087804802334425,False,https://query1.finance.yahoo.com/v8/finance/chart/6703.T?range=3mo&interval=1d&events=history&includeAdjustedClose=false
2026-09-25,6706,電気興業,VERIFIED,,2026-09-25,3340.0,3380.0,18100.0,29245.0,0.6189092152504702,False,https://query1.finance.yahoo.com/v8/finance/chart/6706.T?range=3mo&interval=1d&events=history&includeAdjustedClose=false
2026-09-25,6707,サンケン電気,VERIFIED,,2026-09-25,6898.0,7650.0,141100.0,145705.0,0.9683950447822656,False,https://query1.finance.yahoo.com/v8/finance/chart/6707.T?range=3mo&interval=1d&events=history&includeAdjustedClose=false
2026-09-25,6718,アイホン,VERIFIED,,2026-09-25,2850.0,2907.0,27000.0,21130.0,1.2778040700425934,False,https://query1.finance.yahoo.com/v8/finance/chart/6718.T?range=3mo&interval=1d&events=history&includeAdjustedClose=false
2026-09-25,6723,ルネサスエレクトロニクス,VERIFIED,,2026-09-25,3478.0,3626.0,8775000.0,10489805.0,0.8365265131239332,False,https://query1.finance.yahoo.com/v8/finance/chart/6723.T?range=3mo&interval=1d&events=history&includeAdjustedClose=false
2026-09-25,6724,セイコーエプソン,VERIFIED,,2026-09-25,3272.0,3332.0,1432800.0,1413200.0,1.0138692329465044,False,https://query1.finance.yahoo.com/v8/finance/chart/6724.T?range=3mo&interval=1d&events=history&includeAdjustedClose=false
2026-09-25,6727,ワコム,VERIFIED,,2026-09-25,880.0,863.0,1164500.0,508280.0,2.2910600456441332,False,https://query1.finance.yahoo.com/v8/finance/chart/6727.T?range=3mo&interval=1d&events=history&includeAdjustedClose=false
2026-09-25,6728,アルバック,VERIFIED,,2026-09-25,7610.0,7747.0,478300.0,499645.0,0.9572796685646809,False,https://query1.finance.yahoo.com/v8/finance/chart/6728.T?range=3mo&interval=1d&events=history&includeAdjustedClose=false
2026-09-25,6737,ＥＩＺＯ,VERIFIED,,2026-09-25,3135.0,3215.0,98400.0,171940.0,0.5722926602303129,False,https://query1.finance.yahoo.com/v8/finance/chart/6737.T?range=3mo&interval=1d&events=history&includeAdjustedClose=false
2026-09-25,6740,ジャパンディスプレイ,VERIFIED,,2026-09-25,51.0,51.0,22102700.0,8798830.0,2.5120044369535495,False,https://query1.finance.yahoo.com/v8/finance/chart/6740.T?range=3mo&interval=1d&events=history&includeAdjustedClose=false
2026-09-25,6741,日本信号,VERIFIED,,2026-09-25,1854.0,1893.0,192800.0,141125.0,1.366164747564216,False,https://query1.finance.yahoo.com/v8/finance/chart/6741.T?range=3mo&interval=1d&events=history&includeAdjustedClose=false
2026-09-25,6742,京三製作所,VERIFIED,,2026-09-25,1120.0,1121.0,313400.0,257375.0,1.2176784847013113,False,https://query1.finance.yahoo.com/v8/finance/chart/6742.T?range=3mo&interval=1d&events=history&includeAdjustedClose=false
2026-09-25,6744,能美防災,VERIFIED,,2026-09-25,4030.0,4370.0,74700.0,79405.0,0.9407468043574082,False,https://query1.finance.yahoo.com/v8/finance/chart/6744.T?range=3mo&interval=1d&events=history&includeAdjustedClose=false
2026-09-25,6745,ホーチキ,VERIFIED,,2026-09-25,1941.0,2056.0,176600.0,169455.0,1.042164586468384,False,https://query1.finance.yahoo.com/v8/finance/chart/6745.T?range=3mo&interval=1d&events=history&includeAdjustedClose=false
2026-09-25,6750,エレコム,VERIFIED,,2026-09-25,2049.0,2064.0,272100.0,172495.0,1.5774370271602076,False,https://query1.finance.yahoo.com/v8/finance/chart/6750.T?range=3mo&interval=1d&events=history&includeAdjustedClose=false
2026-09-25,6752,パナソニック　ホールディングス,VERIFIED,,2026-09-25,4588.0,4543.0,8978100.0,7974115.0,1.1259055080093527,False,https://query1.finance.yahoo.com/v8/finance/chart/6752.T?range=3mo&interval=1d&events=history&includeAdjustedClose=false
2026-09-25,6753,シャープ,VERIFIED,,2026-09-25,662.2999877929688,700.7000122070312,3038400.0,3692400.0,0.8228794280142997,False,https://query1.finance.yahoo.com/v8/finance/chart/6753.T?range=3mo&interval=1d&events=history&includeAdjustedClose=false
2026-09-25,6754,アンリツ,VERIFIED,,2026-09-25,3400.0,3474.0,1180800.0,871415.0,1.355037496485601,False,https://query1.finance.yahoo.com/v8/finance/chart/6754.T?range=3mo&interval=1d&events=history&includeAdjustedClose=false
2026-09-25,6758,ソニーグループ,VERIFIED,,2026-09-25,3710.0,4070.0,14559900.0,14077560.0,1.0342630399018011,False,https://query1.finance.yahoo.com/v8/finance/chart/6758.T?range=3mo&interval=1d&events=history&includeAdjustedClose=false
2026-09-25,6762,ＴＤＫ,VERIFIED,,2026-09-25,2978.0,3135.0,9616900.0,8838780.0,1.0880347740299001,False,https://query1.finance.yahoo.com/v8/finance/chart/6762.T?range=3mo&interval=1d&events=history&includeAdjustedClose=false
2026-09-25,6763,帝国通信工業,VERIFIED,,2026-09-25,2821.0,2945.0,23300.0,15515.0,1.5017724782468578,False,https://query1.finance.yahoo.com/v8/finance/chart/6763.T?range=3mo&interval=1d&events=history&includeAdjustedClose=false
2026-09-25,6768,タムラ製作所,VERIFIED,,2026-09-25,871.0,874.0,680700.0,981665.0,0.6934137409401374,False,https://query1.finance.yahoo.com/v8/finance/chart/6768.T?range=3mo&interval=1d&events=history&includeAdjustedClose=false
2026-09-25,6770,アルプスアルパイン,VERIFIED,,2026-09-25,2204.0,2347.5,1327200.0,1616505.0,0.8210305566639138,False,https://query1.finance.yahoo.com/v8/finance/chart/6770.T?range=3mo&interval=1d&events=history&includeAdjustedClose=false
2026-09-25,6779,日本電波工業,VERIFIED,,2026-09-25,3260.0,3335.0,374100.0,903730.0,0.4139510694565855,False,https://query1.finance.yahoo.com/v8/finance/chart/6779.T?range=3mo&interval=1d&events=history&includeAdjustedClose=false
2026-09-25,6785,鈴木,VERIFIED,,2026-09-25,3235.0,3260.0,71200.0,80000.0,0.89,False,https://query1.finance.yahoo.com/v8/finance/chart/6785.T?range=3mo&interval=1d&events=history&includeAdjustedClose=false
2026-09-25,6787,メイコー,VERIFIED,,2026-09-25,23870.0,24710.0,705800.0,534625.0,1.3201776946457797,False,https://query1.finance.yahoo.com/v8/finance/chart/6787.T?range=3mo&interval=1d&events=history&includeAdjustedClose=false
2026-09-25,6788,日本トリム,VERIFIED,,2026-09-25,5130.0,5130.0,6600.0,10225.0,0.6454767726161369,False,https://query1.finance.yahoo.com/v8/finance/chart/6788.T?range=3mo&interval=1d&events=history&includeAdjustedClose=false
2026-09-25,6794,フォスター電機,VERIFIED,,2026-09-25,3285.0,3295.0,216400.0,142910.0,1.5142397312994191,False,https://query1.finance.yahoo.com/v8/finance/chart/6794.T?range=3mo&interval=1d&events=history&includeAdjustedClose=false
2026-09-25,6798,ＳＭＫ,VERIFIED,,2026-09-25,3370.0,3450.0,10200.0,12230.0,0.8340147179067866,False,https://query1.finance.yahoo.com/v8/finance/chart/6798.T?range=3mo&interval=1d&events=history&includeAdjustedClose=false
2026-09-25,6800,ヨコオ,VERIFIED,,2026-09-25,4465.0,4530.0,131800.0,141540.0,0.9311855305920588,False,https://query1.finance.yahoo.com/v8/finance/chart/6800.T?range=3mo&interval=1d&events=history&includeAdjustedClose=false
2026-09-25,6804,ホシデン,VERIFIED,,2026-09-25,2522.0,2760.0,240200.0,235085.0,1.0217580875002659,False,https://query1.finance.yahoo.com/v8/finance/chart/6804.T?range=3mo&interval=1d&events=history&includeAdjustedClose=false
2026-09-25,6806,ヒロセ電機,VERIFIED,,2026-09-25,25030.0,26760.0,139000.0,146280.0,0.9502324309543342,False,https://query1.finance.yahoo.com/v8/finance/chart/6806.T?range=3mo&interval=1d&events=history&includeAdjustedClose=false
2026-09-25,6807,日本航空電子工業,VERIFIED,,2026-09-25,2584.0,2587.0,258300.0,231695.0,1.1148276829452513,False,https://query1.finance.yahoo.com/v8/finance/chart/6807.T?range=3mo&interval=1d&events=history&includeAdjustedClose=false
2026-09-25,6809,ＴＯＡ,VERIFIED,,2026-09-25,1778.0,1789.0,73000.0,79385.0,0.9195691881337784,False,https://query1.finance.yahoo.com/v8/finance/chart/6809.T?range=3mo&interval=1d&events=history&includeAdjustedClose=false
2026-09-25,6810,マクセル,VERIFIED,,2026-09-25,2632.0,2670.0,241600.0,272250.0,0.8874196510560147,False,https://query1.finance.yahoo.com/v8/finance/chart/6810.T?range=3mo&interval=1d&events=history&includeAdjustedClose=false
2026-09-25,6814,古野電気,VERIFIED,,2026-09-25,7710.0,8060.0,271000.0,245790.0,1.102567232190081,False,https://query1.finance.yahoo.com/v8/finance/chart/6814.T?range=3mo&interval=1d&events=history&includeAdjustedClose=false
2026-09-25,6817,スミダコーポレーション,VERIFIED,,2026-09-25,1226.0,1253.0,103800.0,162515.0,0.6387102728978864,False,https://query1.finance.yahoo.com/v8/finance/chart/6817.T?range=3mo&interval=1d&events=history&includeAdjustedClose=false
2026-09-25,6820,アイコム,VERIFIED,,2026-09-25,3750.0,3835.0,21400.0,15410.0,1.3887086307592473,False,https://query1.finance.yahoo.com/v8/finance/chart/6820.T?range=3mo&interval=1d&events=history&includeAdjustedClose=false
2026-09-25,6823,リオン,VERIFIED,,2026-09-25,3355.0,3380.0,46500.0,37720.0,1.2327677624602333,False,https://query1.finance.yahoo.com/v8/finance/chart/6823.T?range=3mo&interval=1d&events=history&includeAdjustedClose=false
2026-09-25,6841,横河電機,VERIFIED,,2026-09-25,4740.0,5217.0,1016200.0,1049170.0,0.9685751594117255,False,https://query1.finance.yahoo.com/v8/finance/chart/6841.T?range=3mo&interval=1d&events=history&includeAdjustedClose=false
2026-09-25,6844,新電元工業,VERIFIED,,2026-09-25,3120.0,3170.0,56700.0,92690.0,0.6117164742690689,False,https://query1.finance.yahoo.com/v8/finance/chart/6844.T?range=3mo&interval=1d&events=history&includeAdjustedClose=false
2026-09-25,6845,アズビル,VERIFIED,,2026-09-25,1479.0,1540.5,1672600.0,1445000.0,1.157508650519031,False,https://query1.finance.yahoo.com/v8/finance/chart/6845.T?range=3mo&interval=1d&events=history&includeAdjustedClose=false
2026-09-25,6849,日本光電工業,VERIFIED,,2026-09-25,1625.0,1617.5,672200.0,832720.0,0.8072341243154962,False,https://query1.finance.yahoo.com/v8/finance/chart/6849.T?range=3mo&interval=1d&events=history&includeAdjustedClose=false
2026-09-25,6850,チノー,VERIFIED,,2026-09-25,1776.0,1789.0,28800.0,31450.0,0.9157392686804452,False,https://query1.finance.yahoo.com/v8/finance/chart/6850.T?range=3mo&interval=1d&events=history&includeAdjustedClose=false
2026-09-25,6856,堀場製作所,VERIFIED,,2026-09-25,23855.0,24250.0,271400.0,217620.0,1.2471280213215696,False,https://query1.finance.yahoo.com/v8/finance/chart/6856.T?range=3mo&interval=1d&events=history&includeAdjustedClose=false
2026-09-25,6857,アドバンテスト,VERIFIED,,2026-09-25,34000.0,36120.0,7899800.0,8906225.0,0.8869975775370598,False,https://query1.finance.yahoo.com/v8/finance/chart/6857.T?range=3mo&interval=1d&events=history&includeAdjustedClose=false
2026-09-25,6859,エスペック,VERIFIED,,2026-09-25,4075.0,4080.0,44300.0,64895.0,0.6826411896139918,False,https://query1.finance.yahoo.com/v8/finance/chart/6859.T?range=3mo&interval=1d&events=history&includeAdjustedClose=false
2026-09-25,6861,キーエンス,VERIFIED,,2026-09-25,79600.0,84170.0,731800.0,526130.0,1.3909109915800277,False,https://query1.finance.yahoo.com/v8/finance/chart/6861.T?range=3mo&interval=1d&events=history&includeAdjustedClose=false
2026-09-25,6866,日置電機,VERIFIED,,2026-09-25,10440.0,10970.0,33800.0,29555.0,1.1436305193706648,False,https://query1.finance.yahoo.com/v8/finance/chart/6866.T?range=3mo&interval=1d&events=history&includeAdjustedClose=false
2026-09-25,6869,シスメックス,VERIFIED,,2026-09-25,1901.0,2012.5,2739000.0,2545190.0,1.0761475567639351,False,https://query1.finance.yahoo.com/v8/finance/chart/6869.T?range=3mo&interval=1d&events=history&includeAdjustedClose=false
2026-09-25,6871,日本マイクロニクス,VERIFIED,,2026-09-25,13830.0,14220.0,767600.0,1150345.0,0.6672780774463313,False,https://query1.finance.yahoo.com/v8/finance/chart/6871.T?range=3mo&interval=1d&events=history&includeAdjustedClose=false
2026-09-25,6875,メガチップス,VERIFIED,,2026-09-25,11150.0,11230.0,88100.0,92690.0,0.950480094940123,False,https://query1.finance.yahoo.com/v8/finance/chart/6875.T?range=3mo&interval=1d&events=history&includeAdjustedClose=false
2026-09-25,6902,デンソー,VERIFIED,,2026-09-25,1924.0,1984.0,5839500.0,6727985.0,0.8679418875042082,False,https://query1.finance.yahoo.com/v8/finance/chart/6902.T?range=3mo&interval=1d&events=history&includeAdjustedClose=false
2026-09-25,6905,コーセル,VERIFIED,,2026-09-25,1474.0,1483.0,353700.0,242360.0,1.4593992407988117,False,https://query1.finance.yahoo.com/v8/finance/chart/6905.T?range=3mo&interval=1d&events=history&includeAdjustedClose=false
2026-09-25,6908,イリソ電子工業,VERIFIED,,2026-09-25,2881.0,2884.0,124100.0,110930.0,1.1187235193365186,False,https://query1.finance.yahoo.com/v8/finance/chart/6908.T?range=3mo&interval=1d&events=history&includeAdjustedClose=false
2026-09-25,6914,オプテックスグループ,VERIFIED,,2026-09-25,3315.0,3320.0,153300.0,155240.0,0.9875032208193765,False,https://query1.finance.yahoo.com/v8/finance/chart/6914.T?range=3mo&interval=1d&events=history&includeAdjustedClose=false
2026-09-25,6920,レーザーテック,VERIFIED,,2026-09-25,40910.0,40460.0,2941000.0,3157220.0,0.9315157005213447,False,https://query1.finance.yahoo.com/v8/finance/chart/6920.T?range=3mo&interval=1d&events=history&includeAdjustedClose=false
2026-09-25,6923,スタンレー電気,VERIFIED,,2026-09-25,3584.0,3740.0,408800.0,483090.0,0.8462191310107847,False,https://query1.finance.yahoo.com/v8/finance/chart/6923.T?range=3mo&interval=1d&events=history&includeAdjustedClose=false
2026-09-25,6925,ウシオ電機,VERIFIED,,2026-09-25,4012.0,4075.0,555200.0,392475.0,1.4146123956939933,False,https://query1.finance.yahoo.com/v8/finance/chart/6925.T?range=3mo&interval=1d&events=history&includeAdjustedClose=false
2026-09-25,6929,日本セラミック,VERIFIED,,2026-09-25,3680.0,3835.0,77300.0,90810.0,0.8512278383437948,False,https://query1.finance.yahoo.com/v8/finance/chart/6929.T?range=3mo&interval=1d&events=history&includeAdjustedClose=false
2026-09-25,6941,山一電機,VERIFIED,,2026-09-25,8560.0,8590.0,226300.0,272775.0,0.8296214829071579,False,https://query1.finance.yahoo.com/v8/finance/chart/6941.T?range=3mo&interval=1d&events=history&includeAdjustedClose=false
2026-09-25,6947,図研,VERIFIED,,2026-09-25,5130.0,5220.0,86600.0,60380.0,1.4342497515733688,False,https://query1.finance.yahoo.com/v8/finance/chart/6947.T?range=3mo&interval=1d&events=history&includeAdjustedClose=false
2026-09-25,6951,日本電子,VERIFIED,,2026-09-25,7689.0,7595.0,270800.0,266660.0,1.0155253881347033,False,https://query1.finance.yahoo.com/v8/finance/chart/6951.T?range=3mo&interval=1d&events=history&includeAdjustedClose=false
2026-09-25,6952,カシオ計算機,VERIFIED,,2026-09-25,2201.5,2536.0,1641900.0,1782945.0,0.9208921194989189,False,https://query1.finance.yahoo.com/v8/finance/chart/6952.T?range=3mo&interval=1d&events=history&includeAdjustedClose=false
2026-09-25,6954,ファナック,VERIFIED,,2026-09-25,5985.0,6208.0,4706800.0,4461850.0,1.0548987527595055,False,https://query1.finance.yahoo.com/v8/finance/chart/6954.T?range=3mo&interval=1d&events=history&includeAdjustedClose=false
2026-09-25,6958,日本シイエムケイ,VERIFIED,,2026-09-25,795.0,810.0,653700.0,887115.0,0.7368830422211325,False,https://query1.finance.yahoo.com/v8/finance/chart/6958.T?range=3mo&interval=1d&events=history&includeAdjustedClose=false
2026-09-25,6961,エンプラス,VERIFIED,,2026-09-25,9900.0,10680.0,147800.0,133170.0,1.1098595779830291,False,https://query1.finance.yahoo.com/v8/finance/chart/6961.T?range=3mo&interval=1d&events=history&includeAdjustedClose=false
2026-09-25,6962,大真空,VERIFIED,,2026-09-25,842.0,843.0,152900.0,339750.0,0.4500367917586461,False,https://query1.finance.yahoo.com/v8/finance/chart/6962.T?range=3mo&interval=1d&events=history&includeAdjustedClose=false
2026-09-25,6963,ローム,VERIFIED,,2026-09-25,4792.0,5243.0,2407800.0,2928620.0,0.8221619738989695,False,https://query1.finance.yahoo.com/v8/finance/chart/6963.T?range=3mo&interval=1d&events=history&includeAdjustedClose=false
2026-09-25,6965,浜松ホトニクス,VERIFIED,,2026-09-25,2342.5,2410.0,1508100.0,2118265.0,0.7119505821981669,False,https://query1.finance.yahoo.com/v8/finance/chart/6965.T?range=3mo&interval=1d&events=history&includeAdjustedClose=false
2026-09-25,6966,三井ハイテック,VERIFIED,,2026-09-25,881.0,1014.0,2172700.0,3132885.0,0.6935141251593978,False,https://query1.finance.yahoo.com/v8/finance/chart/6966.T?range=3mo&interval=1d&events=history&includeAdjustedClose=false
2026-09-25,6971,京セラ,VERIFIED,,2026-09-25,3764.0,3737.0,4078000.0,4466270.0,0.9130661603530463,False,https://query1.finance.yahoo.com/v8/finance/chart/6971.T?range=3mo&interval=1d&events=history&includeAdjustedClose=false
2026-09-25,6976,太陽誘電,VERIFIED,,2026-09-25,9160.0,9942.0,27217100.0,27554665.0,0.987749261331974,False,https://query1.finance.yahoo.com/v8/finance/chart/6976.T?range=3mo&interval=1d&events=history&includeAdjustedClose=false
2026-09-25,6981,村田製作所,VERIFIED,,2026-09-25,8022.0,8073.0,22514600.0,20738590.0,1.0856379339193263,False,https://query1.finance.yahoo.com/v8/finance/chart/6981.T?range=3mo&interval=1d&events=history&includeAdjustedClose=false
2026-09-25,6986,双葉電子工業,VERIFIED,,2026-09-25,817.0,825.0,303300.0,553080.0,0.5483835973096116,False,https://query1.finance.yahoo.com/v8/finance/chart/6986.T?range=3mo&interval=1d&events=history&includeAdjustedClose=false
2026-09-25,6988,日東電工,VERIFIED,,2026-09-25,3548.0,3594.0,3082500.0,2785560.0,1.1065997501400078,False,https://query1.finance.yahoo.com/v8/finance/chart/6988.T?range=3mo&interval=1d&events=history&includeAdjustedClose=false
2026-09-25,6995,東海理化電機製作所,VERIFIED,,2026-09-25,3180.0,3270.0,133300.0,128545.0,1.0369909370259442,False,https://query1.finance.yahoo.com/v8/finance/chart/6995.T?range=3mo&interval=1d&events=history&includeAdjustedClose=false
2026-09-25,6996,ニチコン,VERIFIED,,2026-09-25,2611.0,2815.0,680900.0,893655.0,0.7619271419059928,False,https://query1.finance.yahoo.com/v8/finance/chart/6996.T?range=3mo&interval=1d&events=history&includeAdjustedClose=false
2026-09-25,6997,日本ケミコン,VERIFIED,,2026-09-25,2600.0,3025.0,1724800.0,876825.0,1.9670971972742566,False,https://query1.finance.yahoo.com/v8/finance/chart/6997.T?range=3mo&interval=1d&events=history&includeAdjustedClose=false
2026-09-25,6999,ＫＯＡ,VERIFIED,,2026-09-25,2283.0,2382.0,285300.0,464270.0,0.6145131065974541,False,https://query1.finance.yahoo.com/v8/finance/chart/6999.T?range=3mo&interval=1d&events=history&includeAdjustedClose=false
2026-09-25,7003,三井Ｅ＆Ｓ,VERIFIED,,2026-09-25,4314.0,4612.0,1370900.0,1981375.0,0.691893255945997,False,https://query1.finance.yahoo.com/v8/finance/chart/7003.T?range=3mo&interval=1d&events=history&includeAdjustedClose=false
2026-09-25,7004,カナデビア,VERIFIED,,2026-09-25,1173.0,1231.0,597000.0,932290.0,0.6403586866747472,False,https://query1.finance.yahoo.com/v8/finance/chart/7004.T?range=3mo&interval=1d&events=history&includeAdjustedClose=false
2026-09-25,7011,三菱重工業,VERIFIED,,2026-09-25,3897.0,4071.0,15832800.0,15926015.0,0.9941469978522562,False,https://query1.finance.yahoo.com/v8/finance/chart/7011.T?range=3mo&interval=1d&events=history&includeAdjustedClose=false
2026-09-25,7012,川崎重工業,VERIFIED,,2026-09-25,2408.0,2649.5,7358900.0,11267015.0,0.6531366116047596,False,https://query1.finance.yahoo.com/v8/finance/chart/7012.T?range=3mo&interval=1d&events=history&includeAdjustedClose=false
2026-09-25,7013,ＩＨＩ,VERIFIED,,2026-09-25,2797.0,2950.5,7524200.0,11883660.0,0.633155105413652,False,https://query1.finance.yahoo.com/v8/finance/chart/7013.T?range=3mo&interval=1d&events=history&includeAdjustedClose=false
2026-09-25,7033,マネジメントソリューションズ,VERIFIED,,2026-09-25,1591.0,1712.0,69700.0,83580.0,0.8339315625747786,False,https://query1.finance.yahoo.com/v8/finance/chart/7033.T?range=3mo&interval=1d&events=history&includeAdjustedClose=false
2026-09-25,7034,プロレド・パートナーズ,VERIFIED,,2026-09-25,316.0,370.0,42100.0,33040.0,1.2742130750605327,False,https://query1.finance.yahoo.com/v8/finance/chart/7034.T?range=3mo&interval=1d&events=history&includeAdjustedClose=false
2026-09-25,7038,フロンティア・マネジメント,VERIFIED,,2026-09-25,583.0,597.0,15300.0,16205.0,0.9441530391854366,False,https://query1.finance.yahoo.com/v8/finance/chart/7038.T?range=3mo&interval=1d&events=history&includeAdjustedClose=false
2026-09-25,7059,コプロ・ホールディングス,VERIFIED,,2026-09-25,971.0,980.0,75200.0,103510.0,0.7264998550864651,False,https://query1.finance.yahoo.com/v8/finance/chart/7059.T?range=3mo&interval=1d&events=history&includeAdjustedClose=false
2026-09-25,7071,アンビスホールディングス,VERIFIED,,2026-09-25,396.0,432.0,365300.0,248440.0,1.4703751408790855,False,https://query1.finance.yahoo.com/v8/finance/chart/7071.T?range=3mo&interval=1d&events=history&includeAdjustedClose=false
2026-09-25,7085,カーブスホールディングス,VERIFIED,,2026-09-25,898.0,986.0,324000.0,506330.0,0.6398988801769597,False,https://query1.finance.yahoo.com/v8/finance/chart/7085.T?range=3mo&interval=1d&events=history&includeAdjustedClose=false
2026-09-25,7095,Ｍａｃｂｅｅ　Ｐｌａｎｅｔ,VERIFIED,,2026-09-25,1145.0,1305.0,66500.0,65345.0,1.0176754151044456,False,https://query1.finance.yahoo.com/v8/finance/chart/7095.T?range=3mo&interval=1d&events=history&includeAdjustedClose=false
2026-09-25,7102,日本車輌製造,VERIFIED,,2026-09-25,3695.0,3800.0,39700.0,30960.0,1.2822997416020672,False,https://query1.finance.yahoo.com/v8/finance/chart/7102.T?range=3mo&interval=1d&events=history&includeAdjustedClose=false
2026-09-25,7128,ユニソルホールディングス,VERIFIED,,2026-09-25,2884.0,2937.0,57800.0,93175.0,0.6203380735175744,False,https://query1.finance.yahoo.com/v8/finance/chart/7128.T?range=3mo&interval=1d&events=history&includeAdjustedClose=false
2026-09-25,7130,ヤマエグループホールディングス,VERIFIED,,2026-09-25,2804.0,2996.0,58100.0,66580.0,0.8726344247521778,False,https://query1.finance.yahoo.com/v8/finance/chart/7130.T?range=3mo&interval=1d&events=history&includeAdjustedClose=false
2026-09-25,7148,ＦＰＧ,VERIFIED,,2026-09-25,1710.0,1743.0,683100.0,504145.0,1.3549673209096589,False,https://query1.finance.yahoo.com/v8/finance/chart/7148.T?range=3mo&interval=1d&events=history&includeAdjustedClose=false
2026-09-25,7157,ライフネット生命保険,VERIFIED,,2026-09-25,1415.0,1528.0,158100.0,260525.0,0.6068515497553018,False,https://query1.finance.yahoo.com/v8/finance/chart/7157.T?range=3mo&interval=1d&events=history&includeAdjustedClose=false
2026-09-25,7164,全国保証,VERIFIED,,2026-09-25,3148.0,3241.0,331100.0,268210.0,1.2344804444278736,False,https://query1.finance.yahoo.com/v8/finance/chart/7164.T?range=3mo&interval=1d&events=history&includeAdjustedClose=false
2026-09-25,7167,めぶきフィナンシャルグループ,VERIFIED,,2026-09-25,1729.5,1726.5,3463800.0,2750540.0,1.259316352425342,False,https://query1.finance.yahoo.com/v8/finance/chart/7167.T?range=3mo&interval=1d&events=history&includeAdjustedClose=false
2026-09-25,7172,ジャパンインベストメントアドバイザー,VERIFIED,,2026-09-25,2161.0,2149.0,183400.0,140545.0,1.3049201323419546,False,https://query1.finance.yahoo.com/v8/finance/chart/7172.T?range=3mo&interval=1d&events=history&includeAdjustedClose=false
2026-09-25,7173,東京きらぼしフィナンシャルグループ,VERIFIED,,2026-09-25,1787.0,1745.0,1719200.0,1100985.0,1.5615108289395405,False,https://query1.finance.yahoo.com/v8/finance/chart/7173.T?range=3mo&interval=1d&events=history&includeAdjustedClose=false
2026-09-25,7180,九州フィナンシャルグループ,VERIFIED,,2026-09-25,1745.0,1687.0,2169300.0,1122175.0,1.9331209481587097,False,https://query1.finance.yahoo.com/v8/finance/chart/7180.T?range=3mo&interval=1d&events=history&includeAdjustedClose=false
2026-09-25,7181,かんぽ生命保険,VERIFIED,,2026-09-25,1828.0,1834.0,1849500.0,2308365.0,0.8012164454061641,False,https://query1.finance.yahoo.com/v8/finance/chart/7181.T?range=3mo&interval=1d&events=history&includeAdjustedClose=false
2026-09-25,7182,ゆうちょ銀行,VERIFIED,,2026-09-25,3349.0,3455.0,7916000.0,5499185.0,1.4394860329303343,False,https://query1.finance.yahoo.com/v8/finance/chart/7182.T?range=3mo&interval=1d&events=history&includeAdjustedClose=false
2026-09-25,7184,富山第一銀行,VERIFIED,,2026-09-25,3665.0,3575.0,219500.0,178880.0,1.2270796064400715,False,https://query1.finance.yahoo.com/v8/finance/chart/7184.T?range=3mo&interval=1d&events=history&includeAdjustedClose=false
2026-09-25,7186,横浜フィナンシャルグループ,VERIFIED,,2026-09-25,1930.5,1991.5,4637200.0,3912085.0,1.1853525677484003,False,https://query1.finance.yahoo.com/v8/finance/chart/7186.T?range=3mo&interval=1d&events=history&includeAdjustedClose=false
2026-09-25,7187,ジェイリース,VERIFIED,,2026-09-25,1343.0,1404.0,55400.0,50200.0,1.1035856573705178,False,https://query1.finance.yahoo.com/v8/finance/chart/7187.T?range=3mo&interval=1d&events=history&includeAdjustedClose=false
2026-09-25,7189,西日本フィナンシャルホールディングス,VERIFIED,,2026-09-25,5146.0,5094.0,770700.0,435555.0,1.7694665426869167,False,https://query1.finance.yahoo.com/v8/finance/chart/7189.T?range=3mo&interval=1d&events=history&includeAdjustedClose=false
2026-09-25,7198,ＳＢＩアルヒ,VERIFIED,,2026-09-25,842.0,849.0,79000.0,96365.0,0.8197997198152857,False,https://query1.finance.yahoo.com/v8/finance/chart/7198.T?range=3mo&interval=1d&events=history&includeAdjustedClose=false
2026-09-25,7199,プレミアグループ,VERIFIED,,2026-09-25,2115.0,2172.0,208200.0,182770.0,1.1391366197953712,False,https://query1.finance.yahoo.com/v8/finance/chart/7199.T?range=3mo&interval=1d&events=history&includeAdjustedClose=false
2026-09-25,7201,日産自動車,VERIFIED,,2026-09-25,301.20001220703125,340.3999938964844,34729100.0,37897565.0,0.9163939688473389,False,https://query1.finance.yahoo.com/v8/finance/chart/7201.T?range=3mo&interval=1d&events=history&includeAdjustedClose=false
2026-09-25,7202,いすゞ自動車,VERIFIED,,2026-09-25,2192.0,2331.5,3628100.0,2686465.0,1.3505108013690854,False,https://query1.finance.yahoo.com/v8/finance/chart/7202.T?range=3mo&interval=1d&events=history&includeAdjustedClose=false
2026-09-25,7203,トヨタ自動車,VERIFIED,,2026-09-25,2989.5,3269.0,21084000.0,24473390.0,0.8615071308061532,False,https://query1.finance.yahoo.com/v8/finance/chart/7203.T?range=3mo&interval=1d&events=history&includeAdjustedClose=false
2026-09-25,7211,三菱自動車工業,VERIFIED,,2026-09-25,367.79998779296875,406.29998779296875,7876300.0,10319015.0,0.7632802161834245,False,https://query1.finance.yahoo.com/v8/finance/chart/7211.T?range=3mo&interval=1d&events=history&includeAdjustedClose=false
2026-09-25,7220,武蔵精密工業,VERIFIED,,2026-09-25,2973.0,3285.0,1451800.0,939405.0,1.5454463197449448,False,https://query1.finance.yahoo.com/v8/finance/chart/7220.T?range=3mo&interval=1d&events=history&includeAdjustedClose=false
2026-09-25,7224,新明和工業,VERIFIED,,2026-09-25,1974.0,2019.0,151400.0,148795.0,1.0175073087133304,False,https://query1.finance.yahoo.com/v8/finance/chart/7224.T?range=3mo&interval=1d&events=history&includeAdjustedClose=false
2026-09-25,7226,極東開発工業,VERIFIED,,2026-09-25,2320.0,2377.0,268700.0,217090.0,1.2377355014049471,False,https://query1.finance.yahoo.com/v8/finance/chart/7226.T?range=3mo&interval=1d&events=history&includeAdjustedClose=false
2026-09-25,7231,トピー工業,VERIFIED,,2026-09-25,3160.0,3195.0,61200.0,53300.0,1.148217636022514,False,https://query1.finance.yahoo.com/v8/finance/chart/7231.T?range=3mo&interval=1d&events=history&includeAdjustedClose=false
2026-09-25,7236,ティラド,VERIFIED,,2026-09-25,1544.0,1605.0,484300.0,282075.0,1.7169192590623061,False,https://query1.finance.yahoo.com/v8/finance/chart/7236.T?range=3mo&interval=1d&events=history&includeAdjustedClose=false
2026-09-25,7238,曙ブレーキ工業,VERIFIED,,2026-09-25,106.0,110.0,2430700.0,3582685.0,0.6784576372190131,False,https://query1.finance.yahoo.com/v8/finance/chart/7238.T?range=3mo&interval=1d&events=history&includeAdjustedClose=false
2026-09-25,7239,タチエス,VERIFIED,,2026-09-25,2398.0,2405.0,148200.0,83075.0,1.7839301835690642,False,https://query1.finance.yahoo.com/v8/finance/chart/7239.T?range=3mo&interval=1d&events=history&includeAdjustedClose=false
2026-09-25,7240,ＮＯＫ,VERIFIED,,2026-09-25,3056.0,3138.0,446100.0,374060.0,1.1925894241565524,False,https://query1.finance.yahoo.com/v8/finance/chart/7240.T?range=3mo&interval=1d&events=history&includeAdjustedClose=false
2026-09-25,7241,フタバ産業,VERIFIED,,2026-09-25,1119.0,1146.0,516800.0,331480.0,1.5590684204175214,False,https://query1.finance.yahoo.com/v8/finance/chart/7241.T?range=3mo&interval=1d&events=history&includeAdjustedClose=false
2026-09-25,7242,カヤバ,VERIFIED,,2026-09-25,4715.0,4910.0,99900.0,111660.0,0.8946802794196669,False,https://query1.finance.yahoo.com/v8/finance/chart/7242.T?range=3mo&interval=1d&events=history&includeAdjustedClose=false
2026-09-25,7244,市光工業,VERIFIED,,2026-09-25,569.0,606.0,117900.0,145285.0,0.8115084144956465,False,https://query1.finance.yahoo.com/v8/finance/chart/7244.T?range=3mo&interval=1d&events=history&includeAdjustedClose=false
2026-09-25,7245,大同メタル工業,VERIFIED,,2026-09-25,1163.0,1277.0,225400.0,339380.0,0.6641522776828334,False,https://query1.finance.yahoo.com/v8/finance/chart/7245.T?range=3mo&interval=1d&events=history&includeAdjustedClose=false
2026-09-25,7246,プレス工業,VERIFIED,,2026-09-25,1015.0,1056.0,244800.0,348680.0,0.7020764024320294,False,https://query1.finance.yahoo.com/v8/finance/chart/7246.T?range=3mo&interval=1d&events=history&includeAdjustedClose=false
2026-09-25,7259,アイシン,VERIFIED,,2026-09-25,2237.0,2325.0,2654300.0,2469665.0,1.074761151816137,False,https://query1.finance.yahoo.com/v8/finance/chart/7259.T?range=3mo&interval=1d&events=history&includeAdjustedClose=false
2026-09-25,7261,マツダ,VERIFIED,,2026-09-25,1150.0,1275.0,6522900.0,6779045.0,0.9622151792767271,False,https://query1.finance.yahoo.com/v8/finance/chart/7261.T?range=3mo&interval=1d&events=history&includeAdjustedClose=false
2026-09-25,7267,本田技研工業,VERIFIED,,2026-09-25,1735.5,1766.5,14681100.0,14482905.0,1.0136847545433738,False,https://query1.finance.yahoo.com/v8/finance/chart/7267.T?range=3mo&interval=1d&events=history&includeAdjustedClose=false
2026-09-25,7269,スズキ,VERIFIED,,2026-09-25,1989.5,2288.0,7915700.0,6274770.0,1.2615123741587342,False,https://query1.finance.yahoo.com/v8/finance/chart/7269.T?range=3mo&interval=1d&events=history&includeAdjustedClose=false
2026-09-25,7270,ＳＵＢＡＲＵ,VERIFIED,,2026-09-25,2660.0,2749.0,3462800.0,3718380.0,0.9312657662745605,False,https://query1.finance.yahoo.com/v8/finance/chart/7270.T?range=3mo&interval=1d&events=history&includeAdjustedClose=false
2026-09-25,7272,ヤマハ発動機,VERIFIED,,2026-09-25,1816.0,1985.5,5265100.0,6186275.0,0.8510937518943145,False,https://query1.finance.yahoo.com/v8/finance/chart/7272.T?range=3mo&interval=1d&events=history&includeAdjustedClose=false
2026-09-25,7276,小糸製作所,VERIFIED,,2026-09-25,2690.5,2770.0,866300.0,790760.0,1.0955283524710404,False,https://query1.finance.yahoo.com/v8/finance/chart/7276.T?range=3mo&interval=1d&events=history&includeAdjustedClose=false
2026-09-25,7278,エクセディ,VERIFIED,,2026-09-25,5980.0,6290.0,356000.0,264440.0,1.3462411132960217,False,https://query1.finance.yahoo.com/v8/finance/chart/7278.T?range=3mo&interval=1d&events=history&includeAdjustedClose=false
2026-09-25,7280,ミツバ,VERIFIED,,2026-09-25,1382.0,1394.0,172700.0,202060.0,0.8546966247649214,False,https://query1.finance.yahoo.com/v8/finance/chart/7280.T?range=3mo&interval=1d&events=history&includeAdjustedClose=false
2026-09-25,7282,豊田合成,VERIFIED,,2026-09-25,5310.0,5595.0,350100.0,476510.0,0.734717004889719,False,https://query1.finance.yahoo.com/v8/finance/chart/7282.T?range=3mo&interval=1d&events=history&includeAdjustedClose=false
2026-09-25,7283,愛三工業,VERIFIED,,2026-09-25,2224.0,2394.0,142300.0,143270.0,0.9932295665526628,False,https://query1.finance.yahoo.com/v8/finance/chart/7283.T?range=3mo&interval=1d&events=history&includeAdjustedClose=false
2026-09-25,7294,ヨロズ,VERIFIED,,2026-09-25,902.0,951.0,76800.0,77390.0,0.9923762760046517,False,https://query1.finance.yahoo.com/v8/finance/chart/7294.T?range=3mo&interval=1d&events=history&includeAdjustedClose=false
2026-09-25,7296,エフ・シー・シー,VERIFIED,,2026-09-25,4250.0,4330.0,99900.0,127295.0,0.784791232962803,False,https://query1.finance.yahoo.com/v8/finance/chart/7296.T?range=3mo&interval=1d&events=history&includeAdjustedClose=false
2026-09-25,7309,シマノ,VERIFIED,,2026-09-25,18025.0,20450.0,240900.0,277990.0,0.8665779344580741,False,https://query1.finance.yahoo.com/v8/finance/chart/7309.T?range=3mo&interval=1d&events=history&includeAdjustedClose=false
2026-09-25,7313,テイ・エス　テック,VERIFIED,,2026-09-25,1842.0,1874.0,316400.0,315920.0,1.0015193719929096,False,https://query1.finance.yahoo.com/v8/finance/chart/7313.T?range=3mo&interval=1d&events=history&includeAdjustedClose=false
2026-09-25,7322,三十三フィナンシャルグループ,VERIFIED,,2026-09-25,2238.0,2253.0,760400.0,444705.0,1.7098975725480936,False,https://query1.finance.yahoo.com/v8/finance/chart/7322.T?range=3mo&interval=1d&events=history&includeAdjustedClose=false
2026-09-25,7327,第四北越フィナンシャルグループ,VERIFIED,,2026-09-25,2855.0,2709.0,1911900.0,837035.0,2.284133877316958,False,https://query1.finance.yahoo.com/v8/finance/chart/7327.T?range=3mo&interval=1d&events=history&includeAdjustedClose=false
2026-09-25,7337,ひろぎんホールディングス,VERIFIED,,2026-09-25,2470.0,2443.5,762000.0,581820.0,1.3096834072393524,False,https://query1.finance.yahoo.com/v8/finance/chart/7337.T?range=3mo&interval=1d&events=history&includeAdjustedClose=false
2026-09-25,7347,マーキュリアホールディングス,VERIFIED,,2026-09-25,799.0,812.0,15400.0,8880.0,1.7342342342342343,False,https://query1.finance.yahoo.com/v8/finance/chart/7347.T?range=3mo&interval=1d&events=history&includeAdjustedClose=false
2026-09-25,7350,おきなわフィナンシャルグループ,VERIFIED,,2026-09-25,8280.0,8050.0,93600.0,111995.0,0.8357515960533952,False,https://query1.finance.yahoo.com/v8/finance/chart/7350.T?range=3mo&interval=1d&events=history&includeAdjustedClose=false
2026-09-25,7366,ＬＩＴＡＬＩＣＯ,VERIFIED,,2026-09-25,1905.0,1947.0,80400.0,100205.0,0.8023551718976099,False,https://query1.finance.yahoo.com/v8/finance/chart/7366.T?range=3mo&interval=1d&events=history&includeAdjustedClose=false
2026-09-25,7380,十六フィナンシャルグループ,VERIFIED,,2026-09-25,2849.0,2771.0,1016200.0,427095.0,2.3793301256160806,False,https://query1.finance.yahoo.com/v8/finance/chart/7380.T?range=3mo&interval=1d&events=history&includeAdjustedClose=false
2026-09-25,7381,ＣＣＩグループ,VERIFIED,,2026-09-25,1370.0,1378.0,558900.0,402025.0,1.3902120514893352,False,https://query1.finance.yahoo.com/v8/finance/chart/7381.T?range=3mo&interval=1d&events=history&includeAdjustedClose=false
2026-09-25,7383,ネットプロテクションズホールディングス,VERIFIED,,2026-09-25,397.0,474.0,402600.0,728790.0,0.5524225085415552,False,https://query1.finance.yahoo.com/v8/finance/chart/7383.T?range=3mo&interval=1d&events=history&includeAdjustedClose=false
2026-09-25,7384,プロクレアホールディングス,VERIFIED,,2026-09-25,5630.0,5480.0,172000.0,99035.0,1.736759731408088,False,https://query1.finance.yahoo.com/v8/finance/chart/7384.T?range=3mo&interval=1d&events=history&includeAdjustedClose=false
2026-09-25,7388,ＦＰパートナー,VERIFIED,,2026-09-25,2327.0,2369.0,36300.0,32895.0,1.1035111719106248,False,https://query1.finance.yahoo.com/v8/finance/chart/7388.T?range=3mo&interval=1d&events=history&includeAdjustedClose=false
2026-09-25,7389,あいちフィナンシャルグループ,VERIFIED,,2026-09-25,2066.0,2067.0,1715500.0,1034475.0,1.6583291041349477,False,https://query1.finance.yahoo.com/v8/finance/chart/7389.T?range=3mo&interval=1d&events=history&includeAdjustedClose=false
2026-09-25,7414,小野建,VERIFIED,,2026-09-25,1437.0,1475.0,54100.0,44410.0,1.2181941004278316,False,https://query1.finance.yahoo.com/v8/finance/chart/7414.T?range=3mo&interval=1d&events=history&includeAdjustedClose=false
2026-09-25,7419,ノジマ,VERIFIED,,2026-09-25,1289.0,1301.0,589400.0,629430.0,0.9364027771158032,False,https://query1.finance.yahoo.com/v8/finance/chart/7419.T?range=3mo&interval=1d&events=history&includeAdjustedClose=false
2026-09-25,7421,カッパ・クリエイト,VERIFIED,,2026-09-25,1624.0,1648.0,68200.0,73615.0,0.9264416219520478,False,https://query1.finance.yahoo.com/v8/finance/chart/7421.T?range=3mo&interval=1d&events=history&includeAdjustedClose=false
2026-09-25,7433,伯東,VERIFIED,,2026-09-25,5700.0,5620.0,153900.0,83460.0,1.843997124370956,False,https://query1.finance.yahoo.com/v8/finance/chart/7433.T?range=3mo&interval=1d&events=history&includeAdjustedClose=false
2026-09-25,7438,コンドーテック,VERIFIED,,2026-09-25,1802.0,1820.0,47200.0,49540.0,0.9527654420670165,False,https://query1.finance.yahoo.com/v8/finance/chart/7438.T?range=3mo&interval=1d&events=history&includeAdjustedClose=false
2026-09-25,7447,ナガイレーベン,VERIFIED,,2026-09-25,1654.0,1827.0,89600.0,100840.0,0.8885362951209838,False,https://query1.finance.yahoo.com/v8/finance/chart/7447.T?range=3mo&interval=1d&events=history&includeAdjustedClose=false
2026-09-25,7453,良品計画,VERIFIED,,2026-09-25,4050.0,4387.0,3156500.0,2605910.0,1.2112851172910806,False,https://query1.finance.yahoo.com/v8/finance/chart/7453.T?range=3mo&interval=1d&events=history&includeAdjustedClose=false
2026-09-25,7456,松田産業,VERIFIED,,2026-09-25,7030.0,7550.0,58200.0,128520.0,0.45284780578898226,False,https://query1.finance.yahoo.com/v8/finance/chart/7456.T?range=3mo&interval=1d&events=history&includeAdjustedClose=false
2026-09-25,7458,第一興商,VERIFIED,,2026-09-25,1910.5,1914.5,907400.0,347525.0,2.6110351773253724,False,https://query1.finance.yahoo.com/v8/finance/chart/7458.T?range=3mo&interval=1d&events=history&includeAdjustedClose=false
2026-09-25,7459,メディパルホールディングス,VERIFIED,,2026-09-25,3161.0,3145.0,1079600.0,569005.0,1.8973471234874912,False,https://query1.finance.yahoo.com/v8/finance/chart/7459.T?range=3mo&interval=1d&events=history&includeAdjustedClose=false
2026-09-25,7466,ＳＰＫ,VERIFIED,,2026-09-25,1500.0,1500.0,70900.0,34420.0,2.059848925043579,False,https://query1.finance.yahoo.com/v8/finance/chart/7466.T?range=3mo&interval=1d&events=history&includeAdjustedClose=false
2026-09-25,7475,アルビス,VERIFIED,,2026-09-25,3765.0,3775.0,93500.0,90310.0,1.0353227771010962,False,https://query1.finance.yahoo.com/v8/finance/chart/7475.T?range=3mo&interval=1d&events=history&includeAdjustedClose=false
2026-09-25,7476,アズワン,VERIFIED,,2026-09-25,2542.0,2562.0,136900.0,126685.0,1.0806330662667245,False,https://query1.finance.yahoo.com/v8/finance/chart/7476.T?range=3mo&interval=1d&events=history&includeAdjustedClose=false
2026-09-25,7482,シモジマ,VERIFIED,,2026-09-25,1527.0,1579.0,45300.0,42275.0,1.0715552927261975,False,https://query1.finance.yahoo.com/v8/finance/chart/7482.T?range=3mo&interval=1d&events=history&includeAdjustedClose=false
2026-09-25,7483,ドウシシャ,VERIFIED,,2026-09-25,3120.0,3175.0,43700.0,57705.0,0.7573000606533229,False,https://query1.finance.yahoo.com/v8/finance/chart/7483.T?range=3mo&interval=1d&events=history&includeAdjustedClose=false
2026-09-25,7504,高速,VERIFIED,,2026-09-25,4445.0,5200.0,47200.0,69660.0,0.6775768016078093,False,https://query1.finance.yahoo.com/v8/finance/chart/7504.T?range=3mo&interval=1d&events=history&includeAdjustedClose=false
2026-09-25,7508,Ｇ‐７ホールディングス,VERIFIED,,2026-09-25,1450.0,1468.0,51100.0,48965.0,1.043602573266619,False,https://query1.finance.yahoo.com/v8/finance/chart/7508.T?range=3mo&interval=1d&events=history&includeAdjustedClose=false
2026-09-25,7510,たけびし,VERIFIED,,2026-09-25,2900.0,2823.0,111600.0,50595.0,2.205751556477913,False,https://query1.finance.yahoo.com/v8/finance/chart/7510.T?range=3mo&interval=1d&events=history&includeAdjustedClose=false
2026-09-25,7513,コジマ,VERIFIED,,2026-09-25,1484.0,1517.0,231500.0,340200.0,0.6804820693709582,False,https://query1.finance.yahoo.com/v8/finance/chart/7513.T?range=3mo&interval=1d&events=history&includeAdjustedClose=false
2026-09-25,7516,コーナン商事,VERIFIED,,2026-09-25,4580.0,4650.0,77500.0,87570.0,0.885006280689734,False,https://query1.finance.yahoo.com/v8/finance/chart/7516.T?range=3mo&interval=1d&events=history&includeAdjustedClose=false
2026-09-25,7520,エコス,VERIFIED,,2026-09-25,2596.0,2682.0,16700.0,20925.0,0.7980884109916367,False,https://query1.finance.yahoo.com/v8/finance/chart/7520.T?range=3mo&interval=1d&events=history&includeAdjustedClose=false
2026-09-25,7522,ワタミ,VERIFIED,,2026-09-25,896.0,990.0,263300.0,137065.0,1.9209863933170395,False,https://query1.finance.yahoo.com/v8/finance/chart/7522.T?range=3mo&interval=1d&events=history&includeAdjustedClose=false
2026-09-25,7525,リックス,VERIFIED,,2026-09-25,3635.0,3715.0,11000.0,13965.0,0.7876834944504117,False,https://query1.finance.yahoo.com/v8/finance/chart/7525.T?range=3mo&interval=1d&events=history&includeAdjustedClose=false
2026-09-25,7532,パン・パシフィック・インターナショナルホールディングス,VERIFIED,,2026-09-25,712.0,836.7000122070312,13017200.0,17723115.0,0.7344758525800911,False,https://query1.finance.yahoo.com/v8/finance/chart/7532.T?range=3mo&interval=1d&events=history&includeAdjustedClose=false
2026-09-25,7537,丸文,VERIFIED,,2026-09-25,1913.0,1908.0,76200.0,77575.0,0.9822752175314212,False,https://query1.finance.yahoo.com/v8/finance/chart/7537.T?range=3mo&interval=1d&events=history&includeAdjustedClose=false
2026-09-25,7545,西松屋チェーン,VERIFIED,,2026-09-25,1979.0,2055.0,235800.0,181620.0,1.2983151635282457,False,https://query1.finance.yahoo.com/v8/finance/chart/7545.T?range=3mo&interval=1d&events=history&includeAdjustedClose=false
2026-09-25,7550,ゼンショーホールディングス,VERIFIED,,2026-09-25,10435.0,12070.0,629000.0,522715.0,1.2033325999827822,False,https://query1.finance.yahoo.com/v8/finance/chart/7550.T?range=3mo&interval=1d&events=history&includeAdjustedClose=false
2026-09-25,7552,ハピネット,VERIFIED,,2026-09-25,4290.0,4200.0,315700.0,170265.0,1.8541685020409362,False,https://query1.finance.yahoo.com/v8/finance/chart/7552.T?range=3mo&interval=1d&events=history&includeAdjustedClose=false
2026-09-25,7554,幸楽苑,VERIFIED,,2026-09-25,1176.0,1220.0,60900.0,50910.0,1.1962286387743075,False,https://query1.finance.yahoo.com/v8/finance/chart/7554.T?range=3mo&interval=1d&events=history&includeAdjustedClose=false
2026-09-25,7575,日本ライフライン,VERIFIED,,2026-09-25,1570.0,1622.0,1794300.0,178825.0,10.03383195861876,False,https://query1.finance.yahoo.com/v8/finance/chart/7575.T?range=3mo&interval=1d&events=history&includeAdjustedClose=false
2026-09-25,7581,サイゼリヤ,VERIFIED,,2026-09-25,6310.0,7540.0,313500.0,405645.0,0.772843249639463,False,https://query1.finance.yahoo.com/v8/finance/chart/7581.T?range=3mo&interval=1d&events=history&includeAdjustedClose=false
2026-09-25,7593,ＶＴホールディングス,VERIFIED,,2026-09-25,529.0,544.0,451400.0,454530.0,0.9931137658680396,False,https://query1.finance.yahoo.com/v8/finance/chart/7593.T?range=3mo&interval=1d&events=history&includeAdjustedClose=false
2026-09-25,7595,アルゴグラフィックス,VERIFIED,,2026-09-25,1295.0,1356.0,248100.0,186060.0,1.3334408255401484,False,https://query1.finance.yahoo.com/v8/finance/chart/7595.T?range=3mo&interval=1d&events=history&includeAdjustedClose=false
2026-09-25,7596,魚力,VERIFIED,,2026-09-25,2312.0,2393.0,32800.0,28290.0,1.1594202898550725,False,https://query1.finance.yahoo.com/v8/finance/chart/7596.T?range=3mo&interval=1d&events=history&includeAdjustedClose=false
2026-09-25,7599,ＩＤＯＭ,VERIFIED,,2026-09-25,1204.0,1298.0,827500.0,1028390.0,0.8046558212351346,False,https://query1.finance.yahoo.com/v8/finance/chart/7599.T?range=3mo&interval=1d&events=history&includeAdjustedClose=false
2026-09-25,7600,日本エム・ディ・エム,VERIFIED,,2026-09-25,679.0,855.0,258200.0,377370.0,0.6842091316214856,False,https://query1.finance.yahoo.com/v8/finance/chart/7600.T?range=3mo&interval=1d&events=history&includeAdjustedClose=false
2026-09-25,7606,ユナイテッドアローズ,VERIFIED,,2026-09-25,2442.0,2547.0,218600.0,197525.0,1.106695355018352,False,https://query1.finance.yahoo.com/v8/finance/chart/7606.T?range=3mo&interval=1d&events=history&includeAdjustedClose=false
2026-09-25,7607,進和,VERIFIED,,2026-09-25,3065.0,3185.0,29100.0,40320.0,0.7217261904761905,False,https://query1.finance.yahoo.com/v8/finance/chart/7607.T?range=3mo&interval=1d&events=history&includeAdjustedClose=false
2026-09-25,7609,ダイトロン,VERIFIED,,2026-09-25,4280.0,4325.0,86700.0,92820.0,0.9340659340659341,False,https://query1.finance.yahoo.com/v8/finance/chart/7609.T?range=3mo&interval=1d&events=history&includeAdjustedClose=false
2026-09-25,7611,ハイデイ日高,VERIFIED,,2026-09-25,2853.0,3110.0,150000.0,211075.0,0.7106478739784436,False,https://query1.finance.yahoo.com/v8/finance/chart/7611.T?range=3mo&interval=1d&events=history&includeAdjustedClose=false
2026-09-25,7613,シークス,VERIFIED,,2026-09-25,1602.0,1665.0,188100.0,210660.0,0.8929080034178297,False,https://query1.finance.yahoo.com/v8/finance/chart/7613.T?range=3mo&interval=1d&events=history&includeAdjustedClose=false
2026-09-25,7616,コロワイド,VERIFIED,,2026-09-25,1985.0,2168.0,1147300.0,459165.0,2.4986660568640904,False,https://query1.finance.yahoo.com/v8/finance/chart/7616.T?range=3mo&interval=1d&events=history&includeAdjustedClose=false
2026-09-25,7628,オーハシテクニカ,VERIFIED,,2026-09-25,1184.0,1220.0,112000.0,39045.0,2.8684850813164298,False,https://query1.finance.yahoo.com/v8/finance/chart/7628.T?range=3mo&interval=1d&events=history&includeAdjustedClose=false
2026-09-25,7630,壱番屋,VERIFIED,,2026-09-25,1095.0,1191.0,556100.0,843695.0,0.6591244466305952,False,https://query1.finance.yahoo.com/v8/finance/chart/7630.T?range=3mo&interval=1d&events=history&includeAdjustedClose=false
2026-09-25,7637,白銅,VERIFIED,,2026-09-25,3690.0,3840.0,33300.0,29080.0,1.1451169188445667,False,https://query1.finance.yahoo.com/v8/finance/chart/7637.T?range=3mo&interval=1d&events=history&includeAdjustedClose=false
2026-09-25,7649,スギホールディングス,VERIFIED,,2026-09-25,1259.0,1390.0,2371000.0,2380575.0,0.9959778624912049,False,https://query1.finance.yahoo.com/v8/finance/chart/7649.T?range=3mo&interval=1d&events=history&includeAdjustedClose=false
2026-09-25,7679,薬王堂ホールディングス,VERIFIED,,2026-09-25,1640.0,1732.0,66400.0,55365.0,1.1993136458051115,False,https://query1.finance.yahoo.com/v8/finance/chart/7679.T?range=3mo&interval=1d&events=history&includeAdjustedClose=false
2026-09-25,7683,ダブルエー,VERIFIED,,2026-09-25,1415.0,1425.0,18300.0,20655.0,0.8859840232389252,False,https://query1.finance.yahoo.com/v8/finance/chart/7683.T?range=3mo&interval=1d&events=history&includeAdjustedClose=false
2026-09-25,7701,島津製作所,VERIFIED,,2026-09-25,4034.0,4165.0,857700.0,959155.0,0.894224603948267,False,https://query1.finance.yahoo.com/v8/finance/chart/7701.T?range=3mo&interval=1d&events=history&includeAdjustedClose=false
2026-09-25,7715,長野計器,VERIFIED,,2026-09-25,4185.0,4255.0,66800.0,91785.0,0.7277877648853298,False,https://query1.finance.yahoo.com/v8/finance/chart/7715.T?range=3mo&interval=1d&events=history&includeAdjustedClose=false
2026-09-25,7717,ブイ・テクノロジー,VERIFIED,,2026-09-25,6090.0,6100.0,169200.0,156230.0,1.0830186263841772,False,https://query1.finance.yahoo.com/v8/finance/chart/7717.T?range=3mo&interval=1d&events=history&includeAdjustedClose=false
2026-09-25,7721,東京計器,VERIFIED,,2026-09-25,7580.0,7620.0,348500.0,270355.0,1.2890458841153298,False,https://query1.finance.yahoo.com/v8/finance/chart/7721.T?range=3mo&interval=1d&events=history&includeAdjustedClose=false
2026-09-25,7723,愛知時計電機,VERIFIED,,2026-09-25,2909.0,2971.0,19300.0,22870.0,0.8439003060778312,False,https://query1.finance.yahoo.com/v8/finance/chart/7723.T?range=3mo&interval=1d&events=history&includeAdjustedClose=false
2026-09-25,7725,インターアクション,VERIFIED,,2026-09-25,1815.0,1966.0,64000.0,77950.0,0.8210391276459269,False,https://query1.finance.yahoo.com/v8/finance/chart/7725.T?range=3mo&interval=1d&events=history&includeAdjustedClose=false
2026-09-25,7729,東京精密,VERIFIED,,2026-09-25,17675.0,18800.0,318500.0,297230.0,1.0715607442048245,False,https://query1.finance.yahoo.com/v8/finance/chart/7729.T?range=3mo&interval=1d&events=history&includeAdjustedClose=false
2026-09-25,7730,マニー,VERIFIED,,2026-09-25,1466.0,1629.0,190200.0,303850.0,0.6259667599144315,False,https://query1.finance.yahoo.com/v8/finance/chart/7730.T?range=3mo&interval=1d&events=history&includeAdjustedClose=false
2026-09-25,7731,ニコン,VERIFIED,,2026-09-25,1873.5,1982.5,2709400.0,1639235.0,1.6528441620634016,False,https://query1.finance.yahoo.com/v8/finance/chart/7731.T?range=3mo&interval=1d&events=history&includeAdjustedClose=false
2026-09-25,7733,オリンパス,VERIFIED,,2026-09-25,2024.0,2206.5,3524800.0,4237350.0,0.8318406551264351,False,https://query1.finance.yahoo.com/v8/finance/chart/7733.T?range=3mo&interval=1d&events=history&includeAdjustedClose=false
2026-09-25,7734,理研計器,VERIFIED,,2026-09-25,3575.0,3615.0,84900.0,91525.0,0.9276154056268779,False,https://query1.finance.yahoo.com/v8/finance/chart/7734.T?range=3mo&interval=1d&events=history&includeAdjustedClose=false
2026-09-25,7735,ＳＣＲＥＥＮホールディングス,VERIFIED,,2026-09-25,13740.0,14025.0,1966100.0,1738560.0,1.1308784281244249,False,https://query1.finance.yahoo.com/v8/finance/chart/7735.T?range=3mo&interval=1d&events=history&includeAdjustedClose=false
2026-09-25,7740,タムロン,VERIFIED,,2026-09-25,1361.0,1395.0,326100.0,414900.0,0.7859725234996384,False,https://query1.finance.yahoo.com/v8/finance/chart/7740.T?range=3mo&interval=1d&events=history&includeAdjustedClose=false
2026-09-25,7741,ＨＯＹＡ,VERIFIED,,2026-09-25,23485.0,25185.0,1357300.0,1165465.0,1.1645995375236493,False,https://query1.finance.yahoo.com/v8/finance/chart/7741.T?range=3mo&interval=1d&events=history&includeAdjustedClose=false
2026-09-25,7744,ノーリツ鋼機,VERIFIED,,2026-09-25,2037.0,2152.0,215800.0,302400.0,0.7136243386243386,False,https://query1.finance.yahoo.com/v8/finance/chart/7744.T?range=3mo&interval=1d&events=history&includeAdjustedClose=false
2026-09-25,7745,Ａ＆Ｄホロンホールディングス,VERIFIED,,2026-09-25,3010.0,2970.0,99600.0,78475.0,1.269194010831475,False,https://query1.finance.yahoo.com/v8/finance/chart/7745.T?range=3mo&interval=1d&events=history&includeAdjustedClose=false
2026-09-25,7747,朝日インテック,VERIFIED,,2026-09-25,3367.0,4072.0,1413200.0,1372470.0,1.0296764227997697,False,https://query1.finance.yahoo.com/v8/finance/chart/7747.T?range=3mo&interval=1d&events=history&includeAdjustedClose=false
2026-09-25,7751,キヤノン,VERIFIED,,2026-09-25,4613.0,4750.0,2669100.0,2983345.0,0.8946668923641081,False,https://query1.finance.yahoo.com/v8/finance/chart/7751.T?range=3mo&interval=1d&events=history&includeAdjustedClose=false
2026-09-25,7752,リコー,VERIFIED,,2026-09-25,1683.0,1747.5,1776400.0,1925935.0,0.9223571927401496,False,https://query1.finance.yahoo.com/v8/finance/chart/7752.T?range=3mo&interval=1d&events=history&includeAdjustedClose=false
2026-09-25,7762,シチズン時計,VERIFIED,,2026-09-25,2429.0,2853.0,1066400.0,1696020.0,0.6287661702102569,False,https://query1.finance.yahoo.com/v8/finance/chart/7762.T?range=3mo&interval=1d&events=history&includeAdjustedClose=false
2026-09-25,7769,リズム,VERIFIED,,2026-09-25,3870.0,4040.0,13200.0,19205.0,0.6873210101536058,False,https://query1.finance.yahoo.com/v8/finance/chart/7769.T?range=3mo&interval=1d&events=history&includeAdjustedClose=false
2026-09-25,7780,メニコン,VERIFIED,,2026-09-25,1764.0,1978.0,241600.0,242030.0,0.9982233607404041,False,https://query1.finance.yahoo.com/v8/finance/chart/7780.T?range=3mo&interval=1d&events=history&includeAdjustedClose=false
2026-09-25,7818,トランザクション,VERIFIED,,2026-09-25,1230.0,1275.0,136500.0,202665.0,0.6735252757012804,False,https://query1.finance.yahoo.com/v8/finance/chart/7818.T?range=3mo&interval=1d&events=history&includeAdjustedClose=false
2026-09-25,7820,ニホンフラッシュ,VERIFIED,,2026-09-25,715.0,727.0,27400.0,40695.0,0.6733013883769505,False,https://query1.finance.yahoo.com/v8/finance/chart/7820.T?range=3mo&interval=1d&events=history&includeAdjustedClose=false
2026-09-25,7821,前田工繊,VERIFIED,,2026-09-25,1983.0,2100.0,170100.0,109850.0,1.5484751934456076,False,https://query1.finance.yahoo.com/v8/finance/chart/7821.T?range=3mo&interval=1d&events=history&includeAdjustedClose=false
2026-09-25,7826,フルヤ金属,VERIFIED,,2026-09-25,11700.0,11420.0,762400.0,587345.0,1.2980445904877032,False,https://query1.finance.yahoo.com/v8/finance/chart/7826.T?range=3mo&interval=1d&events=history&includeAdjustedClose=false
2026-09-25,7832,バンダイナムコホールディングス,VERIFIED,,2026-09-25,5551.0,5850.0,2090300.0,2654200.0,0.7875442694597242,False,https://query1.finance.yahoo.com/v8/finance/chart/7832.T?range=3mo&interval=1d&events=history&includeAdjustedClose=false
2026-09-25,7839,ＳＨＯＥＩ,VERIFIED,,2026-09-25,2150.0,2159.0,231400.0,201770.0,1.1468503741884324,False,https://query1.finance.yahoo.com/v8/finance/chart/7839.T?range=3mo&interval=1d&events=history&includeAdjustedClose=false
2026-09-25,7840,フランスベッドホールディングス,VERIFIED,,2026-09-25,1309.0,1327.0,31900.0,29925.0,1.0659983291562238,False,https://query1.finance.yahoo.com/v8/finance/chart/7840.T?range=3mo&interval=1d&events=history&includeAdjustedClose=false
2026-09-25,7844,マーベラス,VERIFIED,,2026-09-25,539.0,546.0,198900.0,163295.0,1.2180409687987996,False,https://query1.finance.yahoo.com/v8/finance/chart/7844.T?range=3mo&interval=1d&events=history&includeAdjustedClose=false
2026-09-25,7846,パイロットコーポレーション,VERIFIED,,2026-09-25,2155.5,2169.0,310200.0,403665.0,0.7684589944632306,False,https://query1.finance.yahoo.com/v8/finance/chart/7846.T?range=3mo&interval=1d&events=history&includeAdjustedClose=false
2026-09-25,7856,萩原工業,VERIFIED,,2026-09-25,2050.0,2110.0,70200.0,115890.0,0.6057468288894642,False,https://query1.finance.yahoo.com/v8/finance/chart/7856.T?range=3mo&interval=1d&events=history&includeAdjustedClose=false
2026-09-25,7860,エイベックス,VERIFIED,,2026-09-25,1272.0,1302.0,85300.0,104045.0,0.8198375702820895,False,https://query1.finance.yahoo.com/v8/finance/chart/7860.T?range=3mo&interval=1d&events=history&includeAdjustedClose=false
2026-09-25,7864,フジシールインターナショナル,VERIFIED,,2026-09-25,3375.0,3410.0,194900.0,116465.0,1.6734641308547633,False,https://query1.finance.yahoo.com/v8/finance/chart/7864.T?range=3mo&interval=1d&events=history&includeAdjustedClose=false
2026-09-25,7867,タカラトミー,VERIFIED,,2026-09-25,4086.0,4095.0,580500.0,626555.0,0.926494880736727,False,https://query1.finance.yahoo.com/v8/finance/chart/7867.T?range=3mo&interval=1d&events=history&includeAdjustedClose=false
2026-09-25,7868,広済堂ホールディングス,VERIFIED,,2026-09-25,541.0,589.0,432300.0,338805.0,1.2759551954664188,False,https://query1.finance.yahoo.com/v8/finance/chart/7868.T?range=3mo&interval=1d&events=history&includeAdjustedClose=false
2026-09-25,7874,レック,VERIFIED,,2026-09-25,977.0,988.0,54100.0,76140.0,0.7105332282637247,False,https://query1.finance.yahoo.com/v8/finance/chart/7874.T?range=3mo&interval=1d&events=history&includeAdjustedClose=false
2026-09-25,7888,三光合成,VERIFIED,,2026-09-25,896.0,920.0,71300.0,95350.0,0.7477713686418458,False,https://query1.finance.yahoo.com/v8/finance/chart/7888.T?range=3mo&interval=1d&events=history&includeAdjustedClose=false
2026-09-25,7893,プロネクサス,VERIFIED,,2026-09-25,1123.0,1162.0,41600.0,50245.0,0.8279430789133247,False,https://query1.finance.yahoo.com/v8/finance/chart/7893.T?range=3mo&interval=1d&events=history&includeAdjustedClose=false
2026-09-25,7911,ＴＯＰＰＡＮホールディングス,VERIFIED,,2026-09-25,4918.0,5268.0,1435700.0,1574020.0,0.9121230988170417,False,https://query1.finance.yahoo.com/v8/finance/chart/7911.T?range=3mo&interval=1d&events=history&includeAdjustedClose=false
2026-09-25,7912,大日本印刷,VERIFIED,,2026-09-25,3016.0,3172.0,1460100.0,1389075.0,1.051131148426111,False,https://query1.finance.yahoo.com/v8/finance/chart/7912.T?range=3mo&interval=1d&events=history&includeAdjustedClose=false
2026-09-25,7914,共同印刷,VERIFIED,,2026-09-25,1784.0,1800.0,85100.0,66170.0,1.2860813057276712,False,https://query1.finance.yahoo.com/v8/finance/chart/7914.T?range=3mo&interval=1d&events=history&includeAdjustedClose=false
2026-09-25,7915,ＮＩＳＳＨＡ,VERIFIED,,2026-09-25,1201.0,1319.0,231600.0,238375.0,0.9715783953854221,False,https://query1.finance.yahoo.com/v8/finance/chart/7915.T?range=3mo&interval=1d&events=history&includeAdjustedClose=false
2026-09-25,7917,ＺＡＣＲＯＳ,VERIFIED,,2026-09-25,1261.0,1306.0,114200.0,113920.0,1.0024578651685394,False,https://query1.finance.yahoo.com/v8/finance/chart/7917.T?range=3mo&interval=1d&events=history&includeAdjustedClose=false
2026-09-25,7921,ＴＡＫＡＲＡ　＆　ＣＯＭＰＡＮＹ,VERIFIED,,2026-09-25,4135.0,4425.0,25900.0,19175.0,1.350717079530639,False,https://query1.finance.yahoo.com/v8/finance/chart/7921.T?range=3mo&interval=1d&events=history&includeAdjustedClose=false
2026-09-25,7931,未来工業,VERIFIED,,2026-09-25,3700.0,3750.0,14700.0,25330.0,0.5803395183576786,False,https://query1.finance.yahoo.com/v8/finance/chart/7931.T?range=3mo&interval=1d&events=history&includeAdjustedClose=false
2026-09-25,7936,アシックス,VERIFIED,,2026-09-25,4144.0,4826.0,5440700.0,5799425.0,0.9381447298654608,False,https://query1.finance.yahoo.com/v8/finance/chart/7936.T?range=3mo&interval=1d&events=history&includeAdjustedClose=false
2026-09-25,7942,ＪＳＰ,VERIFIED,,2026-09-25,3035.0,3195.0,71000.0,55425.0,1.2810103743797925,False,https://query1.finance.yahoo.com/v8/finance/chart/7942.T?range=3mo&interval=1d&events=history&includeAdjustedClose=false
2026-09-25,7943,ニチハ,VERIFIED,,2026-09-25,3040.0,3200.0,61700.0,59425.0,1.0382835506941523,False,https://query1.finance.yahoo.com/v8/finance/chart/7943.T?range=3mo&interval=1d&events=history&includeAdjustedClose=false
2026-09-25,7944,ローランド,VERIFIED,,2026-09-25,3790.0,3905.0,99500.0,86310.0,1.1528212258139265,False,https://query1.finance.yahoo.com/v8/finance/chart/7944.T?range=3mo&interval=1d&events=history&includeAdjustedClose=false
2026-09-25,7947,エフピコ,VERIFIED,,2026-09-25,2833.0,2895.0,127400.0,187395.0,0.6798473812001388,False,https://query1.finance.yahoo.com/v8/finance/chart/7947.T?range=3mo&interval=1d&events=history&includeAdjustedClose=false
2026-09-25,7949,小松ウオール工業,VERIFIED,,2026-09-25,2841.0,2869.0,47900.0,45245.0,1.0586805171842193,False,https://query1.finance.yahoo.com/v8/finance/chart/7949.T?range=3mo&interval=1d&events=history&includeAdjustedClose=false
2026-09-25,7951,ヤマハ,VERIFIED,,2026-09-25,1263.5,1355.0,1634100.0,2174155.0,0.7516023466588169,False,https://query1.finance.yahoo.com/v8/finance/chart/7951.T?range=3mo&interval=1d&events=history&includeAdjustedClose=false
2026-09-25,7952,河合楽器製作所,VERIFIED,,2026-09-25,3370.0,3600.0,21800.0,15055.0,1.448023912321488,False,https://query1.finance.yahoo.com/v8/finance/chart/7952.T?range=3mo&interval=1d&events=history&includeAdjustedClose=false
2026-09-25,7955,クリナップ,VERIFIED,,2026-09-25,969.0,1018.0,59300.0,38420.0,1.5434669442998439,False,https://query1.finance.yahoo.com/v8/finance/chart/7955.T?range=3mo&interval=1d&events=history&includeAdjustedClose=false
2026-09-25,7956,ピジョン,VERIFIED,,2026-09-25,2040.0,2175.0,1026900.0,988595.0,1.0387469084913439,False,https://query1.finance.yahoo.com/v8/finance/chart/7956.T?range=3mo&interval=1d&events=history&includeAdjustedClose=false
2026-09-25,7962,キングジム,VERIFIED,,2026-09-25,803.0,820.0,30600.0,23310.0,1.3127413127413128,False,https://query1.finance.yahoo.com/v8/finance/chart/7962.T?range=3mo&interval=1d&events=history&includeAdjustedClose=false
2026-09-25,7965,象印マホービン,VERIFIED,,2026-09-25,1461.0,1498.0,106200.0,104010.0,1.0210556677242573,False,https://query1.finance.yahoo.com/v8/finance/chart/7965.T?range=3mo&interval=1d&events=history&includeAdjustedClose=false
2026-09-25,7966,リンテック,VERIFIED,,2026-09-25,5750.0,5740.0,2116500.0,1536070.0,1.377866894086858,False,https://query1.finance.yahoo.com/v8/finance/chart/7966.T?range=3mo&interval=1d&events=history&includeAdjustedClose=false
2026-09-25,7970,信越ポリマー,VERIFIED,,2026-09-25,2350.0,2333.0,105800.0,104180.0,1.0155500095987713,False,https://query1.finance.yahoo.com/v8/finance/chart/7970.T?range=3mo&interval=1d&events=history&includeAdjustedClose=false
2026-09-25,7972,イトーキ,VERIFIED,,2026-09-25,2485.0,2670.0,209600.0,163500.0,1.2819571865443424,False,https://query1.finance.yahoo.com/v8/finance/chart/7972.T?range=3mo&interval=1d&events=history&includeAdjustedClose=false
2026-09-25,7974,任天堂,VERIFIED,,2026-09-25,8100.0,9180.0,6295000.0,7998255.0,0.7870466745558875,False,https://query1.finance.yahoo.com/v8/finance/chart/7974.T?range=3mo&interval=1d&events=history&includeAdjustedClose=false
2026-09-25,7976,三菱鉛筆,VERIFIED,,2026-09-25,3395.0,3380.0,129500.0,95855.0,1.3509989045954827,False,https://query1.finance.yahoo.com/v8/finance/chart/7976.T?range=3mo&interval=1d&events=history&includeAdjustedClose=false
2026-09-25,7979,松風,VERIFIED,,2026-09-25,2302.0,2374.0,63800.0,65890.0,0.9682804674457429,False,https://query1.finance.yahoo.com/v8/finance/chart/7979.T?range=3mo&interval=1d&events=history&includeAdjustedClose=false
2026-09-25,7981,タカラスタンダード,VERIFIED,,2026-09-25,3140.0,3185.0,119600.0,99285.0,1.2046129828272145,False,https://query1.finance.yahoo.com/v8/finance/chart/7981.T?range=3mo&interval=1d&events=history&includeAdjustedClose=false
2026-09-25,7984,コクヨ,VERIFIED,,2026-09-25,898.9000244140625,936.2000122070312,817300.0,923390.0,0.8851081341578315,False,https://query1.finance.yahoo.com/v8/finance/chart/7984.T?range=3mo&interval=1d&events=history&includeAdjustedClose=false
2026-09-25,7988,ニフコ,VERIFIED,,2026-09-25,4954.0,5344.0,216100.0,276780.0,0.7807645061059325,False,https://query1.finance.yahoo.com/v8/finance/chart/7988.T?range=3mo&interval=1d&events=history&includeAdjustedClose=false
2026-09-25,7989,立川ブラインド工業,VERIFIED,,2026-09-25,2700.0,2738.0,85000.0,31140.0,2.729608220937701,False,https://query1.finance.yahoo.com/v8/finance/chart/7989.T?range=3mo&interval=1d&events=history&includeAdjustedClose=false
2026-09-25,7990,グローブライド,VERIFIED,,2026-09-25,2459.0,2558.0,82500.0,73225.0,1.1266643905769886,False,https://query1.finance.yahoo.com/v8/finance/chart/7990.T?range=3mo&interval=1d&events=history&includeAdjustedClose=false
2026-09-25,7994,オカムラ,VERIFIED,,2026-09-25,2365.0,2420.0,174400.0,192310.0,0.9068691175705892,False,https://query1.finance.yahoo.com/v8/finance/chart/7994.T?range=3mo&interval=1d&events=history&includeAdjustedClose=false
2026-09-25,7995,バルカー,VERIFIED,,2026-09-25,6760.0,6890.0,39600.0,52745.0,0.7507820646506778,False,https://query1.finance.yahoo.com/v8/finance/chart/7995.T?range=3mo&interval=1d&events=history&includeAdjustedClose=false
2026-09-25,8001,伊藤忠商事,VERIFIED,,2026-09-25,2211.0,2399.0,21822800.0,17620010.0,1.238523701178376,False,https://query1.finance.yahoo.com/v8/finance/chart/8001.T?range=3mo&interval=1d&events=history&includeAdjustedClose=false
2026-09-25,8002,丸紅,VERIFIED,,2026-09-25,4916.0,5261.0,6739800.0,4742525.0,1.4211416913985693,False,https://query1.finance.yahoo.com/v8/finance/chart/8002.T?range=3mo&interval=1d&events=history&includeAdjustedClose=false
2026-09-25,8005,スクロール,VERIFIED,,2026-09-25,1817.0,1886.0,279800.0,245930.0,1.1377221160492823,False,https://query1.finance.yahoo.com/v8/finance/chart/8005.T?range=3mo&interval=1d&events=history&includeAdjustedClose=false
2026-09-25,8007,高島,VERIFIED,,2026-09-25,803.0,830.0,201500.0,108865.0,1.8509162724475268,False,https://query1.finance.yahoo.com/v8/finance/chart/8007.T?range=3mo&interval=1d&events=history&includeAdjustedClose=false
2026-09-25,8008,ヨンドシーホールディングス,VERIFIED,,2026-09-25,2105.0,2205.0,64900.0,96860.0,0.6700392318810654,False,https://query1.finance.yahoo.com/v8/finance/chart/8008.T?range=3mo&interval=1d&events=history&includeAdjustedClose=false
2026-09-25,8011,三陽商会,VERIFIED,,2026-09-25,1356.0,1996.6666259765625,111200.0,182500.0,0.6093150684931506,False,https://query1.finance.yahoo.com/v8/finance/chart/8011.T?range=3mo&interval=1d&events=history&includeAdjustedClose=false
2026-09-25,8012,長瀬産業,VERIFIED,,2026-09-25,1184.5,1195.0,969700.0,924755.0,1.0486020621678174,False,https://query1.finance.yahoo.com/v8/finance/chart/8012.T?range=3mo&interval=1d&events=history&includeAdjustedClose=false
2026-09-25,8014,蝶理,VERIFIED,,2026-09-25,4250.0,4415.0,28100.0,36055.0,0.7793648592428235,False,https://query1.finance.yahoo.com/v8/finance/chart/8014.T?range=3mo&interval=1d&events=history&includeAdjustedClose=false
2026-09-25,8015,豊田通商,VERIFIED,,2026-09-25,7449.0,7798.0,2065100.0,2113405.0,0.9771435195809606,False,https://query1.finance.yahoo.com/v8/finance/chart/8015.T?range=3mo&interval=1d&events=history&includeAdjustedClose=false
2026-09-25,8016,オンワードホールディングス,VERIFIED,,2026-09-25,725.0,784.0,736700.0,845275.0,0.8715506787731804,False,https://query1.finance.yahoo.com/v8/finance/chart/8016.T?range=3mo&interval=1d&events=history&includeAdjustedClose=false
2026-09-25,8020,兼松,VERIFIED,,2026-09-25,2338.5,2366.0,564000.0,608550.0,0.9267931969435543,False,https://query1.finance.yahoo.com/v8/finance/chart/8020.T?range=3mo&interval=1d&events=history&includeAdjustedClose=false
2026-09-25,8022,美津濃,VERIFIED,,2026-09-25,4185.0,4320.0,203400.0,229850.0,0.8849249510550359,False,https://query1.finance.yahoo.com/v8/finance/chart/8022.T?range=3mo&interval=1d&events=history&includeAdjustedClose=false
2026-09-25,8031,三井物産,VERIFIED,,2026-09-25,5071.0,5333.0,5530700.0,6502930.0,0.850493546755078,False,https://query1.finance.yahoo.com/v8/finance/chart/8031.T?range=3mo&interval=1d&events=history&includeAdjustedClose=false
2026-09-25,8032,日本紙パルプ商事,VERIFIED,,2026-09-25,1272.0,1289.0,249200.0,227500.0,1.0953846153846154,False,https://query1.finance.yahoo.com/v8/finance/chart/8032.T?range=3mo&interval=1d&events=history&includeAdjustedClose=false
2026-09-25,8035,東京エレクトロン,VERIFIED,,2026-09-25,56520.0,57530.0,3653300.0,2949530.0,1.2386041165880666,False,https://query1.finance.yahoo.com/v8/finance/chart/8035.T?range=3mo&interval=1d&events=history&includeAdjustedClose=false
2026-09-25,8037,カメイ,VERIFIED,,2026-09-25,5210.0,5190.0,146300.0,70860.0,2.0646344905447362,False,https://query1.finance.yahoo.com/v8/finance/chart/8037.T?range=3mo&interval=1d&events=history&includeAdjustedClose=false
2026-09-25,8043,スターゼン,VERIFIED,,2026-09-25,1570.0,1613.0,344900.0,186330.0,1.8510170128267054,False,https://query1.finance.yahoo.com/v8/finance/chart/8043.T?range=3mo&interval=1d&events=history&includeAdjustedClose=false
2026-09-25,8050,セイコーグループ,VERIFIED,,2026-09-25,10410.0,11920.0,414200.0,597085.0,0.6937035765427033,False,https://query1.finance.yahoo.com/v8/finance/chart/8050.T?range=3mo&interval=1d&events=history&includeAdjustedClose=false
2026-09-25,8051,山善,VERIFIED,,2026-09-25,2028.0,2066.0,171100.0,217250.0,0.7875719217491369,False,https://query1.finance.yahoo.com/v8/finance/chart/8051.T?range=3mo&interval=1d&events=history&includeAdjustedClose=false
2026-09-25,8052,椿本興業,VERIFIED,,2026-09-25,2974.0,2993.0,107600.0,71515.0,1.5045794588547856,False,https://query1.finance.yahoo.com/v8/finance/chart/8052.T?range=3mo&interval=1d&events=history&includeAdjustedClose=false
2026-09-25,8053,住友商事,VERIFIED,,2026-09-25,1798.0,1891.0,9076400.0,10607610.0,0.855649858922038,False,https://query1.finance.yahoo.com/v8/finance/chart/8053.T?range=3mo&interval=1d&events=history&includeAdjustedClose=false
2026-09-25,8056,ＢＩＰＲＯＧＹ,VERIFIED,,2026-09-25,4796.0,4934.0,301100.0,440495.0,0.6835491889805787,False,https://query1.finance.yahoo.com/v8/finance/chart/8056.T?range=3mo&interval=1d&events=history&includeAdjustedClose=false
2026-09-25,8057,内田洋行,VERIFIED,,2026-09-25,2247.0,2368.0,170000.0,211450.0,0.8039725703476,False,https://query1.finance.yahoo.com/v8/finance/chart/8057.T?range=3mo&interval=1d&events=history&includeAdjustedClose=false
2026-09-25,8058,三菱商事,VERIFIED,,2026-09-25,4859.0,5123.0,7325300.0,7926305.0,0.9241758928025101,False,https://query1.finance.yahoo.com/v8/finance/chart/8058.T?range=3mo&interval=1d&events=history&includeAdjustedClose=false
2026-09-25,8059,第一実業,VERIFIED,,2026-09-25,3720.0,3840.0,131600.0,109075.0,1.2065092826037132,False,https://query1.finance.yahoo.com/v8/finance/chart/8059.T?range=3mo&interval=1d&events=history&includeAdjustedClose=false
2026-09-25,8060,キヤノンマーケティングジャパン,VERIFIED,,2026-09-25,3737.0,3782.0,351600.0,425030.0,0.8272357245370915,False,https://query1.finance.yahoo.com/v8/finance/chart/8060.T?range=3mo&interval=1d&events=history&includeAdjustedClose=false
2026-09-25,8061,西華産業,VERIFIED,,2026-09-25,3085.0,3325.0,97300.0,136385.0,0.7134215639549804,False,https://query1.finance.yahoo.com/v8/finance/chart/8061.T?range=3mo&interval=1d&events=history&includeAdjustedClose=false
2026-09-25,8065,佐藤商事,VERIFIED,,2026-09-25,3130.0,3815.0,55400.0,152165.0,0.3640784674530937,False,https://query1.finance.yahoo.com/v8/finance/chart/8065.T?range=3mo&interval=1d&events=history&includeAdjustedClose=false
2026-09-25,8070,東京産業,VERIFIED,,2026-09-25,1029.0,1043.0,87400.0,119630.0,0.730585973418039,False,https://query1.finance.yahoo.com/v8/finance/chart/8070.T?range=3mo&interval=1d&events=history&includeAdjustedClose=false
2026-09-25,8074,ＹＵＡＳＡ,VERIFIED,,2026-09-25,6450.0,6590.0,31700.0,36400.0,0.8708791208791209,False,https://query1.finance.yahoo.com/v8/finance/chart/8074.T?range=3mo&interval=1d&events=history&includeAdjustedClose=false
2026-09-25,8075,神鋼商事,VERIFIED,,2026-09-25,3225.0,3210.0,61400.0,47700.0,1.2872117400419287,False,https://query1.finance.yahoo.com/v8/finance/chart/8075.T?range=3mo&interval=1d&events=history&includeAdjustedClose=false
2026-09-25,8078,阪和興業,VERIFIED,,2026-09-25,1941.0,1987.0,575400.0,488420.0,1.1780844355268008,False,https://query1.finance.yahoo.com/v8/finance/chart/8078.T?range=3mo&interval=1d&events=history&includeAdjustedClose=false
2026-09-25,8079,正栄食品工業,VERIFIED,,2026-09-25,4460.0,4615.0,33000.0,41425.0,0.7966203983101992,False,https://query1.finance.yahoo.com/v8/finance/chart/8079.T?range=3mo&interval=1d&events=history&includeAdjustedClose=false
2026-09-25,8081,カナデン,VERIFIED,,2026-09-25,2630.0,2645.0,67700.0,46475.0,1.4566971490048413,False,https://query1.finance.yahoo.com/v8/finance/chart/8081.T?range=3mo&interval=1d&events=history&includeAdjustedClose=false
2026-09-25,8084,ＲＹＯＤＥＮ,VERIFIED,,2026-09-25,4950.0,4895.0,43600.0,38875.0,1.1215434083601286,False,https://query1.finance.yahoo.com/v8/finance/chart/8084.T?range=3mo&interval=1d&events=history&includeAdjustedClose=false
2026-09-25,8086,ニプロ,VERIFIED,,2026-09-25,1450.5,1597.5,713500.0,766970.0,0.9302841049845496,False,https://query1.finance.yahoo.com/v8/finance/chart/8086.T?range=3mo&interval=1d&events=history&includeAdjustedClose=false
2026-09-25,8088,岩谷産業,VERIFIED,,2026-09-25,2136.5,2292.5,592800.0,682530.0,0.8685332512856577,False,https://query1.finance.yahoo.com/v8/finance/chart/8088.T?range=3mo&interval=1d&events=history&includeAdjustedClose=false
2026-09-25,8091,ニチモウ,VERIFIED,,2026-09-25,2448.0,2463.0,10900.0,7935.0,1.3736609955891619,False,https://query1.finance.yahoo.com/v8/finance/chart/8091.T?range=3mo&interval=1d&events=history&includeAdjustedClose=false
2026-09-25,8093,極東貿易,VERIFIED,,2026-09-25,1821.0,1858.0,31000.0,35435.0,0.874841258642585,False,https://query1.finance.yahoo.com/v8/finance/chart/8093.T?range=3mo&interval=1d&events=history&includeAdjustedClose=false
2026-09-25,8095,アステナホールディングス,VERIFIED,,2026-09-25,527.0,552.0,67900.0,86205.0,0.7876573284612262,False,https://query1.finance.yahoo.com/v8/finance/chart/8095.T?range=3mo&interval=1d&events=history&includeAdjustedClose=false
2026-09-25,8097,三愛オブリ,VERIFIED,,2026-09-25,2484.0,2505.0,95000.0,113180.0,0.8393709135889733,False,https://query1.finance.yahoo.com/v8/finance/chart/8097.T?range=3mo&interval=1d&events=history&includeAdjustedClose=false
2026-09-25,8098,稲畑産業,VERIFIED,,2026-09-25,4535.0,4595.0,138900.0,122855.0,1.1306011151357291,False,https://query1.finance.yahoo.com/v8/finance/chart/8098.T?range=3mo&interval=1d&events=history&includeAdjustedClose=false
2026-09-25,8101,ＧＳＩクレオス,VERIFIED,,2026-09-25,2603.0,2770.0,41900.0,30615.0,1.3686101584190755,False,https://query1.finance.yahoo.com/v8/finance/chart/8101.T?range=3mo&interval=1d&events=history&includeAdjustedClose=false
2026-09-25,8103,明和産業,VERIFIED,,2026-09-25,1018.0,1003.0,314200.0,138295.0,2.2719548790628727,False,https://query1.finance.yahoo.com/v8/finance/chart/8103.T?range=3mo&interval=1d&events=history&includeAdjustedClose=false
2026-09-25,8111,ゴールドウイン,VERIFIED,,2026-09-25,2182.0,2209.5,474300.0,596885.0,0.7946254303592819,False,https://query1.finance.yahoo.com/v8/finance/chart/8111.T?range=3mo&interval=1d&events=history&includeAdjustedClose=false
2026-09-25,8113,ユニ・チャーム,VERIFIED,,2026-09-25,956.7000122070312,1011.0,3969800.0,4694920.0,0.8455522138822387,False,https://query1.finance.yahoo.com/v8/finance/chart/8113.T?range=3mo&interval=1d&events=history&includeAdjustedClose=false
2026-09-25,8125,ワキタ,VERIFIED,,2026-09-25,1973.0,2012.0,95000.0,168105.0,0.5651229886083102,False,https://query1.finance.yahoo.com/v8/finance/chart/8125.T?range=3mo&interval=1d&events=history&includeAdjustedClose=false
2026-09-25,8129,東邦ホールディングス,VERIFIED,,2026-09-25,4061.0,4093.0,174600.0,123240.0,1.4167478091528725,False,https://query1.finance.yahoo.com/v8/finance/chart/8129.T?range=3mo&interval=1d&events=history&includeAdjustedClose=false
2026-09-25,8130,サンゲツ,VERIFIED,,2026-09-25,3235.0,3245.0,131500.0,105925.0,1.241444418220439,False,https://query1.finance.yahoo.com/v8/finance/chart/8130.T?range=3mo&interval=1d&events=history&includeAdjustedClose=false
2026-09-25,8132,シナネンホールディングス,VERIFIED,,2026-09-25,7640.0,8540.0,9600.0,8045.0,1.1932877563704165,False,https://query1.finance.yahoo.com/v8/finance/chart/8132.T?range=3mo&interval=1d&events=history&includeAdjustedClose=false
2026-09-25,8133,伊藤忠エネクス,VERIFIED,,2026-09-25,2374.0,2387.0,143600.0,124090.0,1.1572245950519784,False,https://query1.finance.yahoo.com/v8/finance/chart/8133.T?range=3mo&interval=1d&events=history&includeAdjustedClose=false
2026-09-25,8136,サンリオ,VERIFIED,,2026-09-25,1210.0,1338.5,8112300.0,17774120.0,0.4564107815182974,False,https://query1.finance.yahoo.com/v8/finance/chart/8136.T?range=3mo&interval=1d&events=history&includeAdjustedClose=false
2026-09-25,8137,サンワテクノス,VERIFIED,,2026-09-25,4845.0,4745.0,61300.0,45420.0,1.3496257155438134,False,https://query1.finance.yahoo.com/v8/finance/chart/8137.T?range=3mo&interval=1d&events=history&includeAdjustedClose=false
2026-09-25,8141,新光商事,VERIFIED,,2026-09-25,1568.0,1571.0,36900.0,128410.0,0.2873607974456818,False,https://query1.finance.yahoo.com/v8/finance/chart/8141.T?range=3mo&interval=1d&events=history&includeAdjustedClose=false
2026-09-25,8142,トーホー,VERIFIED,,2026-09-25,1391.0,1455.0,129800.0,88910.0,1.459903272972669,False,https://query1.finance.yahoo.com/v8/finance/chart/8142.T?range=3mo&interval=1d&events=history&includeAdjustedClose=false
2026-09-25,8150,三信電気,VERIFIED,,2026-09-25,3320.0,3435.0,36100.0,48585.0,0.7430276834413914,False,https://query1.finance.yahoo.com/v8/finance/chart/8150.T?range=3mo&interval=1d&events=history&includeAdjustedClose=false
2026-09-25,8151,東陽テクニカ,VERIFIED,,2026-09-25,1936.0,2012.0,216400.0,198590.0,1.0896822599325242,False,https://query1.finance.yahoo.com/v8/finance/chart/8151.T?range=3mo&interval=1d&events=history&includeAdjustedClose=false
2026-09-25,8153,モスフードサービス,VERIFIED,,2026-09-25,3900.0,4040.0,335800.0,179500.0,1.8707520891364902,False,https://query1.finance.yahoo.com/v8/finance/chart/8153.T?range=3mo&interval=1d&events=history&includeAdjustedClose=false
2026-09-25,8154,加賀電子,VERIFIED,,2026-09-25,5420.0,5190.0,298500.0,109015.0,2.738155299729395,True,https://query1.finance.yahoo.com/v8/finance/chart/8154.T?range=3mo&interval=1d&events=history&includeAdjustedClose=false
2026-09-25,8157,都築電気,VERIFIED,,2026-09-25,4360.0,4365.0,70600.0,38775.0,1.8207607994842037,False,https://query1.finance.yahoo.com/v8/finance/chart/8157.T?range=3mo&interval=1d&events=history&includeAdjustedClose=false
2026-09-25,8158,ソーダニッカ,VERIFIED,,2026-09-25,1334.0,1407.0,45300.0,56585.0,0.8005655208977644,False,https://query1.finance.yahoo.com/v8/finance/chart/8158.T?range=3mo&interval=1d&events=history&includeAdjustedClose=false
2026-09-25,8159,立花エレテック,VERIFIED,,2026-09-25,4410.0,4320.0,59000.0,35855.0,1.6455166643424906,False,https://query1.finance.yahoo.com/v8/finance/chart/8159.T?range=3mo&interval=1d&events=history&includeAdjustedClose=false
2026-09-25,8160,木曽路,VERIFIED,,2026-09-25,2378.0,2500.0,225900.0,99985.0,2.2593389008351252,False,https://query1.finance.yahoo.com/v8/finance/chart/8160.T?range=3mo&interval=1d&events=history&includeAdjustedClose=false
2026-09-25,8163,ＳＲＳホールディングス,VERIFIED,,2026-09-25,1496.0,1608.0,313100.0,132160.0,2.369098062953995,False,https://query1.finance.yahoo.com/v8/finance/chart/8163.T?range=3mo&interval=1d&events=history&includeAdjustedClose=false
2026-09-25,8167,リテールパートナーズ,VERIFIED,,2026-09-25,1446.0,1460.0,77800.0,121570.0,0.6399605165748129,False,https://query1.finance.yahoo.com/v8/finance/chart/8167.T?range=3mo&interval=1d&events=history&includeAdjustedClose=false
2026-09-25,8173,Ｊｏｓｈｉｎ,VERIFIED,,2026-09-25,4455.0,4640.0,343500.0,188050.0,1.8266418505716564,False,https://query1.finance.yahoo.com/v8/finance/chart/8173.T?range=3mo&interval=1d&events=history&includeAdjustedClose=false
2026-09-25,8174,日本瓦斯,VERIFIED,,2026-09-25,3084.0,3143.0,392200.0,242955.0,1.61429071227182,False,https://query1.finance.yahoo.com/v8/finance/chart/8174.T?range=3mo&interval=1d&events=history&includeAdjustedClose=false
2026-09-25,8179,ロイヤルホールディングス,VERIFIED,,2026-09-25,1310.0,1398.0,179100.0,276175.0,0.6485018557074319,False,https://query1.finance.yahoo.com/v8/finance/chart/8179.T?range=3mo&interval=1d&events=history&includeAdjustedClose=false
2026-09-25,8185,チヨダ,VERIFIED,,2026-09-25,1002.0,1077.0,90100.0,213575.0,0.42186585508603536,False,https://query1.finance.yahoo.com/v8/finance/chart/8185.T?range=3mo&interval=1d&events=history&includeAdjustedClose=false
2026-09-25,8194,ライフコーポレーション,VERIFIED,,2026-09-25,2713.0,2830.0,236400.0,225765.0,1.0471065045511927,False,https://query1.finance.yahoo.com/v8/finance/chart/8194.T?range=3mo&interval=1d&events=history&includeAdjustedClose=false
2026-09-25,8200,リンガーハット,VERIFIED,,2026-09-25,2263.0,2370.0,62400.0,123445.0,0.5054882741301794,False,https://query1.finance.yahoo.com/v8/finance/chart/8200.T?range=3mo&interval=1d&events=history&includeAdjustedClose=false
2026-09-25,8203,ＭｒＭａｘＨＤ,VERIFIED,,2026-09-25,754.0,801.0,42000.0,54745.0,0.7671933509909581,False,https://query1.finance.yahoo.com/v8/finance/chart/8203.T?range=3mo&interval=1d&events=history&includeAdjustedClose=false
2026-09-25,8214,ＡＯＫＩホールディングス,VERIFIED,,2026-09-25,1742.0,1794.0,281700.0,167095.0,1.6858673209850683,False,https://query1.finance.yahoo.com/v8/finance/chart/8214.T?range=3mo&interval=1d&events=history&includeAdjustedClose=false
2026-09-25,8217,オークワ,VERIFIED,,2026-09-25,803.0,814.0,75400.0,70975.0,1.0623458964424093,False,https://query1.finance.yahoo.com/v8/finance/chart/8217.T?range=3mo&interval=1d&events=history&includeAdjustedClose=false
2026-09-25,8218,コメリ,VERIFIED,,2026-09-25,3930.0,3970.0,51100.0,91975.0,0.5555857569991846,False,https://query1.finance.yahoo.com/v8/finance/chart/8218.T?range=3mo&interval=1d&events=history&includeAdjustedClose=false
2026-09-25,8219,青山商事,VERIFIED,,2026-09-25,761.0,787.0,681300.0,582450.0,1.1697141385526655,False,https://query1.finance.yahoo.com/v8/finance/chart/8219.T?range=3mo&interval=1d&events=history&includeAdjustedClose=false
2026-09-25,8227,しまむら,VERIFIED,,2026-09-25,3216.0,3425.0,720900.0,648910.0,1.11093988380515,False,https://query1.finance.yahoo.com/v8/finance/chart/8227.T?range=3mo&interval=1d&events=history&includeAdjustedClose=false
2026-09-25,8233,高島屋,VERIFIED,,2026-09-25,2135.0,2523.5,1841100.0,1868025.0,0.9855863813385796,False,https://query1.finance.yahoo.com/v8/finance/chart/8233.T?range=3mo&interval=1d&events=history&includeAdjustedClose=false
2026-09-25,8237,松屋,VERIFIED,,2026-09-25,2209.0,3065.0,206000.0,584240.0,0.35259482404491305,False,https://query1.finance.yahoo.com/v8/finance/chart/8237.T?range=3mo&interval=1d&events=history&includeAdjustedClose=false
2026-09-25,8242,エイチ・ツー・オー　リテイリング,VERIFIED,,2026-09-25,2851.0,3070.0,389100.0,364175.0,1.0684423697398229,False,https://query1.finance.yahoo.com/v8/finance/chart/8242.T?range=3mo&interval=1d&events=history&includeAdjustedClose=false
2026-09-25,8252,丸井グループ,VERIFIED,,2026-09-25,2889.5,3037.0,831800.0,1122835.0,0.7408034127899469,False,https://query1.finance.yahoo.com/v8/finance/chart/8252.T?range=3mo&interval=1d&events=history&includeAdjustedClose=false
2026-09-25,8253,クレディセゾン,VERIFIED,,2026-09-25,4650.0,4843.0,623400.0,694415.0,0.8977340639243104,False,https://query1.finance.yahoo.com/v8/finance/chart/8253.T?range=3mo&interval=1d&events=history&includeAdjustedClose=false
2026-09-25,8255,アクシアル　リテイリング,VERIFIED,,2026-09-25,1343.0,1363.0,306800.0,180905.0,1.6959177468837234,False,https://query1.finance.yahoo.com/v8/finance/chart/8255.T?range=3mo&interval=1d&events=history&includeAdjustedClose=false
2026-09-25,8267,イオン,VERIFIED,,2026-09-25,1300.0,1433.0,10644600.0,10755865.0,0.9896554112570212,False,https://query1.finance.yahoo.com/v8/finance/chart/8267.T?range=3mo&interval=1d&events=history&includeAdjustedClose=false
2026-09-25,8273,イズミ,VERIFIED,,2026-09-25,983.0,1096.0,280900.0,754530.0,0.3722847335427352,False,https://query1.finance.yahoo.com/v8/finance/chart/8273.T?range=3mo&interval=1d&events=history&includeAdjustedClose=false
2026-09-25,8276,平和堂,VERIFIED,,2026-09-25,2684.0,2781.0,87100.0,102465.0,0.8500463572927341,False,https://query1.finance.yahoo.com/v8/finance/chart/8276.T?range=3mo&interval=1d&events=history&includeAdjustedClose=false
2026-09-25,8278,フジ,VERIFIED,,2026-09-25,2036.0,2144.0,75600.0,132135.0,0.5721421273697355,False,https://query1.finance.yahoo.com/v8/finance/chart/8278.T?range=3mo&interval=1d&events=history&includeAdjustedClose=false
2026-09-25,8281,ゼビオホールディングス,VERIFIED,,2026-09-25,1137.0,1206.0,238900.0,141530.0,1.6879813467109446,False,https://query1.finance.yahoo.com/v8/finance/chart/8281.T?range=3mo&interval=1d&events=history&includeAdjustedClose=false
2026-09-25,8282,ケーズホールディングス,VERIFIED,,2026-09-25,1876.0,1985.5,1787900.0,852340.0,2.0976370931787782,False,https://query1.finance.yahoo.com/v8/finance/chart/8282.T?range=3mo&interval=1d&events=history&includeAdjustedClose=false
2026-09-25,8303,ＳＢＩ新生銀行,VERIFIED,,2026-09-25,1619.0,1644.0,3395100.0,2980755.0,1.1390067281611538,False,https://query1.finance.yahoo.com/v8/finance/chart/8303.T?range=3mo&interval=1d&events=history&includeAdjustedClose=false
2026-09-25,8304,あおぞら銀行,VERIFIED,,2026-09-25,3526.0,3561.0,1188200.0,1328420.0,0.894446033633941,False,https://query1.finance.yahoo.com/v8/finance/chart/8304.T?range=3mo&interval=1d&events=history&includeAdjustedClose=false
2026-09-25,8306,三菱ＵＦＪフィナンシャル・グループ,VERIFIED,,2026-09-25,3714.0,3795.0,47407500.0,38922810.0,1.2179876016145803,False,https://query1.finance.yahoo.com/v8/finance/chart/8306.T?range=3mo&interval=1d&events=history&includeAdjustedClose=false
2026-09-25,8308,りそなホールディングス,VERIFIED,,2026-09-25,2540.0,2601.0,8871400.0,9201420.0,0.9641337967400684,False,https://query1.finance.yahoo.com/v8/finance/chart/8308.T?range=3mo&interval=1d&events=history&includeAdjustedClose=false
2026-09-25,8309,三井住友トラストグループ,VERIFIED,,2026-09-25,1801.5,1822.5,9345100.0,8860935.0,1.0546403963012934,False,https://query1.finance.yahoo.com/v8/finance/chart/8309.T?range=3mo&interval=1d&events=history&includeAdjustedClose=false
2026-09-25,8316,三井住友フィナンシャルグループ,VERIFIED,,2026-09-25,6919.0,7181.0,14825600.0,11881010.0,1.2478400405352743,False,https://query1.finance.yahoo.com/v8/finance/chart/8316.T?range=3mo&interval=1d&events=history&includeAdjustedClose=false
2026-09-25,8331,千葉銀行,VERIFIED,,2026-09-25,2834.5,2880.5,3392700.0,2816950.0,1.2043877243117556,False,https://query1.finance.yahoo.com/v8/finance/chart/8331.T?range=3mo&interval=1d&events=history&includeAdjustedClose=false
2026-09-25,8334,群馬銀行,VERIFIED,,2026-09-25,3208.0,3001.0,2281600.0,1233870.0,1.8491413195879631,False,https://query1.finance.yahoo.com/v8/finance/chart/8334.T?range=3mo&interval=1d&events=history&includeAdjustedClose=false
2026-09-25,8336,武蔵野銀行,VERIFIED,,2026-09-25,2957.0,2912.0,286200.0,244545.0,1.1703367478378213,False,https://query1.finance.yahoo.com/v8/finance/chart/8336.T?range=3mo&interval=1d&events=history&includeAdjustedClose=false
2026-09-25,8337,千葉興業銀行,VERIFIED,,2026-09-25,2777.0,2810.0,181300.0,167130.0,1.0847842996469814,False,https://query1.finance.yahoo.com/v8/finance/chart/8337.T?range=3mo&interval=1d&events=history&includeAdjustedClose=false
2026-09-25,8338,筑波銀行,VERIFIED,,2026-09-25,788.0,787.0,3509400.0,1723865.0,2.0357742630658433,False,https://query1.finance.yahoo.com/v8/finance/chart/8338.T?range=3mo&interval=1d&events=history&includeAdjustedClose=false
2026-09-25,8341,七十七銀行,VERIFIED,,2026-09-25,4197.0,4185.0,1008600.0,711270.0,1.4180269096123834,False,https://query1.finance.yahoo.com/v8/finance/chart/8341.T?range=3mo&interval=1d&events=history&includeAdjustedClose=false
2026-09-25,8343,秋田銀行,VERIFIED,,2026-09-25,10250.0,9880.0,263200.0,149690.0,1.7583004876745274,False,https://query1.finance.yahoo.com/v8/finance/chart/8343.T?range=3mo&interval=1d&events=history&includeAdjustedClose=false
2026-09-25,8344,山形銀行,VERIFIED,,2026-09-25,5680.0,5380.0,324900.0,181480.0,1.7902799206524136,False,https://query1.finance.yahoo.com/v8/finance/chart/8344.T?range=3mo&interval=1d&events=history&includeAdjustedClose=false
2026-09-25,8345,岩手銀行,VERIFIED,,2026-09-25,2907.0,2825.0,645200.0,367550.0,1.755407427560876,False,https://query1.finance.yahoo.com/v8/finance/chart/8345.T?range=3mo&interval=1d&events=history&includeAdjustedClose=false
2026-09-25,8346,東邦銀行,VERIFIED,,2026-09-25,1097.0,1055.0,1951900.0,888000.0,2.1980855855855856,False,https://query1.finance.yahoo.com/v8/finance/chart/8346.T?range=3mo&interval=1d&events=history&includeAdjustedClose=false
2026-09-25,8354,ふくおかフィナンシャルグループ,VERIFIED,,2026-09-25,8008.0,8022.0,892900.0,646525.0,1.3810757511310467,False,https://query1.finance.yahoo.com/v8/finance/chart/8354.T?range=3mo&interval=1d&events=history&includeAdjustedClose=false
2026-09-25,8358,スルガ銀行,VERIFIED,,2026-09-25,2891.0,3005.0,841600.0,806090.0,1.0440521529853986,False,https://query1.finance.yahoo.com/v8/finance/chart/8358.T?range=3mo&interval=1d&events=history&includeAdjustedClose=false
2026-09-25,8359,八十二長野銀行,VERIFIED,,2026-09-25,2840.0,2791.5,1617600.0,1198125.0,1.3501095461658843,False,https://query1.finance.yahoo.com/v8/finance/chart/8359.T?range=3mo&interval=1d&events=history&includeAdjustedClose=false
2026-09-25,8360,山梨中央銀行,VERIFIED,,2026-09-25,7620.0,7500.0,191700.0,139740.0,1.3718334048948047,False,https://query1.finance.yahoo.com/v8/finance/chart/8360.T?range=3mo&interval=1d&events=history&includeAdjustedClose=false
2026-09-25,8361,大垣共立銀行,VERIFIED,,2026-09-25,8850.0,8640.0,292100.0,163950.0,1.7816407441293076,False,https://query1.finance.yahoo.com/v8/finance/chart/8361.T?range=3mo&interval=1d&events=history&includeAdjustedClose=false
2026-09-25,8362,福井銀行,VERIFIED,,2026-09-25,8180.0,8080.0,286700.0,116720.0,2.4563056888279644,False,https://query1.finance.yahoo.com/v8/finance/chart/8362.T?range=3mo&interval=1d&events=history&includeAdjustedClose=false
2026-09-25,8364,清水銀行,VERIFIED,,2026-09-25,3280.0,3270.0,51500.0,33995.0,1.5149286659802912,False,https://query1.finance.yahoo.com/v8/finance/chart/8364.T?range=3mo&interval=1d&events=history&includeAdjustedClose=false
2026-09-25,8366,滋賀銀行,VERIFIED,,2026-09-25,3020.0,2979.0,750100.0,606055.0,1.2376764485071488,False,https://query1.finance.yahoo.com/v8/finance/chart/8366.T?range=3mo&interval=1d&events=history&includeAdjustedClose=false
2026-09-25,8367,南都銀行,VERIFIED,,2026-09-25,2088.0,2038.0,486100.0,435690.0,1.1157015309050013,False,https://query1.finance.yahoo.com/v8/finance/chart/8367.T?range=3mo&interval=1d&events=history&includeAdjustedClose=false
2026-09-25,8368,百五銀行,VERIFIED,,2026-09-25,2606.0,2524.0,1088500.0,772055.0,1.4098736488980708,False,https://query1.finance.yahoo.com/v8/finance/chart/8368.T?range=3mo&interval=1d&events=history&includeAdjustedClose=false
2026-09-25,8370,紀陽銀行,VERIFIED,,2026-09-25,5390.0,5340.0,183800.0,142300.0,1.2916373858046382,False,https://query1.finance.yahoo.com/v8/finance/chart/8370.T?range=3mo&interval=1d&events=history&includeAdjustedClose=false
2026-09-25,8377,ほくほくフィナンシャルグループ,VERIFIED,,2026-09-25,8815.0,8613.0,698600.0,396665.0,1.7611838705204643,False,https://query1.finance.yahoo.com/v8/finance/chart/8377.T?range=3mo&interval=1d&events=history&includeAdjustedClose=false
2026-09-25,8381,山陰合同銀行,VERIFIED,,2026-09-25,2660.0,2689.0,484600.0,352400.0,1.3751418842224745,False,https://query1.finance.yahoo.com/v8/finance/chart/8381.T?range=3mo&interval=1d&events=history&includeAdjustedClose=false
2026-09-25,8386,百十四銀行,VERIFIED,,2026-09-25,3245.0,3195.0,312600.0,269075.0,1.1617578741986434,False,https://query1.finance.yahoo.com/v8/finance/chart/8386.T?range=3mo&interval=1d&events=history&includeAdjustedClose=false
2026-09-25,8387,四国銀行,VERIFIED,,2026-09-25,4635.0,4440.0,604400.0,218025.0,2.7721591560600847,True,https://query1.finance.yahoo.com/v8/finance/chart/8387.T?range=3mo&interval=1d&events=history&includeAdjustedClose=false
2026-09-25,8388,阿波銀行,VERIFIED,,2026-09-25,11040.0,10640.0,206400.0,152600.0,1.3525557011795544,False,https://query1.finance.yahoo.com/v8/finance/chart/8388.T?range=3mo&interval=1d&events=history&includeAdjustedClose=false
2026-09-25,8392,大分銀行,VERIFIED,,2026-09-25,3280.0,3150.0,224800.0,248225.0,0.9056299728069293,False,https://query1.finance.yahoo.com/v8/finance/chart/8392.T?range=3mo&interval=1d&events=history&includeAdjustedClose=false
2026-09-25,8393,宮崎銀行,VERIFIED,,2026-09-25,2955.0,2804.0,577800.0,276640.0,2.0886350491613648,False,https://query1.finance.yahoo.com/v8/finance/chart/8393.T?range=3mo&interval=1d&events=history&includeAdjustedClose=false
2026-09-25,8395,佐賀銀行,VERIFIED,,2026-09-25,7080.0,6830.0,78500.0,47835.0,1.6410578028640117,False,https://query1.finance.yahoo.com/v8/finance/chart/8395.T?range=3mo&interval=1d&events=history&includeAdjustedClose=false
2026-09-25,8399,琉球銀行,VERIFIED,,2026-09-25,3430.0,3435.0,252900.0,143720.0,1.7596715836348455,False,https://query1.finance.yahoo.com/v8/finance/chart/8399.T?range=3mo&interval=1d&events=history&includeAdjustedClose=false
2026-09-25,8410,セブン銀行,VERIFIED,,2026-09-25,346.70001220703125,351.0,4669800.0,3774825.0,1.2370904611472056,False,https://query1.finance.yahoo.com/v8/finance/chart/8410.T?range=3mo&interval=1d&events=history&includeAdjustedClose=false
2026-09-25,8411,みずほフィナンシャルグループ,VERIFIED,,2026-09-25,8626.0,8894.0,10570300.0,8533630.0,1.2386639683229763,False,https://query1.finance.yahoo.com/v8/finance/chart/8411.T?range=3mo&interval=1d&events=history&includeAdjustedClose=false
2026-09-25,8418,山口フィナンシャルグループ,VERIFIED,,2026-09-25,3550.0,3443.0,643700.0,556295.0,1.15711987344844,False,https://query1.finance.yahoo.com/v8/finance/chart/8418.T?range=3mo&interval=1d&events=history&includeAdjustedClose=false
2026-09-25,8424,芙蓉総合リース,VERIFIED,,2026-09-25,4577.0,4578.0,224000.0,174690.0,1.2822714522869083,False,https://query1.finance.yahoo.com/v8/finance/chart/8424.T?range=3mo&interval=1d&events=history&includeAdjustedClose=false
2026-09-25,8425,みずほリース,VERIFIED,,2026-09-25,1378.0,1401.0,561000.0,532785.0,1.0529575720037163,False,https://query1.finance.yahoo.com/v8/finance/chart/8425.T?range=3mo&interval=1d&events=history&includeAdjustedClose=false
2026-09-25,8439,東京センチュリー,VERIFIED,,2026-09-25,2740.5,2794.0,725000.0,658630.0,1.1007697796942137,False,https://query1.finance.yahoo.com/v8/finance/chart/8439.T?range=3mo&interval=1d&events=history&includeAdjustedClose=false
2026-09-25,8473,ＳＢＩホールディングス,VERIFIED,,2026-09-25,3298.0,3440.0,2696100.0,4146120.0,0.6502706144539956,False,https://query1.finance.yahoo.com/v8/finance/chart/8473.T?range=3mo&interval=1d&events=history&includeAdjustedClose=false
2026-09-25,8511,日本証券金融,VERIFIED,,2026-09-25,2528.0,2556.0,278000.0,195740.0,1.420251353836722,False,https://query1.finance.yahoo.com/v8/finance/chart/8511.T?range=3mo&interval=1d&events=history&includeAdjustedClose=false
2026-09-25,8522,名古屋銀行,VERIFIED,,2026-09-25,7470.0,7490.0,131200.0,114640.0,1.1444521981856246,False,https://query1.finance.yahoo.com/v8/finance/chart/8522.T?range=3mo&interval=1d&events=history&includeAdjustedClose=false
2026-09-25,8524,北洋銀行,VERIFIED,,2026-09-25,1375.0,1367.0,1558100.0,1467155.0,1.0619873155869692,False,https://query1.finance.yahoo.com/v8/finance/chart/8524.T?range=3mo&interval=1d&events=history&includeAdjustedClose=false
2026-09-25,8541,愛媛銀行,VERIFIED,,2026-09-25,3700.0,3490.0,413100.0,165050.0,2.502877915783096,True,https://query1.finance.yahoo.com/v8/finance/chart/8541.T?range=3mo&interval=1d&events=history&includeAdjustedClose=false
2026-09-25,8544,京葉銀行,VERIFIED,,2026-09-25,3010.0,2934.0,469700.0,266400.0,1.7631381381381381,False,https://query1.finance.yahoo.com/v8/finance/chart/8544.T?range=3mo&interval=1d&events=history&includeAdjustedClose=false
2026-09-25,8550,栃木銀行,VERIFIED,,2026-09-25,1208.0,1158.0,1429100.0,572220.0,2.497466009576736,False,https://query1.finance.yahoo.com/v8/finance/chart/8550.T?range=3mo&interval=1d&events=history&includeAdjustedClose=false
2026-09-25,8551,北日本銀行,VERIFIED,,2026-09-25,9060.0,8990.0,67800.0,45930.0,1.4761593729588505,False,https://query1.finance.yahoo.com/v8/finance/chart/8551.T?range=3mo&interval=1d&events=history&includeAdjustedClose=false
2026-09-25,8558,東和銀行,VERIFIED,,2026-09-25,1585.0,1578.0,272700.0,160095.0,1.7033636278459665,False,https://query1.finance.yahoo.com/v8/finance/chart/8558.T?range=3mo&interval=1d&events=history&includeAdjustedClose=false
2026-09-25,8566,リコーリース,VERIFIED,,2026-09-25,6940.0,6950.0,60200.0,34865.0,1.7266599741861466,False,https://query1.finance.yahoo.com/v8/finance/chart/8566.T?range=3mo&interval=1d&events=history&includeAdjustedClose=false
2026-09-25,8570,イオンフィナンシャルサービス,VERIFIED,,2026-09-25,1622.0,1749.0,662100.0,607600.0,1.0896971691902568,False,https://query1.finance.yahoo.com/v8/finance/chart/8570.T?range=3mo&interval=1d&events=history&includeAdjustedClose=false
2026-09-25,8584,ジャックス,VERIFIED,,2026-09-25,3750.0,3935.0,134300.0,125030.0,1.074142205870591,False,https://query1.finance.yahoo.com/v8/finance/chart/8584.T?range=3mo&interval=1d&events=history&includeAdjustedClose=false
2026-09-25,8585,オリエントコーポレーション,VERIFIED,,2026-09-25,847.0,891.0,400000.0,430400.0,0.929368029739777,False,https://query1.finance.yahoo.com/v8/finance/chart/8585.T?range=3mo&interval=1d&events=history&includeAdjustedClose=false
2026-09-25,8591,オリックス,VERIFIED,,2026-09-25,6171.0,6583.0,2776600.0,3328425.0,0.8342083718275161,False,https://query1.finance.yahoo.com/v8/finance/chart/8591.T?range=3mo&interval=1d&events=history&includeAdjustedClose=false
2026-09-25,8593,三菱ＨＣキャピタル,VERIFIED,,2026-09-25,1378.5,1425.0,3953000.0,3821145.0,1.0345066727381453,False,https://query1.finance.yahoo.com/v8/finance/chart/8593.T?range=3mo&interval=1d&events=history&includeAdjustedClose=false
2026-09-25,8595,ジャフコ　グループ,VERIFIED,,2026-09-25,2288.0,2362.5,355400.0,287680.0,1.235400444938821,False,https://query1.finance.yahoo.com/v8/finance/chart/8595.T?range=3mo&interval=1d&events=history&includeAdjustedClose=false
2026-09-25,8600,トモニホールディングス,VERIFIED,,2026-09-25,1226.0,1201.0,889700.0,480520.0,1.8515358361774743,False,https://query1.finance.yahoo.com/v8/finance/chart/8600.T?range=3mo&interval=1d&events=history&includeAdjustedClose=false
2026-09-25,8601,大和証券グループ本社,VERIFIED,,2026-09-25,1845.5,1898.0,5862700.0,5251770.0,1.1163283997585576,False,https://query1.finance.yahoo.com/v8/finance/chart/8601.T?range=3mo&interval=1d&events=history&includeAdjustedClose=false
2026-09-25,8604,野村ホールディングス,VERIFIED,,2026-09-25,1586.0,1688.0,9617000.0,9856535.0,0.9756978491934539,False,https://query1.finance.yahoo.com/v8/finance/chart/8604.T?range=3mo&interval=1d&events=history&includeAdjustedClose=false
2026-09-25,8609,岡三証券グループ,VERIFIED,,2026-09-25,1253.0,1278.0,471300.0,527385.0,0.8936545408003641,False,https://query1.finance.yahoo.com/v8/finance/chart/8609.T?range=3mo&interval=1d&events=history&includeAdjustedClose=false
2026-09-25,8613,丸三証券,VERIFIED,,2026-09-25,1296.0,1328.0,264700.0,241000.0,1.0983402489626557,False,https://query1.finance.yahoo.com/v8/finance/chart/8613.T?range=3mo&interval=1d&events=history&includeAdjustedClose=false
2026-09-25,8614,東洋証券,VERIFIED,,2026-09-25,706.0,758.0,413900.0,594250.0,0.6965082036180059,False,https://query1.finance.yahoo.com/v8/finance/chart/8614.T?range=3mo&interval=1d&events=history&includeAdjustedClose=false
2026-09-25,8616,東海東京フィナンシャル・ホールディングス,VERIFIED,,2026-09-25,906.0,928.0,1052400.0,929365.0,1.1323860915786585,False,https://query1.finance.yahoo.com/v8/finance/chart/8616.T?range=3mo&interval=1d&events=history&includeAdjustedClose=false
2026-09-25,8622,水戸証券,VERIFIED,,2026-09-25,920.0,1000.0,237700.0,403590.0,0.5889640476721425,False,https://query1.finance.yahoo.com/v8/finance/chart/8622.T?range=3mo&interval=1d&events=history&includeAdjustedClose=false
2026-09-25,8624,いちよし証券,VERIFIED,,2026-09-25,1710.0,1797.0,176500.0,146180.0,1.2074155151183472,False,https://query1.finance.yahoo.com/v8/finance/chart/8624.T?range=3mo&interval=1d&events=history&includeAdjustedClose=false
2026-09-25,8628,松井証券,VERIFIED,,2026-09-25,1159.0,1226.0,862000.0,1120735.0,0.7691381102580004,False,https://query1.finance.yahoo.com/v8/finance/chart/8628.T?range=3mo&interval=1d&events=history&includeAdjustedClose=false
2026-09-25,8630,ＳＯＭＰＯホールディングス,VERIFIED,,2026-09-25,6888.0,7023.0,2294900.0,2177230.0,1.0540457370144634,False,https://query1.finance.yahoo.com/v8/finance/chart/8630.T?range=3mo&interval=1d&events=history&includeAdjustedClose=false
2026-09-25,8697,日本取引所グループ,VERIFIED,,2026-09-25,2333.0,2313.0,4217700.0,3440445.0,1.225916996202526,False,https://query1.finance.yahoo.com/v8/finance/chart/8697.T?range=3mo&interval=1d&events=history&includeAdjustedClose=false
2026-09-25,8698,マネックスグループ,VERIFIED,,2026-09-25,729.0,774.0,1378300.0,1492175.0,0.9236852245882688,False,https://query1.finance.yahoo.com/v8/finance/chart/8698.T?range=3mo&interval=1d&events=history&includeAdjustedClose=false
2026-09-25,8706,極東証券,VERIFIED,,2026-09-25,1877.0,1970.0,186100.0,155470.0,1.1970155013829034,False,https://query1.finance.yahoo.com/v8/finance/chart/8706.T?range=3mo&interval=1d&events=history&includeAdjustedClose=false
2026-09-25,8707,岩井コスモホールディングス,VERIFIED,,2026-09-25,4745.0,4820.0,82800.0,118685.0,0.697645026751485,False,https://query1.finance.yahoo.com/v8/finance/chart/8707.T?range=3mo&interval=1d&events=history&includeAdjustedClose=false
2026-09-25,8708,アイザワ証券グループ,VERIFIED,,2026-09-25,1756.0,1891.0,156400.0,161110.0,0.9707653156228664,False,https://query1.finance.yahoo.com/v8/finance/chart/8708.T?range=3mo&interval=1d&events=history&includeAdjustedClose=false
2026-09-25,8713,フィデアホールディングス,VERIFIED,,2026-09-25,2871.0,2933.0,100200.0,74645.0,1.34235380802465,False,https://query1.finance.yahoo.com/v8/finance/chart/8713.T?range=3mo&interval=1d&events=history&includeAdjustedClose=false
2026-09-25,8714,池田泉州ホールディングス,VERIFIED,,2026-09-25,1139.0,1120.0,1654700.0,769635.0,2.1499801854125655,False,https://query1.finance.yahoo.com/v8/finance/chart/8714.T?range=3mo&interval=1d&events=history&includeAdjustedClose=false
2026-09-25,8715,アニコム　ホールディングス,VERIFIED,,2026-09-25,1026.0,1130.0,307000.0,249890.0,1.228540557845452,False,https://query1.finance.yahoo.com/v8/finance/chart/8715.T?range=3mo&interval=1d&events=history&includeAdjustedClose=false
2026-09-25,8725,ＭＳ＆ＡＤインシュアランスグループホールディングス,VERIFIED,,2026-09-25,5030.0,5326.0,4654700.0,4565545.0,1.019527789124847,False,https://query1.finance.yahoo.com/v8/finance/chart/8725.T?range=3mo&interval=1d&events=history&includeAdjustedClose=false
2026-09-25,8729,ソニーフィナンシャルグループ,VERIFIED,,2026-09-25,162.3000030517578,166.3000030517578,59839600.0,59635535.0,1.003421869192588,False,https://query1.finance.yahoo.com/v8/finance/chart/8729.T?range=3mo&interval=1d&events=history&includeAdjustedClose=false
2026-09-25,8739,スパークス・グループ,VERIFIED,,2026-09-25,2679.0,2710.0,153000.0,136995.0,1.1168290813533341,False,https://query1.finance.yahoo.com/v8/finance/chart/8739.T?range=3mo&interval=1d&events=history&includeAdjustedClose=false
2026-09-25,8750,第一ライフグループ,VERIFIED,,2026-09-25,1907.0,1946.5,8401200.0,8683850.0,0.9674510729687869,False,https://query1.finance.yahoo.com/v8/finance/chart/8750.T?range=3mo&interval=1d&events=history&includeAdjustedClose=false
2026-09-25,8766,東京海上ホールディングス,VERIFIED,,2026-09-25,7992.0,8362.0,6096500.0,5940980.0,1.0261774993351265,False,https://query1.finance.yahoo.com/v8/finance/chart/8766.T?range=3mo&interval=1d&events=history&includeAdjustedClose=false
2026-09-25,8771,イー・ギャランティ,VERIFIED,,2026-09-25,1784.0,1850.0,103800.0,161365.0,0.643262169615468,False,https://query1.finance.yahoo.com/v8/finance/chart/8771.T?range=3mo&interval=1d&events=history&includeAdjustedClose=false
2026-09-25,8793,ＮＥＣキャピタルソリューション,VERIFIED,,2026-09-25,4285.0,4295.0,16200.0,15025.0,1.0782029950083194,False,https://query1.finance.yahoo.com/v8/finance/chart/8793.T?range=3mo&interval=1d&events=history&includeAdjustedClose=false
2026-09-25,8795,Ｔ＆Ｄホールディングス,VERIFIED,,2026-09-25,4993.0,5095.0,1382600.0,1431865.0,0.965593823440059,False,https://query1.finance.yahoo.com/v8/finance/chart/8795.T?range=3mo&interval=1d&events=history&includeAdjustedClose=false
2026-09-25,8798,アドバンスクリエイト,VERIFIED,,2026-09-25,134.0,184.0,245300.0,176085.0,1.3930772070306954,False,https://query1.finance.yahoo.com/v8/finance/chart/8798.T?range=3mo&interval=1d&events=history&includeAdjustedClose=false
2026-09-25,8801,三井不動産,VERIFIED,,2026-09-25,1507.5,1560.5,10088600.0,9189190.0,1.0978769619520328,False,https://query1.finance.yahoo.com/v8/finance/chart/8801.T?range=3mo&interval=1d&events=history&includeAdjustedClose=false
2026-09-25,8802,三菱地所,VERIFIED,,2026-09-25,3655.0,3860.0,3843500.0,3616060.0,1.0628971864404906,False,https://query1.finance.yahoo.com/v8/finance/chart/8802.T?range=3mo&interval=1d&events=history&includeAdjustedClose=false
2026-09-25,8803,平和不動産,VERIFIED,,2026-09-25,2373.0,2426.0,215400.0,176580.0,1.2198436969079172,False,https://query1.finance.yahoo.com/v8/finance/chart/8803.T?range=3mo&interval=1d&events=history&includeAdjustedClose=false
2026-09-25,8804,東京建物,VERIFIED,,2026-09-25,3320.0,3481.0,1058800.0,827725.0,1.2791688060648163,False,https://query1.finance.yahoo.com/v8/finance/chart/8804.T?range=3mo&interval=1d&events=history&includeAdjustedClose=false
2026-09-25,8818,京阪神ビルディング,VERIFIED,,2026-09-25,1086.0,1139.0,667600.0,452095.0,1.4766807861179618,False,https://query1.finance.yahoo.com/v8/finance/chart/8818.T?range=3mo&interval=1d&events=history&includeAdjustedClose=false
2026-09-25,8830,住友不動産,VERIFIED,,2026-09-25,3207.0,3417.0,2070900.0,2936380.0,0.7052561316995757,False,https://query1.finance.yahoo.com/v8/finance/chart/8830.T?range=3mo&interval=1d&events=history&includeAdjustedClose=false
2026-09-25,8848,レオパレス２１,VERIFIED,,2026-09-25,1030.0,1060.0,3941500.0,3766645.0,1.0464219484448363,False,https://query1.finance.yahoo.com/v8/finance/chart/8848.T?range=3mo&interval=1d&events=history&includeAdjustedClose=false
2026-09-25,8850,スターツコーポレーション,VERIFIED,,2026-09-25,4775.0,4790.0,52100.0,51585.0,1.009983522341766,False,https://query1.finance.yahoo.com/v8/finance/chart/8850.T?range=3mo&interval=1d&events=history&includeAdjustedClose=false
2026-09-25,8860,フジ住宅,VERIFIED,,2026-09-25,752.0,775.0,61300.0,57740.0,1.061655697956356,False,https://query1.finance.yahoo.com/v8/finance/chart/8860.T?range=3mo&interval=1d&events=history&includeAdjustedClose=false
2026-09-25,8876,リログループ,VERIFIED,,2026-09-25,2317.5,2307.0,563800.0,600065.0,0.9395648804712823,False,https://query1.finance.yahoo.com/v8/finance/chart/8876.T?range=3mo&interval=1d&events=history&includeAdjustedClose=false
2026-09-25,8877,エスリード,VERIFIED,,2026-09-25,5320.0,5490.0,25300.0,26700.0,0.947565543071161,False,https://query1.finance.yahoo.com/v8/finance/chart/8877.T?range=3mo&interval=1d&events=history&includeAdjustedClose=false
2026-09-25,8881,日神グループホールディングス,VERIFIED,,2026-09-25,661.0,685.0,104200.0,108450.0,0.9608114338404795,False,https://query1.finance.yahoo.com/v8/finance/chart/8881.T?range=3mo&interval=1d&events=history&includeAdjustedClose=false
2026-09-25,8892,エスコン,VERIFIED,,2026-09-25,1118.0,1153.0,122300.0,155885.0,0.7845527151425731,False,https://query1.finance.yahoo.com/v8/finance/chart/8892.T?range=3mo&interval=1d&events=history&includeAdjustedClose=false
2026-09-25,8897,ＭＩＲＡＲＴＨホールディングス,VERIFIED,,2026-09-25,452.0,472.0,598200.0,834325.0,0.7169867857249873,False,https://query1.finance.yahoo.com/v8/finance/chart/8897.T?range=3mo&interval=1d&events=history&includeAdjustedClose=false
2026-09-25,8919,カチタス,VERIFIED,,2026-09-25,3575.0,3890.0,127400.0,196225.0,0.6492546821251115,False,https://query1.finance.yahoo.com/v8/finance/chart/8919.T?range=3mo&interval=1d&events=history&includeAdjustedClose=false
2026-09-25,8923,トーセイ,VERIFIED,,2026-09-25,1722.0,1861.0,151800.0,186765.0,0.8127861215966589,False,https://query1.finance.yahoo.com/v8/finance/chart/8923.T?range=3mo&interval=1d&events=history&includeAdjustedClose=false
2026-09-25,8934,サンフロンティア不動産,VERIFIED,,2026-09-25,2408.0,2555.0,126400.0,127855.0,0.9886199210042627,False,https://query1.finance.yahoo.com/v8/finance/chart/8934.T?range=3mo&interval=1d&events=history&includeAdjustedClose=false
2026-09-25,8935,ＦＪネクストホールディングス,VERIFIED,,2026-09-25,2025.0,2085.0,76700.0,49820.0,1.539542352468888,False,https://query1.finance.yahoo.com/v8/finance/chart/8935.T?range=3mo&interval=1d&events=history&includeAdjustedClose=false
2026-09-25,8999,グランディハウス,VERIFIED,,2026-09-25,569.0,583.0,53300.0,46210.0,1.1534299935078987,False,https://query1.finance.yahoo.com/v8/finance/chart/8999.T?range=3mo&interval=1d&events=history&includeAdjustedClose=false
2026-09-25,9001,東武鉄道,VERIFIED,,2026-09-25,2970.0,3051.0,1047500.0,738735.0,1.4179644933568871,False,https://query1.finance.yahoo.com/v8/finance/chart/9001.T?range=3mo&interval=1d&events=history&includeAdjustedClose=false
2026-09-25,9003,相鉄ホールディングス,VERIFIED,,2026-09-25,2637.5,2690.0,832300.0,398595.0,2.0880843964425044,False,https://query1.finance.yahoo.com/v8/finance/chart/9003.T?range=3mo&interval=1d&events=history&includeAdjustedClose=false
2026-09-25,9005,東急,VERIFIED,,2026-09-25,1658.5,1707.5,2257700.0,2139550.0,1.0552218924540206,False,https://query1.finance.yahoo.com/v8/finance/chart/9005.T?range=3mo&interval=1d&events=history&includeAdjustedClose=false
2026-09-25,9006,京浜急行電鉄,VERIFIED,,2026-09-25,1550.0,1592.0,1266700.0,719820.0,1.7597454919285378,False,https://query1.finance.yahoo.com/v8/finance/chart/9006.T?range=3mo&interval=1d&events=history&includeAdjustedClose=false
2026-09-25,9007,小田急電鉄,VERIFIED,,2026-09-25,1782.5,1855.0,1757400.0,1267725.0,1.3862627935869372,False,https://query1.finance.yahoo.com/v8/finance/chart/9007.T?range=3mo&interval=1d&events=history&includeAdjustedClose=false
2026-09-25,9008,京王電鉄,VERIFIED,,2026-09-25,795.0999755859375,818.7000122070312,2685600.0,2267045.0,1.184625801428732,False,https://query1.finance.yahoo.com/v8/finance/chart/9008.T?range=3mo&interval=1d&events=history&includeAdjustedClose=false
2026-09-25,9009,京成電鉄,VERIFIED,,2026-09-25,1352.5,1426.5,1670900.0,1842055.0,0.9070847504553339,False,https://query1.finance.yahoo.com/v8/finance/chart/9009.T?range=3mo&interval=1d&events=history&includeAdjustedClose=false
2026-09-25,9010,富士急行,VERIFIED,,2026-09-25,2605.0,2831.0,222700.0,182185.0,1.2223838406015863,False,https://query1.finance.yahoo.com/v8/finance/chart/9010.T?range=3mo&interval=1d&events=history&includeAdjustedClose=false
2026-09-25,9020,東日本旅客鉄道,VERIFIED,,2026-09-25,3460.0,3666.0,3206000.0,2791565.0,1.1484597349515415,False,https://query1.finance.yahoo.com/v8/finance/chart/9020.T?range=3mo&interval=1d&events=history&includeAdjustedClose=false
2026-09-25,9021,西日本旅客鉄道,VERIFIED,,2026-09-25,3037.0,3102.0,1764400.0,1859505.0,0.948854668312266,False,https://query1.finance.yahoo.com/v8/finance/chart/9021.T?range=3mo&interval=1d&events=history&includeAdjustedClose=false
2026-09-25,9022,東海旅客鉄道,VERIFIED,,2026-09-25,3778.0,4043.0,2423600.0,2138515.0,1.133309796751484,False,https://query1.finance.yahoo.com/v8/finance/chart/9022.T?range=3mo&interval=1d&events=history&includeAdjustedClose=false
2026-09-25,9023,東京地下鉄,VERIFIED,,2026-09-25,1536.5,1572.0,2041100.0,1656450.0,1.2322134685622868,False,https://query1.finance.yahoo.com/v8/finance/chart/9023.T?range=3mo&interval=1d&events=history&includeAdjustedClose=false
2026-09-25,9024,西武ホールディングス,VERIFIED,,2026-09-25,3586.0,3658.0,1105900.0,1888455.0,0.5856109888771509,False,https://query1.finance.yahoo.com/v8/finance/chart/9024.T?range=3mo&interval=1d&events=history&includeAdjustedClose=false
2026-09-25,9025,鴻池運輸,VERIFIED,,2026-09-25,2949.0,2994.0,86300.0,82785.0,1.0424593827384188,False,https://query1.finance.yahoo.com/v8/finance/chart/9025.T?range=3mo&interval=1d&events=history&includeAdjustedClose=false
2026-09-25,9031,西日本鉄道,VERIFIED,,2026-09-25,3125.0,3197.0,745000.0,250760.0,2.9709682565002393,False,https://query1.finance.yahoo.com/v8/finance/chart/9031.T?range=3mo&interval=1d&events=history&includeAdjustedClose=false
2026-09-25,9037,ハマキョウレックス,VERIFIED,,2026-09-25,1878.0,1888.0,117200.0,104900.0,1.117254528122021,False,https://query1.finance.yahoo.com/v8/finance/chart/9037.T?range=3mo&interval=1d&events=history&includeAdjustedClose=false
2026-09-25,9039,サカイ引越センター,VERIFIED,,2026-09-25,3080.0,3075.0,132100.0,90425.0,1.460879181642245,False,https://query1.finance.yahoo.com/v8/finance/chart/9039.T?range=3mo&interval=1d&events=history&includeAdjustedClose=false
2026-09-25,9041,近鉄グループホールディングス,VERIFIED,,2026-09-25,3556.0,3593.0,1188900.0,682730.0,1.741391179529243,False,https://query1.finance.yahoo.com/v8/finance/chart/9041.T?range=3mo&interval=1d&events=history&includeAdjustedClose=false
2026-09-25,9042,阪急阪神ホールディングス,VERIFIED,,2026-09-25,4510.0,4812.0,1091000.0,798665.0,1.366029561831306,False,https://query1.finance.yahoo.com/v8/finance/chart/9042.T?range=3mo&interval=1d&events=history&includeAdjustedClose=false
2026-09-25,9044,ＮＡＮＫＡＩ,VERIFIED,,2026-09-25,3244.0,3246.0,1241200.0,423395.0,2.931541468368781,False,https://query1.finance.yahoo.com/v8/finance/chart/9044.T?range=3mo&interval=1d&events=history&includeAdjustedClose=false
2026-09-25,9045,京阪ホールディングス,VERIFIED,,2026-09-25,3217.0,3297.0,396800.0,278730.0,1.423599899544362,False,https://query1.finance.yahoo.com/v8/finance/chart/9045.T?range=3mo&interval=1d&events=history&includeAdjustedClose=false
2026-09-25,9048,名古屋鉄道,VERIFIED,,2026-09-25,1872.5,1924.5,2514700.0,796310.0,3.1579410028757646,False,https://query1.finance.yahoo.com/v8/finance/chart/9048.T?range=3mo&interval=1d&events=history&includeAdjustedClose=false
2026-09-25,9052,山陽電気鉄道,VERIFIED,,2026-09-25,2007.0,2057.0,47800.0,59655.0,0.8012739921213645,False,https://query1.finance.yahoo.com/v8/finance/chart/9052.T?range=3mo&interval=1d&events=history&includeAdjustedClose=false
2026-09-25,9064,ヤマトホールディングス,VERIFIED,,2026-09-25,2020.0,2022.5,1808900.0,1152150.0,1.570021264592284,False,https://query1.finance.yahoo.com/v8/finance/chart/9064.T?range=3mo&interval=1d&events=history&includeAdjustedClose=false
2026-09-25,9065,山九,VERIFIED,,2026-09-25,8224.0,8487.0,199000.0,210505.0,0.9453457162537707,False,https://query1.finance.yahoo.com/v8/finance/chart/9065.T?range=3mo&interval=1d&events=history&includeAdjustedClose=false
2026-09-25,9068,丸全昭和運輸,VERIFIED,,2026-09-25,7370.0,7540.0,20700.0,24035.0,0.861244019138756,False,https://query1.finance.yahoo.com/v8/finance/chart/9068.T?range=3mo&interval=1d&events=history&includeAdjustedClose=false
2026-09-25,9069,センコーグループホールディングス,VERIFIED,,2026-09-25,2380.5,2378.0,367400.0,355265.0,1.0341576006642927,False,https://query1.finance.yahoo.com/v8/finance/chart/9069.T?range=3mo&interval=1d&events=history&includeAdjustedClose=false
2026-09-25,9072,ニッコンホールディングス,VERIFIED,,2026-09-25,5125.0,5544.0,141300.0,195840.0,0.7215073529411765,False,https://query1.finance.yahoo.com/v8/finance/chart/9072.T?range=3mo&interval=1d&events=history&includeAdjustedClose=false
2026-09-25,9075,福山通運,VERIFIED,,2026-09-25,6340.0,6530.0,68300.0,76090.0,0.8976212380076225,False,https://query1.finance.yahoo.com/v8/finance/chart/9075.T?range=3mo&interval=1d&events=history&includeAdjustedClose=false
2026-09-25,9076,セイノーホールディングス,VERIFIED,,2026-09-25,2725.0,2846.0,303900.0,361360.0,0.8409895948638477,False,https://query1.finance.yahoo.com/v8/finance/chart/9076.T?range=3mo&interval=1d&events=history&includeAdjustedClose=false
2026-09-25,9081,神奈川中央交通,VERIFIED,,2026-09-25,4095.0,4100.0,19100.0,16235.0,1.1764705882352942,False,https://query1.finance.yahoo.com/v8/finance/chart/9081.T?range=3mo&interval=1d&events=history&includeAdjustedClose=false
2026-09-25,9090,ＡＺ－ＣＯＭ丸和ホールディングス,VERIFIED,,2026-09-25,904.0,920.0,685800.0,532470.0,1.2879598850639473,False,https://query1.finance.yahoo.com/v8/finance/chart/9090.T?range=3mo&interval=1d&events=history&includeAdjustedClose=false
2026-09-25,9101,日本郵船,VERIFIED,,2026-09-25,7365.0,7599.0,2138100.0,3098355.0,0.6900758628368925,False,https://query1.finance.yahoo.com/v8/finance/chart/9101.T?range=3mo&interval=1d&events=history&includeAdjustedClose=false
2026-09-25,9104,商船三井,VERIFIED,,2026-09-25,7106.0,7509.0,2549700.0,3179110.0,0.8020169166842293,False,https://query1.finance.yahoo.com/v8/finance/chart/9104.T?range=3mo&interval=1d&events=history&includeAdjustedClose=false
2026-09-25,9107,川崎汽船,VERIFIED,,2026-09-25,3451.0,3610.0,3478900.0,4624850.0,0.7522189908861909,False,https://query1.finance.yahoo.com/v8/finance/chart/9107.T?range=3mo&interval=1d&events=history&includeAdjustedClose=false
2026-09-25,9110,ＮＳユナイテッド海運,VERIFIED,,2026-09-25,10510.0,10540.0,122600.0,142625.0,0.8595968448729185,False,https://query1.finance.yahoo.com/v8/finance/chart/9110.T?range=3mo&interval=1d&events=history&includeAdjustedClose=false
2026-09-25,9119,飯野海運,VERIFIED,,2026-09-25,1766.0,1800.0,221500.0,280435.0,0.789844348957869,False,https://query1.finance.yahoo.com/v8/finance/chart/9119.T?range=3mo&interval=1d&events=history&includeAdjustedClose=false
2026-09-25,9142,九州旅客鉄道,VERIFIED,,2026-09-25,3539.0,3670.0,914800.0,803850.0,1.1380232630465883,False,https://query1.finance.yahoo.com/v8/finance/chart/9142.T?range=3mo&interval=1d&events=history&includeAdjustedClose=false
2026-09-25,9143,ＳＧホールディングス,VERIFIED,,2026-09-25,1500.0,1587.0,1368300.0,1448205.0,0.9448248003563031,False,https://query1.finance.yahoo.com/v8/finance/chart/9143.T?range=3mo&interval=1d&events=history&includeAdjustedClose=false
2026-09-25,9147,ＮＩＰＰＯＮ　ＥＸＰＲＥＳＳホールディングス,VERIFIED,,2026-09-25,5793.0,5866.0,1020900.0,1016010.0,1.0048129447544807,False,https://query1.finance.yahoo.com/v8/finance/chart/9147.T?range=3mo&interval=1d&events=history&includeAdjustedClose=false
2026-09-25,9201,日本航空,VERIFIED,,2026-09-25,3096.0,3107.0,1902300.0,1905700.0,0.9982158786797503,False,https://query1.finance.yahoo.com/v8/finance/chart/9201.T?range=3mo&interval=1d&events=history&includeAdjustedClose=false
2026-09-25,9202,ＡＮＡホールディングス,VERIFIED,,2026-09-25,3045.0,3087.0,2071000.0,2254845.0,0.9184666795278611,False,https://query1.finance.yahoo.com/v8/finance/chart/9202.T?range=3mo&interval=1d&events=history&includeAdjustedClose=false
2026-09-25,9216,ビーウィズ,VERIFIED,,2026-09-25,1704.0,1730.0,16100.0,20710.0,0.7774022211492033,False,https://query1.finance.yahoo.com/v8/finance/chart/9216.T?range=3mo&interval=1d&events=history&includeAdjustedClose=false
2026-09-25,9229,サンウェルズ,VERIFIED,,2026-09-25,110.0,126.0,273900.0,162455.0,1.686005355329168,False,https://query1.finance.yahoo.com/v8/finance/chart/9229.T?range=3mo&interval=1d&events=history&includeAdjustedClose=false
2026-09-25,9247,ＴＲＥホールディングス,VERIFIED,,2026-09-25,1807.0,1989.0,234400.0,258970.0,0.9051241456539367,False,https://query1.finance.yahoo.com/v8/finance/chart/9247.T?range=3mo&interval=1d&events=history&includeAdjustedClose=false
2026-09-25,9267,Ｇｅｎｋｙ　ＤｒｕｇＳｔｏｒｅｓ,VERIFIED,,2026-09-25,3475.0,3735.0,87400.0,69900.0,1.2503576537911303,False,https://query1.finance.yahoo.com/v8/finance/chart/9267.T?range=3mo&interval=1d&events=history&includeAdjustedClose=false
2026-09-25,9273,コーア商事ホールディングス,VERIFIED,,2026-09-25,751.0,783.0,52500.0,45975.0,1.1419249592169658,False,https://query1.finance.yahoo.com/v8/finance/chart/9273.T?range=3mo&interval=1d&events=history&includeAdjustedClose=false
2026-09-25,9274,ＫＰＰグループホールディングス,VERIFIED,,2026-09-25,1176.0,1162.0,634700.0,301625.0,2.104268545379196,False,https://query1.finance.yahoo.com/v8/finance/chart/9274.T?range=3mo&interval=1d&events=history&includeAdjustedClose=false
2026-09-25,9278,ブックオフグループホールディングス,VERIFIED,,2026-09-25,2833.0,3160.0,123700.0,104030.0,1.1890800730558493,False,https://query1.finance.yahoo.com/v8/finance/chart/9278.T?range=3mo&interval=1d&events=history&includeAdjustedClose=false
2026-09-25,9279,ギフトホールディングス,VERIFIED,,2026-09-25,1982.0,2615.0,265700.0,298040.0,0.8914910750234868,False,https://query1.finance.yahoo.com/v8/finance/chart/9279.T?range=3mo&interval=1d&events=history&includeAdjustedClose=false
2026-09-25,9301,三菱倉庫,VERIFIED,,2026-09-25,1584.5,1569.5,1262900.0,898755.0,1.4051660352376343,False,https://query1.finance.yahoo.com/v8/finance/chart/9301.T?range=3mo&interval=1d&events=history&includeAdjustedClose=false
2026-09-25,9302,三井倉庫ホールディングス,VERIFIED,,2026-09-25,3367.0,3431.0,229700.0,237080.0,0.9688712670828412,False,https://query1.finance.yahoo.com/v8/finance/chart/9302.T?range=3mo&interval=1d&events=history&includeAdjustedClose=false
2026-09-25,9303,住友倉庫,VERIFIED,,2026-09-25,4200.0,4285.0,99900.0,89660.0,1.1142092348873522,False,https://query1.finance.yahoo.com/v8/finance/chart/9303.T?range=3mo&interval=1d&events=history&includeAdjustedClose=false
2026-09-25,9304,澁澤倉庫,VERIFIED,,2026-09-25,2259.0,2184.0,237300.0,185155.0,1.2816289055115984,False,https://query1.finance.yahoo.com/v8/finance/chart/9304.T?range=3mo&interval=1d&events=history&includeAdjustedClose=false
2026-09-25,9305,ヤマタネ,VERIFIED,,2026-09-25,2126.0,2137.0,73900.0,56815.0,1.3007128399190355,False,https://query1.finance.yahoo.com/v8/finance/chart/9305.T?range=3mo&interval=1d&events=history&includeAdjustedClose=false
2026-09-25,9310,日本トランスシティ,VERIFIED,,2026-09-25,1462.0,1465.0,96700.0,96135.0,1.0058771519217766,False,https://query1.finance.yahoo.com/v8/finance/chart/9310.T?range=3mo&interval=1d&events=history&includeAdjustedClose=false
2026-09-25,9319,中央倉庫,VERIFIED,,2026-09-25,1800.0,1856.0,31200.0,23550.0,1.3248407643312101,False,https://query1.finance.yahoo.com/v8/finance/chart/9319.T?range=3mo&interval=1d&events=history&includeAdjustedClose=false
2026-09-25,9324,安田倉庫,VERIFIED,,2026-09-25,2798.0,2757.0,141400.0,92050.0,1.5361216730038023,False,https://query1.finance.yahoo.com/v8/finance/chart/9324.T?range=3mo&interval=1d&events=history&includeAdjustedClose=false
2026-09-25,9332,ＮＩＳＳＯホールディングス,VERIFIED,,2026-09-25,684.0,693.0,97300.0,119230.0,0.8160697810953619,False,https://query1.finance.yahoo.com/v8/finance/chart/9332.T?range=3mo&interval=1d&events=history&includeAdjustedClose=false
2026-09-25,9336,大栄環境,VERIFIED,,2026-09-25,3750.0,3980.0,166900.0,134760.0,1.238498070644108,False,https://query1.finance.yahoo.com/v8/finance/chart/9336.T?range=3mo&interval=1d&events=history&includeAdjustedClose=false
2026-09-25,9341,ＧＥＮＯＶＡ,VERIFIED,,2026-09-25,620.0,675.0,31900.0,78615.0,0.40577497932964446,False,https://query1.finance.yahoo.com/v8/finance/chart/9341.T?range=3mo&interval=1d&events=history&includeAdjustedClose=false
2026-09-25,9347,日本管財ホールディングス,VERIFIED,,2026-09-25,2947.0,3005.0,191000.0,113375.0,1.6846747519294376,False,https://query1.finance.yahoo.com/v8/finance/chart/9347.T?range=3mo&interval=1d&events=history&includeAdjustedClose=false
2026-09-25,9364,上組,VERIFIED,,2026-09-25,4916.0,4990.0,281800.0,282370.0,0.9979813719587775,False,https://query1.finance.yahoo.com/v8/finance/chart/9364.T?range=3mo&interval=1d&events=history&includeAdjustedClose=false
2026-09-25,9381,エーアイテイー,VERIFIED,,2026-09-25,2370.0,2397.0,18000.0,26085.0,0.6900517538815412,False,https://query1.finance.yahoo.com/v8/finance/chart/9381.T?range=3mo&interval=1d&events=history&includeAdjustedClose=false
2026-09-25,9401,ＴＢＳホールディングス,VERIFIED,,2026-09-25,5828.0,6102.0,272800.0,303330.0,0.8993505423136517,False,https://query1.finance.yahoo.com/v8/finance/chart/9401.T?range=3mo&interval=1d&events=history&includeAdjustedClose=false
2026-09-25,9404,日本テレビホールディングス,VERIFIED,,2026-09-25,2937.5,3108.0,494400.0,484680.0,1.0200544689279525,False,https://query1.finance.yahoo.com/v8/finance/chart/9404.T?range=3mo&interval=1d&events=history&includeAdjustedClose=false
2026-09-25,9405,朝日放送グループホールディングス,VERIFIED,,2026-09-25,864.0,891.0,57000.0,85730.0,0.6648781056806252,False,https://query1.finance.yahoo.com/v8/finance/chart/9405.T?range=3mo&interval=1d&events=history&includeAdjustedClose=false
2026-09-25,9409,テレビ朝日ホールディングス,VERIFIED,,2026-09-25,3110.0,3210.0,189000.0,201350.0,0.9386640178793146,False,https://query1.finance.yahoo.com/v8/finance/chart/9409.T?range=3mo&interval=1d&events=history&includeAdjustedClose=false
2026-09-25,9412,スカパーＪＳＡＴ,VERIFIED,,2026-09-25,2077.0,2222.0,1280900.0,1925300.0,0.6652989144548902,False,https://query1.finance.yahoo.com/v8/finance/chart/9412.T?range=3mo&interval=1d&events=history&includeAdjustedClose=false
2026-09-25,9413,テレビ東京ホールディングス,VERIFIED,,2026-09-25,3435.0,3525.0,41600.0,65380.0,0.6362802080146834,False,https://query1.finance.yahoo.com/v8/finance/chart/9413.T?range=3mo&interval=1d&events=history&includeAdjustedClose=false
2026-09-25,9416,ビジョン,VERIFIED,,2026-09-25,1079.0,1082.0,449200.0,250510.0,1.793141990339707,False,https://query1.finance.yahoo.com/v8/finance/chart/9416.T?range=3mo&interval=1d&events=history&includeAdjustedClose=false
2026-09-25,9418,Ｕ－ＮＥＸＴ　ＨＯＬＤＩＮＧＳ,VERIFIED,,2026-09-25,1798.0,1809.0,324500.0,693420.0,0.46797034986011365,False,https://query1.finance.yahoo.com/v8/finance/chart/9418.T?range=3mo&interval=1d&events=history&includeAdjustedClose=false
2026-09-25,9424,日本通信,VERIFIED,,2026-09-25,118.0,123.0,1782900.0,1971780.0,0.9042083802452606,False,https://query1.finance.yahoo.com/v8/finance/chart/9424.T?range=3mo&interval=1d&events=history&includeAdjustedClose=false
2026-09-25,9432,ＮＴＴ,VERIFIED,,2026-09-25,176.10000610351562,180.10000610351562,180233400.0,205527345.0,0.8769314856862477,False,https://query1.finance.yahoo.com/v8/finance/chart/9432.T?range=3mo&interval=1d&events=history&includeAdjustedClose=false
2026-09-25,9433,ＫＤＤＩ,VERIFIED,,2026-09-25,3039.0,3111.0,8776100.0,8414990.0,1.0429127069669721,False,https://query1.finance.yahoo.com/v8/finance/chart/9433.T?range=3mo&interval=1d&events=history&includeAdjustedClose=false
2026-09-25,9434,ソフトバンク,VERIFIED,,2026-09-25,245.89999389648438,252.89999389648438,74666600.0,74222130.0,1.0059883757041195,False,https://query1.finance.yahoo.com/v8/finance/chart/9434.T?range=3mo&interval=1d&events=history&includeAdjustedClose=false
2026-09-25,9435,光通信,VERIFIED,,2026-09-25,37990.0,40900.0,102500.0,69575.0,1.4732303269852678,False,https://query1.finance.yahoo.com/v8/finance/chart/9435.T?range=3mo&interval=1d&events=history&includeAdjustedClose=false
2026-09-25,9438,エムティーアイ,VERIFIED,,2026-09-25,608.0,635.0,21400.0,31470.0,0.6800127105179536,False,https://query1.finance.yahoo.com/v8/finance/chart/9438.T?range=3mo&interval=1d&events=history&includeAdjustedClose=false
2026-09-25,9449,ＧＭＯインターネットグループ,VERIFIED,,2026-09-25,3992.0,4277.0,275400.0,272035.0,1.012369731835977,False,https://query1.finance.yahoo.com/v8/finance/chart/9449.T?range=3mo&interval=1d&events=history&includeAdjustedClose=false
2026-09-25,9468,ＫＡＤＯＫＡＷＡ,VERIFIED,,2026-09-25,3665.0,3797.0,365600.0,354120.0,1.032418389246583,False,https://query1.finance.yahoo.com/v8/finance/chart/9468.T?range=3mo&interval=1d&events=history&includeAdjustedClose=false
2026-09-25,9470,学研ホールディングス,VERIFIED,,2026-09-25,1087.0,1077.0,471300.0,211885.0,2.2243197961158176,False,https://query1.finance.yahoo.com/v8/finance/chart/9470.T?range=3mo&interval=1d&events=history&includeAdjustedClose=false
2026-09-25,9474,ゼンリン,VERIFIED,,2026-09-25,932.0,939.0,159100.0,181700.0,0.8756191524490919,False,https://query1.finance.yahoo.com/v8/finance/chart/9474.T?range=3mo&interval=1d&events=history&includeAdjustedClose=false
2026-09-25,9501,東京電力ホールディングス,VERIFIED,,2026-09-25,522.0999755859375,584.0999755859375,34331100.0,39464420.0,0.8699253656838235,False,https://query1.finance.yahoo.com/v8/finance/chart/9501.T?range=3mo&interval=1d&events=history&includeAdjustedClose=false
2026-09-25,9502,中部電力,VERIFIED,,2026-09-25,2839.0,3112.0,3614100.0,3163310.0,1.142505792982667,False,https://query1.finance.yahoo.com/v8/finance/chart/9502.T?range=3mo&interval=1d&events=history&includeAdjustedClose=false
2026-09-25,9503,関西電力,VERIFIED,,2026-09-25,2760.0,3053.0,5521800.0,4827950.0,1.14371524145859,False,https://query1.finance.yahoo.com/v8/finance/chart/9503.T?range=3mo&interval=1d&events=history&includeAdjustedClose=false
2026-09-25,9504,中国電力,VERIFIED,,2026-09-25,1050.5,1133.0,1743700.0,2349540.0,0.7421452709892149,False,https://query1.finance.yahoo.com/v8/finance/chart/9504.T?range=3mo&interval=1d&events=history&includeAdjustedClose=false
2026-09-25,9505,北陸電力,VERIFIED,,2026-09-25,1133.0,1179.5,1045900.0,1108080.0,0.943884918056458,False,https://query1.finance.yahoo.com/v8/finance/chart/9505.T?range=3mo&interval=1d&events=history&includeAdjustedClose=false
2026-09-25,9506,東北電力,VERIFIED,,2026-09-25,1329.5,1472.0,3879400.0,4334415.0,0.8950227424000702,False,https://query1.finance.yahoo.com/v8/finance/chart/9506.T?range=3mo&interval=1d&events=history&includeAdjustedClose=false
2026-09-25,9507,四国電力,VERIFIED,,2026-09-25,2117.0,2298.5,1106400.0,1363770.0,0.8112804945115378,False,https://query1.finance.yahoo.com/v8/finance/chart/9507.T?range=3mo&interval=1d&events=history&includeAdjustedClose=false
2026-09-25,9508,九州電力,VERIFIED,,2026-09-25,2061.5,2233.5,1986100.0,2323765.0,0.8546905560588097,False,https://query1.finance.yahoo.com/v8/finance/chart/9508.T?range=3mo&interval=1d&events=history&includeAdjustedClose=false
2026-09-25,9509,北海道電力,VERIFIED,,2026-09-25,1115.5,1173.5,1727900.0,2333810.0,0.7403773229183181,False,https://query1.finance.yahoo.com/v8/finance/chart/9509.T?range=3mo&interval=1d&events=history&includeAdjustedClose=false
2026-09-25,9511,沖縄電力,VERIFIED,,2026-09-25,1214.0,1243.0,166900.0,267500.0,0.6239252336448599,False,https://query1.finance.yahoo.com/v8/finance/chart/9511.T?range=3mo&interval=1d&events=history&includeAdjustedClose=false
2026-09-25,9513,電源開発,VERIFIED,,2026-09-25,4109.0,4279.0,583000.0,510685.0,1.1416039241411047,False,https://query1.finance.yahoo.com/v8/finance/chart/9513.T?range=3mo&interval=1d&events=history&includeAdjustedClose=false
2026-09-25,9517,イーレックス,VERIFIED,,2026-09-25,837.0,897.0,221100.0,170710.0,1.2951789584675766,False,https://query1.finance.yahoo.com/v8/finance/chart/9517.T?range=3mo&interval=1d&events=history&includeAdjustedClose=false
2026-09-25,9519,レノバ,VERIFIED,,2026-09-25,852.0,984.0,694500.0,888460.0,0.7816896652634896,False,https://query1.finance.yahoo.com/v8/finance/chart/9519.T?range=3mo&interval=1d&events=history&includeAdjustedClose=false
2026-09-25,9531,東京瓦斯,VERIFIED,,2026-09-25,6226.0,6515.0,917700.0,984355.0,0.9322856083425187,False,https://query1.finance.yahoo.com/v8/finance/chart/9531.T?range=3mo&interval=1d&events=history&includeAdjustedClose=false
2026-09-25,9532,大阪瓦斯,VERIFIED,,2026-09-25,5863.0,6259.0,1001600.0,1026870.0,0.9753912374497259,False,https://query1.finance.yahoo.com/v8/finance/chart/9532.T?range=3mo&interval=1d&events=history&includeAdjustedClose=false
2026-09-25,9533,東邦瓦斯,VERIFIED,,2026-09-25,1263.0,1348.5,955300.0,850290.0,1.1234990415034871,False,https://query1.finance.yahoo.com/v8/finance/chart/9533.T?range=3mo&interval=1d&events=history&includeAdjustedClose=false
2026-09-25,9534,北海道瓦斯,VERIFIED,,2026-09-25,932.0,972.0,208700.0,312430.0,0.6679896296770477,False,https://query1.finance.yahoo.com/v8/finance/chart/9534.T?range=3mo&interval=1d&events=history&includeAdjustedClose=false
2026-09-25,9535,広島ガス,VERIFIED,,2026-09-25,444.0,453.0,77200.0,87105.0,0.8862866655186269,False,https://query1.finance.yahoo.com/v8/finance/chart/9535.T?range=3mo&interval=1d&events=history&includeAdjustedClose=false
2026-09-25,9536,西部ガスホールディングス,VERIFIED,,2026-09-25,2664.0,2695.0,206800.0,184040.0,1.1236687676592045,False,https://query1.finance.yahoo.com/v8/finance/chart/9536.T?range=3mo&interval=1d&events=history&includeAdjustedClose=false
2026-09-25,9543,静岡ガス,VERIFIED,,2026-09-25,1370.0,1410.0,241600.0,159465.0,1.5150660019440003,False,https://query1.finance.yahoo.com/v8/finance/chart/9543.T?range=3mo&interval=1d&events=history&includeAdjustedClose=false
2026-09-25,9551,メタウォーター,VERIFIED,,2026-09-25,3135.0,3210.0,92000.0,98545.0,0.9335836419909685,False,https://query1.finance.yahoo.com/v8/finance/chart/9551.T?range=3mo&interval=1d&events=history&includeAdjustedClose=false
2026-09-25,9552,クオンツ総研ホールディングス,VERIFIED,,2026-09-25,1025.0,1223.0,212900.0,341305.0,0.6237822475498455,False,https://query1.finance.yahoo.com/v8/finance/chart/9552.T?range=3mo&interval=1d&events=history&includeAdjustedClose=false
2026-09-25,9601,松竹,VERIFIED,,2026-09-25,10880.0,11300.0,25000.0,64300.0,0.38880248833592534,False,https://query1.finance.yahoo.com/v8/finance/chart/9601.T?range=3mo&interval=1d&events=history&includeAdjustedClose=false
2026-09-25,9602,東宝,VERIFIED,,2026-09-25,1580.0,1676.0,2436100.0,3418755.0,0.7125693417633028,False,https://query1.finance.yahoo.com/v8/finance/chart/9602.T?range=3mo&interval=1d&events=history&includeAdjustedClose=false
2026-09-25,9603,エイチ・アイ・エス,VERIFIED,,2026-09-25,1121.0,1223.0,555400.0,465050.0,1.194280184926352,False,https://query1.finance.yahoo.com/v8/finance/chart/9603.T?range=3mo&interval=1d&events=history&includeAdjustedClose=false
2026-09-25,9605,東映,VERIFIED,,2026-09-25,6000.0,6210.0,64400.0,54725.0,1.176793056190041,False,https://query1.finance.yahoo.com/v8/finance/chart/9605.T?range=3mo&interval=1d&events=history&includeAdjustedClose=false
2026-09-25,9612,ラックランド,VERIFIED,,2026-09-25,1257.0,1279.0,50400.0,49435.0,1.0195205825831901,False,https://query1.finance.yahoo.com/v8/finance/chart/9612.T?range=3mo&interval=1d&events=history&includeAdjustedClose=false
2026-09-25,9616,共立メンテナンス,VERIFIED,,2026-09-25,3258.0,3478.0,1058200.0,821925.0,1.287465401344405,False,https://query1.finance.yahoo.com/v8/finance/chart/9616.T?range=3mo&interval=1d&events=history&includeAdjustedClose=false
2026-09-25,9619,イチネンホールディングス,VERIFIED,,2026-09-25,2762.0,2763.0,37400.0,32450.0,1.152542372881356,False,https://query1.finance.yahoo.com/v8/finance/chart/9619.T?range=3mo&interval=1d&events=history&includeAdjustedClose=false
2026-09-25,9621,建設技術研究所,VERIFIED,,2026-09-25,3295.0,3345.0,87600.0,63625.0,1.3768172888015717,False,https://query1.finance.yahoo.com/v8/finance/chart/9621.T?range=3mo&interval=1d&events=history&includeAdjustedClose=false
2026-09-25,9622,スペース,VERIFIED,,2026-09-25,1452.0,1483.0,67000.0,34910.0,1.9192208536236035,False,https://query1.finance.yahoo.com/v8/finance/chart/9622.T?range=3mo&interval=1d&events=history&includeAdjustedClose=false
2026-09-25,9627,アインホールディングス,VERIFIED,,2026-09-25,5463.0,6286.0,203200.0,133575.0,1.5212427475201198,False,https://query1.finance.yahoo.com/v8/finance/chart/9627.T?range=3mo&interval=1d&events=history&includeAdjustedClose=false
2026-09-25,9628,燦ホールディングス,VERIFIED,,2026-09-25,1365.0,1407.0,86800.0,77665.0,1.117620549797206,False,https://query1.finance.yahoo.com/v8/finance/chart/9628.T?range=3mo&interval=1d&events=history&includeAdjustedClose=false
2026-09-25,9629,ピー・シー・エー,VERIFIED,,2026-09-25,1594.0,1699.0,27100.0,29620.0,0.9149223497636731,False,https://query1.finance.yahoo.com/v8/finance/chart/9629.T?range=3mo&interval=1d&events=history&includeAdjustedClose=false
2026-09-25,9644,タナベコンサルティンググループ,VERIFIED,,2026-09-25,759.0,782.0,66800.0,72245.0,0.9246314623849401,False,https://query1.finance.yahoo.com/v8/finance/chart/9644.T?range=3mo&interval=1d&events=history&includeAdjustedClose=false
2026-09-25,9658,ビジネスブレイン太田昭和,VERIFIED,,2026-09-25,1144.0,1136.0,130900.0,86910.0,1.506155793349442,False,https://query1.finance.yahoo.com/v8/finance/chart/9658.T?range=3mo&interval=1d&events=history&includeAdjustedClose=false
2026-09-25,9663,ナガワ,VERIFIED,,2026-09-25,4900.0,5280.0,39800.0,34605.0,1.1501228146221645,False,https://query1.finance.yahoo.com/v8/finance/chart/9663.T?range=3mo&interval=1d&events=history&includeAdjustedClose=false
2026-09-25,9672,東京都競馬,VERIFIED,,2026-09-25,4900.0,5160.0,65300.0,48695.0,1.3410001026799465,False,https://query1.finance.yahoo.com/v8/finance/chart/9672.T?range=3mo&interval=1d&events=history&includeAdjustedClose=false
2026-09-25,9678,カナモト,VERIFIED,,2026-09-25,5500.0,5760.0,162200.0,93580.0,1.7332763410985252,False,https://query1.finance.yahoo.com/v8/finance/chart/9678.T?range=3mo&interval=1d&events=history&includeAdjustedClose=false
2026-09-25,9682,ＤＴＳ,VERIFIED,,2026-09-25,1152.0,1160.0,919600.0,501900.0,1.832237497509464,False,https://query1.finance.yahoo.com/v8/finance/chart/9682.T?range=3mo&interval=1d&events=history&includeAdjustedClose=false
2026-09-25,9684,スクウェア・エニックス・ホールディングス,VERIFIED,,2026-09-25,2958.0,3294.0,874400.0,1375660.0,0.6356221740837126,False,https://query1.finance.yahoo.com/v8/finance/chart/9684.T?range=3mo&interval=1d&events=history&includeAdjustedClose=false
2026-09-25,9692,シーイーシー,VERIFIED,,2026-09-25,2231.0,2579.0,152200.0,131210.0,1.1599725630668394,False,https://query1.finance.yahoo.com/v8/finance/chart/9692.T?range=3mo&interval=1d&events=history&includeAdjustedClose=false
2026-09-25,9697,カプコン,VERIFIED,,2026-09-25,4415.0,4499.0,2316500.0,2549355.0,0.9086612103845875,False,https://query1.finance.yahoo.com/v8/finance/chart/9697.T?range=3mo&interval=1d&events=history&includeAdjustedClose=false
2026-09-25,9699,ニシオホールディングス,VERIFIED,,2026-09-25,4685.0,4775.0,64700.0,66005.0,0.9802287705476858,False,https://query1.finance.yahoo.com/v8/finance/chart/9699.T?range=3mo&interval=1d&events=history&includeAdjustedClose=false
2026-09-25,9702,アイ・エス・ビー,VERIFIED,,2026-09-25,2447.0,2500.0,33700.0,18545.0,1.817201401995147,False,https://query1.finance.yahoo.com/v8/finance/chart/9702.T?range=3mo&interval=1d&events=history&includeAdjustedClose=false
2026-09-25,9706,日本空港ビルデング,VERIFIED,,2026-09-25,5545.0,6009.0,681200.0,1241805.0,0.5485563353344527,False,https://query1.finance.yahoo.com/v8/finance/chart/9706.T?range=3mo&interval=1d&events=history&includeAdjustedClose=false
2026-09-25,9715,トランス・コスモス,VERIFIED,,2026-09-25,3580.0,3770.0,120300.0,112910.0,1.0654503586927642,False,https://query1.finance.yahoo.com/v8/finance/chart/9715.T?range=3mo&interval=1d&events=history&includeAdjustedClose=false
2026-09-25,9716,乃村工藝社,VERIFIED,,2026-09-25,1237.0,1301.0,310900.0,313740.0,0.9909479186587621,False,https://query1.finance.yahoo.com/v8/finance/chart/9716.T?range=3mo&interval=1d&events=history&includeAdjustedClose=false
2026-09-25,9722,藤田観光,VERIFIED,,2026-09-25,2734.0,3160.0,416800.0,357905.0,1.1645548399715009,False,https://query1.finance.yahoo.com/v8/finance/chart/9722.T?range=3mo&interval=1d&events=history&includeAdjustedClose=false
2026-09-25,9729,トーカイ,VERIFIED,,2026-09-25,2575.0,2641.0,32900.0,33835.0,0.9723658933057485,False,https://query1.finance.yahoo.com/v8/finance/chart/9729.T?range=3mo&interval=1d&events=history&includeAdjustedClose=false
2026-09-25,9735,セコム,VERIFIED,,2026-09-25,6392.0,6560.0,1266500.0,1221445.0,1.0368866383668525,False,https://query1.finance.yahoo.com/v8/finance/chart/9735.T?range=3mo&interval=1d&events=history&includeAdjustedClose=false
2026-09-25,9739,ＮＳＷ,VERIFIED,,2026-09-25,2691.0,2831.0,34800.0,28380.0,1.2262156448202959,False,https://query1.finance.yahoo.com/v8/finance/chart/9739.T?range=3mo&interval=1d&events=history&includeAdjustedClose=false
2026-09-25,9740,セントラル警備保障,VERIFIED,,2026-09-25,2684.0,2833.0,27000.0,23170.0,1.1652999568407423,False,https://query1.finance.yahoo.com/v8/finance/chart/9740.T?range=3mo&interval=1d&events=history&includeAdjustedClose=false
2026-09-25,9742,アイネス,VERIFIED,,2026-09-25,2297.0,2527.0,42900.0,30030.0,1.4285714285714286,False,https://query1.finance.yahoo.com/v8/finance/chart/9742.T?range=3mo&interval=1d&events=history&includeAdjustedClose=false
2026-09-25,9743,丹青社,VERIFIED,,2026-09-25,1445.0,1547.0,284500.0,340035.0,0.8366785772052877,False,https://query1.finance.yahoo.com/v8/finance/chart/9743.T?range=3mo&interval=1d&events=history&includeAdjustedClose=false
2026-09-25,9744,メイテックグループホールディングス,VERIFIED,,2026-09-25,3503.0,3492.0,662500.0,420380.0,1.575955088253485,False,https://query1.finance.yahoo.com/v8/finance/chart/9744.T?range=3mo&interval=1d&events=history&includeAdjustedClose=false
2026-09-25,9746,ＴＫＣ,VERIFIED,,2026-09-25,4120.0,4185.0,64400.0,68175.0,0.9446277961129447,False,https://query1.finance.yahoo.com/v8/finance/chart/9746.T?range=3mo&interval=1d&events=history&includeAdjustedClose=false
2026-09-25,9755,応用地質,VERIFIED,,2026-09-25,2863.0,2910.0,41200.0,58705.0,0.7018141555233796,False,https://query1.finance.yahoo.com/v8/finance/chart/9755.T?range=3mo&interval=1d&events=history&includeAdjustedClose=false
2026-09-25,9757,船井総研ホールディングス,VERIFIED,,2026-09-25,1191.0,1197.0,191600.0,262850.0,0.7289328514361804,False,https://query1.finance.yahoo.com/v8/finance/chart/9757.T?range=3mo&interval=1d&events=history&includeAdjustedClose=false
2026-09-25,9759,ＮＳＤ,VERIFIED,,2026-09-25,2936.5,2996.5,441900.0,264570.0,1.6702573987980496,False,https://query1.finance.yahoo.com/v8/finance/chart/9759.T?range=3mo&interval=1d&events=history&includeAdjustedClose=false
2026-09-25,9765,オオバ,VERIFIED,,2026-09-25,1207.0,1197.0,40600.0,12975.0,3.1290944123314066,True,https://query1.finance.yahoo.com/v8/finance/chart/9765.T?range=3mo&interval=1d&events=history&includeAdjustedClose=false
2026-09-25,9766,コナミグループ,VERIFIED,,2026-09-25,21270.0,22545.0,441000.0,439195.0,1.0041097917781396,False,https://query1.finance.yahoo.com/v8/finance/chart/9766.T?range=3mo&interval=1d&events=history&includeAdjustedClose=false
2026-09-25,9769,学究社,VERIFIED,,2026-09-25,2619.0,2670.0,14300.0,13330.0,1.072768192048012,False,https://query1.finance.yahoo.com/v8/finance/chart/9769.T?range=3mo&interval=1d&events=history&includeAdjustedClose=false
2026-09-25,9788,ナック,VERIFIED,,2026-09-25,520.0,530.0,36700.0,48185.0,0.7616478157102833,False,https://query1.finance.yahoo.com/v8/finance/chart/9788.T?range=3mo&interval=1d&events=history&includeAdjustedClose=false
2026-09-25,9790,福井コンピュータホールディングス,VERIFIED,,2026-09-25,3060.0,3160.0,22500.0,31390.0,0.7167887862376553,False,https://query1.finance.yahoo.com/v8/finance/chart/9790.T?range=3mo&interval=1d&events=history&includeAdjustedClose=false
2026-09-25,9793,ダイセキ,VERIFIED,,2026-09-25,3675.0,3905.0,123800.0,121040.0,1.0228023793787178,False,https://query1.finance.yahoo.com/v8/finance/chart/9793.T?range=3mo&interval=1d&events=history&includeAdjustedClose=false
2026-09-25,9795,ステップ,VERIFIED,,2026-09-25,2283.0,2338.0,46800.0,17620.0,2.656072644721907,False,https://query1.finance.yahoo.com/v8/finance/chart/9795.T?range=3mo&interval=1d&events=history&includeAdjustedClose=false
2026-09-25,9824,泉州電業,VERIFIED,,2026-09-25,7930.0,8150.0,84400.0,73435.0,1.14931572138626,False,https://query1.finance.yahoo.com/v8/finance/chart/9824.T?range=3mo&interval=1d&events=history&includeAdjustedClose=false
2026-09-25,9830,トラスコ中山,VERIFIED,,2026-09-25,2448.0,2457.0,124500.0,96905.0,1.2847634280996854,False,https://query1.finance.yahoo.com/v8/finance/chart/9830.T?range=3mo&interval=1d&events=history&includeAdjustedClose=false
2026-09-25,9831,ヤマダホールディングス,VERIFIED,,2026-09-25,719.5,730.4000244140625,6065600.0,4123010.0,1.471158207232095,False,https://query1.finance.yahoo.com/v8/finance/chart/9831.T?range=3mo&interval=1d&events=history&includeAdjustedClose=false
2026-09-25,9832,オートバックスセブン,VERIFIED,,2026-09-25,1620.0,1632.0,622100.0,320780.0,1.9393353700355385,False,https://query1.finance.yahoo.com/v8/finance/chart/9832.T?range=3mo&interval=1d&events=history&includeAdjustedClose=false
2026-09-25,9837,モリト,VERIFIED,,2026-09-25,1836.0,1853.0,70500.0,47345.0,1.4890695955222304,False,https://query1.finance.yahoo.com/v8/finance/chart/9837.T?range=3mo&interval=1d&events=history&includeAdjustedClose=false
2026-09-25,9842,アークランズ,VERIFIED,,2026-09-25,1896.0,1938.0,119200.0,374705.0,0.31811691864266556,False,https://query1.finance.yahoo.com/v8/finance/chart/9842.T?range=3mo&interval=1d&events=history&includeAdjustedClose=false
2026-09-25,9843,ニトリホールディングス,VERIFIED,,2026-09-25,3075.0,3435.0,4181700.0,3776850.0,1.1071925016879145,False,https://query1.finance.yahoo.com/v8/finance/chart/9843.T?range=3mo&interval=1d&events=history&includeAdjustedClose=false
2026-09-25,9850,グルメ杵屋,VERIFIED,,2026-09-25,988.0,999.0,54600.0,40200.0,1.3582089552238805,False,https://query1.finance.yahoo.com/v8/finance/chart/9850.T?range=3mo&interval=1d&events=history&includeAdjustedClose=false
2026-09-25,9861,吉野家ホールディングス,VERIFIED,,2026-09-25,3585.0,3910.0,322900.0,531865.0,0.6071089468192117,False,https://query1.finance.yahoo.com/v8/finance/chart/9861.T?range=3mo&interval=1d&events=history&includeAdjustedClose=false
2026-09-25,9869,加藤産業,VERIFIED,,2026-09-25,6850.0,6920.0,44900.0,32505.0,1.3813259498538686,False,https://query1.finance.yahoo.com/v8/finance/chart/9869.T?range=3mo&interval=1d&events=history&includeAdjustedClose=false
2026-09-25,9880,イノテック,VERIFIED,,2026-09-25,3565.0,3710.0,102800.0,142165.0,0.7231034361481378,False,https://query1.finance.yahoo.com/v8/finance/chart/9880.T?range=3mo&interval=1d&events=history&includeAdjustedClose=false
2026-09-25,9882,イエローハット,VERIFIED,,2026-09-25,1745.0,1817.0,238400.0,180870.0,1.3180737546303976,False,https://query1.finance.yahoo.com/v8/finance/chart/9882.T?range=3mo&interval=1d&events=history&includeAdjustedClose=false
2026-09-25,9887,松屋フーズホールディングス,VERIFIED,,2026-09-25,5130.0,5430.0,92400.0,62220.0,1.485053037608486,False,https://query1.finance.yahoo.com/v8/finance/chart/9887.T?range=3mo&interval=1d&events=history&includeAdjustedClose=false
2026-09-25,9889,ＪＢＣＣホールディングス,VERIFIED,,2026-09-25,1690.0,1801.0,164300.0,166555.0,0.986460928822311,False,https://query1.finance.yahoo.com/v8/finance/chart/9889.T?range=3mo&interval=1d&events=history&includeAdjustedClose=false
2026-09-25,9900,サガミホールディングス,VERIFIED,,2026-09-25,1108.0,1186.0,342300.0,276910.0,1.2361417066917049,False,https://query1.finance.yahoo.com/v8/finance/chart/9900.T?range=3mo&interval=1d&events=history&includeAdjustedClose=false
2026-09-25,9902,日伝,VERIFIED,,2026-09-25,3265.0,3325.0,111800.0,66935.0,1.6702771345335026,False,https://query1.finance.yahoo.com/v8/finance/chart/9902.T?range=3mo&interval=1d&events=history&includeAdjustedClose=false
2026-09-25,9928,ミロク情報サービス,VERIFIED,,2026-09-25,2086.0,2107.0,82100.0,46900.0,1.7505330490405118,False,https://query1.finance.yahoo.com/v8/finance/chart/9928.T?range=3mo&interval=1d&events=history&includeAdjustedClose=false
2026-09-25,9932,杉本商事,VERIFIED,,2026-09-25,1334.0,1360.0,48300.0,27600.0,1.75,False,https://query1.finance.yahoo.com/v8/finance/chart/9932.T?range=3mo&interval=1d&events=history&includeAdjustedClose=false
2026-09-25,9934,因幡電機産業,VERIFIED,,2026-09-25,3138.0,3170.0,180200.0,221120.0,0.8149421128798843,False,https://query1.finance.yahoo.com/v8/finance/chart/9934.T?range=3mo&interval=1d&events=history&includeAdjustedClose=false
2026-09-25,9936,王将フードサービス,VERIFIED,,2026-09-25,2926.0,3030.0,234000.0,271770.0,0.861022187879457,False,https://query1.finance.yahoo.com/v8/finance/chart/9936.T?range=3mo&interval=1d&events=history&includeAdjustedClose=false
2026-09-25,9946,ミニストップ,VERIFIED,,2026-09-25,1787.0,1884.0,35500.0,93270.0,0.3806154176048033,False,https://query1.finance.yahoo.com/v8/finance/chart/9946.T?range=3mo&interval=1d&events=history&includeAdjustedClose=false
2026-09-25,9948,アークス,VERIFIED,,2026-09-25,3735.0,3835.0,79600.0,123085.0,0.6467075598163871,False,https://query1.finance.yahoo.com/v8/finance/chart/9948.T?range=3mo&interval=1d&events=history&includeAdjustedClose=false
2026-09-25,9956,バローホールディングス,VERIFIED,,2026-09-25,3370.0,3455.0,151900.0,179250.0,0.8474198047419804,False,https://query1.finance.yahoo.com/v8/finance/chart/9956.T?range=3mo&interval=1d&events=history&includeAdjustedClose=false
2026-09-25,9960,東テク,VERIFIED,,2026-09-25,4400.0,4445.0,96900.0,89415.0,1.0837107867807414,False,https://query1.finance.yahoo.com/v8/finance/chart/9960.T?range=3mo&interval=1d&events=history&includeAdjustedClose=false
2026-09-25,9962,ミスミグループ本社,VERIFIED,,2026-09-25,3919.0,3841.0,2142200.0,1274995.0,1.6801634516213788,False,https://query1.finance.yahoo.com/v8/finance/chart/9962.T?range=3mo&interval=1d&events=history&includeAdjustedClose=false
2026-09-25,9974,ベルク,VERIFIED,,2026-09-25,6840.0,7110.0,36500.0,28890.0,1.2634129456559362,False,https://query1.finance.yahoo.com/v8/finance/chart/9974.T?range=3mo&interval=1d&events=history&includeAdjustedClose=false
2026-09-25,9983,ファーストリテイリング,VERIFIED,,2026-09-25,68620.0,73430.0,756200.0,1010785.0,0.74813140282058,False,https://query1.finance.yahoo.com/v8/finance/chart/9983.T?range=3mo&interval=1d&events=history&includeAdjustedClose=false
2026-09-25,9984,ソフトバンクグループ,VERIFIED,,2026-09-25,6150.0,6959.0,62333000.0,61713590.0,1.0100368492579996,False,https://query1.finance.yahoo.com/v8/finance/chart/9984.T?range=3mo&interval=1d&events=history&includeAdjustedClose=false
2026-09-25,9987,スズケン,VERIFIED,,2026-09-25,5386.0,5418.0,202900.0,174280.0,1.1642184989671793,False,https://query1.finance.yahoo.com/v8/finance/chart/9987.T?range=3mo&interval=1d&events=history&includeAdjustedClose=false
2026-09-25,9989,サンドラッグ,VERIFIED,,2026-09-25,3668.0,3800.0,498000.0,544485.0,0.9146257472657648,False,https://query1.finance.yahoo.com/v8/finance/chart/9989.T?range=3mo&interval=1d&events=history&includeAdjustedClose=false
2026-09-25,9990,サックスバー　ホールディングス,VERIFIED,,2026-09-25,767.0,769.0,59700.0,50505.0,1.1820611820611822,False,https://query1.finance.yahoo.com/v8/finance/chart/9990.T?range=3mo&interval=1d&events=history&includeAdjustedClose=false
2026-09-25,9991,ジェコス,VERIFIED,,2026-09-25,1830.0,1830.0,28400.0,34175.0,0.831016825164594,False,https://query1.finance.yahoo.com/v8/finance/chart/9991.T?range=3mo&interval=1d&events=history&includeAdjustedClose=false
2026-09-25,9997,ベルーナ,VERIFIED,,2026-09-25,1103.0,1092.0,762100.0,268415.0,2.839260100963061,True,https://query1.finance.yahoo.com/v8/finance/chart/9997.T?range=3mo&interval=1d&events=history&includeAdjustedClose=false
